locality_id,locality_name,kalpi_id,kalpi_address,kalpi_location,coordinates
3000,ירושלים,1,"מעגלי הרי""ם לוין,27 ","ביה""ס בית יעקב הצפון (סנהדריה)","(31.8033163, 35.2167565)"
3000,ירושלים,2,"שמואל הנביא,85 ","ת""ת שערי תורה (למען אחי)","(31.7944558, 35.2207062)"
3000,ירושלים,3,"מגן האלף,1 ",סמינר בית יעקב - עטרת חן,"(31.7948537, 35.2230044)"
3000,ירושלים,4,"פישל אהרן,29 ","ת""ת זיכרו תורת משה",
3000,ירושלים,5,"שבטי ישראל,27 ",משרד החינוך,"(31.7841826, 35.2247057)"
3000,ירושלים,6,"מגן האלף,1 ",סמינר בית יעקב - עטרת חן,"(31.7948537, 35.2230044)"
3000,ירושלים,7,"נטר,40 ","בי""ס יסודי בית מרגלית","(31.795117, 35.2248962)"
3000,ירושלים,8,"מגן האלף,3 ","מרכז קהילתי ""אשכולות""","(31.7948537, 35.2230044)"
3000,ירושלים,9,"מגן האלף,1 ",סמינר בית יעקב - עטרת חן,"(31.7948537, 35.2230044)"
3000,ירושלים,10,"מגן האלף,3 ","מרכז קהילתי ""אשכולות""","(31.7948537, 35.2230044)"
3000,ירושלים,11,"שמעון הצדיק,23 ","בי""ס חב""ד בית חנה","(31.7937506, 35.2246553)"
3000,ירושלים,12,"שמעון הצדיק,23 ","בי""ס חב""ד בית חנה","(31.7937506, 35.2246553)"
3000,ירושלים,13,"שמעון הצדיק,23 ","בי""ס חב""ד בית חנה","(31.7937506, 35.2246553)"
3000,ירושלים,14,"שמעון הצדיק,23 ","בי""ס חב""ד בית חנה","(31.7937506, 35.2246553)"
3000,ירושלים,15,"שבטי ישראל,22 ",מנהל קהילתי מורשה,"(31.7823563, 35.2246527)"
3000,ירושלים,16,"הנביאים,42 ","בי""ס אורט אולייסקי","(31.784326, 35.2225869)"
3000,ירושלים,17,"הנביאים,42 ","בי""ס אורט אולייסקי","(31.784326, 35.2225869)"
3000,ירושלים,18,"שבטי ישראל,27 ",משרד החינוך,"(31.7841826, 35.2247057)"
3000,ירושלים,19,"מגן האלף,3 ","מרכז קהילתי ""אשכולות""","(31.7948537, 35.2230044)"
3000,ירושלים,20,"אביגדורי,4 ","בי""ס בנות - דחסידי באיאן רוזין","(31.7854221, 35.2193176)"
3000,ירושלים,21,"מגן האלף,3 ","מרכז קהילתי ""אשכולות""","(31.7948537, 35.2230044)"
3000,ירושלים,22,"שמואל הנביא,85 ","ת""ת שערי תורה (למען אחי)","(31.7944558, 35.2207062)"
3000,ירושלים,23,"שמואל הנביא,85 ","ת""ת שערי תורה (למען אחי)","(31.7944558, 35.2207062)"
3000,ירושלים,24,"מגן האלף,3 ","מרכז קהילתי ""אשכולות""","(31.7948537, 35.2230044)"
3000,ירושלים,25,"מגן האלף,1 ",סמינר בית יעקב - עטרת חן,"(31.7948537, 35.2230044)"
3000,ירושלים,26,"נטר,40 ","בי""ס יסודי בית מרגלית","(31.795117, 35.2248962)"
3000,ירושלים,27,"אהלי יוסף,15 ","בי""ס בית יעקב עזרת תורה","(31.7966028, 35.216598)"
3000,ירושלים,28,"אהלי יוסף,15 ","בי""ס בית יעקב עזרת תורה","(31.7966028, 35.216598)"
3000,ירושלים,29,"מגן האלף,3 ","מרכז קהילתי ""אשכולות""","(31.7948537, 35.2230044)"
3000,ירושלים,30,"ירמיהו,5 ",אולפנא צביה לבנות,"(31.7919961, 35.2119799)"
3000,ירושלים,31,"בובליק גדליה,26 ","בי""ס נועם בנים ובנות","(31.8152653, 35.2013819)"
3000,ירושלים,32,"שמעון הצדיק,23 ","בי""ס חב""ד בית חנה","(31.7937506, 35.2246553)"
3000,ירושלים,33,"מן,7 ","ישיבת נעם (לשעבר בי""ס דרור)","(31.7607473, 35.1981136)"
3000,ירושלים,34,"הטורים,23 ",מנהל קהילתי שלוחת מקור ברוך,"(31.7890274, 35.2103024)"
3000,ירושלים,35,"שמחת כהן,32 ","בי""ס נועם בנים/בנות-הר חומה","(31.7203192, 35.2278325)"
3000,ירושלים,36,"בן לברט,15 ","ביס ע""ש פולה בן גוריון","(31.771169, 35.2111188)"
3000,ירושלים,37,"קהילות יעקב,10 ",מינהל קהילתי רמת שלמה,"(31.8129538, 35.2173121)"
3000,ירושלים,38,"מגן האלף,1 ",סמינר בית יעקב - עטרת חן,"(31.7948537, 35.2230044)"
3000,ירושלים,39,"נדבה יוסף,47 ","בי""ס נועם בנות פסגת זאב מזרח","(31.815312, 35.2524963)"
3000,ירושלים,40,"השישה עשר,34 ","בי""ס ממ""ד פסגת דוד","(31.8288459, 35.2454991)"
3000,ירושלים,41,"אביגדורי,4 ","בי""ס בנות - דחסידי באיאן רוזין","(31.7854221, 35.2193176)"
3000,ירושלים,42,"אביגדורי,4 ","בי""ס בנות - דחסידי באיאן רוזין","(31.7854221, 35.2193176)"
3000,ירושלים,43,"ילין דוד,41 ","בי""ס נוות ישראל","(31.7866114, 35.2139973)"
3000,ירושלים,44,"מלכי ישראל,75 ","בי""ס בית יעקב מרכז","(31.790505, 35.2107647)"
3000,ירושלים,45,"ילין דוד,41 ","בי""ס נוות ישראל","(31.7866114, 35.2139973)"
3000,ירושלים,46,"פישל אהרן,29 ","ת""ת זיכרו תורת משה",
3000,ירושלים,47,"פישל אהרן,29 ","ת""ת זיכרו תורת משה",
3000,ירושלים,48,"אהלי יוסף,15 ","בי""ס בית יעקב עזרת תורה","(31.7966028, 35.216598)"
3000,ירושלים,49,"הטורים,23 ",מנהל קהילתי שלוחת מקור ברוך,"(31.7890274, 35.2103024)"
3000,ירושלים,50,"ירמיהו,5 ",אולפנא צביה לבנות,"(31.7919961, 35.2119799)"
3000,ירושלים,51,"ילין דוד,41 ","בי""ס נוות ישראל","(31.7866114, 35.2139973)"
3000,ירושלים,52,"ירמיהו,5 ",אולפנא צביה לבנות,"(31.7919961, 35.2119799)"
3000,ירושלים,53,"הטורים,23 ",מנהל קהילתי שלוחת מקור ברוך,"(31.7890274, 35.2103024)"
3000,ירושלים,54,"מלכי ישראל,75 ","בי""ס בית יעקב מרכז","(31.790505, 35.2107647)"
3000,ירושלים,55,"מלכי ישראל,75 ","בי""ס בית יעקב מרכז","(31.790505, 35.2107647)"
3000,ירושלים,56,"ישעיהו,7 ","ת""ת אהבת משה","(31.7867142, 35.2185063)"
3000,ירושלים,57,"מלכי ישראל,75 ","בי""ס בית יעקב מרכז","(31.790505, 35.2107647)"
3000,ירושלים,58,"ישעיהו,7 ","ת""ת אהבת משה","(31.7867142, 35.2185063)"
3000,ירושלים,59,"עזרת תורה,45 ","בי""ס בית יעקב חסידי","(31.7987791, 35.2161501)"
3000,ירושלים,60,"ישעיהו,7 ","ת""ת אהבת משה","(31.7867142, 35.2185063)"
3000,ירושלים,61,"ישעיהו,7 ","ת""ת אהבת משה","(31.7867142, 35.2185063)"
3000,ירושלים,62,"עזרת תורה,45 ","בי""ס בית יעקב חסידי","(31.7987791, 35.2161501)"
3000,ירושלים,63,"עזרת תורה,45 ","בי""ס בית יעקב חסידי","(31.7987791, 35.2161501)"
3000,ירושלים,64,"עזרת תורה,45 ","בי""ס בית יעקב חסידי","(31.7987791, 35.2161501)"
3000,ירושלים,65,"עזרת תורה,45 ","בי""ס בית יעקב חסידי","(31.7987791, 35.2161501)"
3000,ירושלים,66,"סורוצקין,40 ",קרית הילד,"(31.7989334, 35.2069915)"
3000,ירושלים,67,"עזרת תורה,45 ","בי""ס בית יעקב חסידי","(31.7987791, 35.2161501)"
3000,ירושלים,68,"ראשון לציון,7 ",מנחת שלמה,"(31.793636, 35.201471)"
3000,ירושלים,69,"המעיין,2 ","בי""ס ברושים מיוחד","(31.7660442, 35.1615625)"
3000,ירושלים,70,אגרות משה,"בי""ס ממד חבד לבנות בית חנה","(31.8090266, 35.223211)"
3000,ירושלים,71,"גדעון,14 ","ביה""ס פלך (חטיבה)","(31.7601588, 35.2201231)"
3000,ירושלים,72,"אביגדורי,4 ","בי""ס בנות - דחסידי באיאן רוזין","(31.7854221, 35.2193176)"
3000,ירושלים,73,"אולשוונגר,48 ",בית רחל מינהל קהילתי-קרית יובל,"(31.7672262, 35.1716026)"
3000,ירושלים,74,"המ""ג,1 ",תלמוד תורה רוממה,"(31.7902486, 35.1999882)"
3000,ירושלים,75,"מגן האלף,1 ",סמינר בית יעקב - עטרת חן,"(31.7948537, 35.2230044)"
3000,ירושלים,76,"הנביאים,42 ","בי""ס אורט אולייסקי","(31.784326, 35.2225869)"
3000,ירושלים,77,"רקנטי אברהם,6 ",מרכז קהילתי בית-אברהם,
3000,ירושלים,78,"שד שרת משה,1 ",בניין המכינה,
3000,ירושלים,79,"חיל האויר,60 ","ישיבת בני עקיבא ""נתיבות חיים""",
3000,ירושלים,80,בית צפפה,"בי""ס תיכון בית צפאפה",
3000,ירושלים,81,"אביגדורי,4 ","בי""ס בנות - דחסידי באיאן רוזין","(31.7854221, 35.2193176)"
3000,ירושלים,82,"שבטי ישראל,22 ",מנהל קהילתי מורשה,"(31.7823563, 35.2246527)"
3000,ירושלים,83,"הלל,30 ","ביה""ס ניסויי -תיכון","(31.7796636, 35.2191476)"
3000,ירושלים,84,"הלל,17 ","מכללה אקדמית דתית ע""ש ליפשיץ","(31.7801017, 35.2184756)"
3000,ירושלים,85,"נרקיס,11 ",מרכז פדגוגי להוראה,"(31.7788676, 35.2127703)"
3000,ירושלים,86,"רבי עקיבא,7 ","בי""ס הניסויי יסודי","(31.7792258, 35.2180783)"
3000,ירושלים,87,"הקרן הקיימת,14 ",גמנסיה רחביה,"(31.7769966, 35.2155613)"
3000,ירושלים,88,"רבי עקיבא,7 ","בי""ס הניסויי יסודי","(31.7792258, 35.2180783)"
3000,ירושלים,89,"רבי עקיבא,7 ","בי""ס הניסויי יסודי","(31.7792258, 35.2180783)"
3000,ירושלים,90,"רבי עקיבא,7 ","בי""ס הניסויי יסודי","(31.7792258, 35.2180783)"
3000,ירושלים,91,"הרואה,21 ","בי""ס ""תבונת יעקב""","(31.8176269, 35.1969881)"
3000,ירושלים,92,"אלוף שאלתיאל,1 ",בית ברלין ליד בית החייל,
3000,ירושלים,93,"הלל,30 ","ביה""ס ניסויי -תיכון","(31.7796636, 35.2191476)"
3000,ירושלים,94,"הלל,17 ","מכללה אקדמית דתית ע""ש ליפשיץ","(31.7801017, 35.2184756)"
3000,ירושלים,95,"בית""ר,8 ","בי""ס התיכון המסורתי אולם ספורט","(31.7511763, 35.2242165)"
3000,ירושלים,96,"רבי עקיבא,7 ","בי""ס הניסויי יסודי","(31.7792258, 35.2180783)"
3000,ירושלים,116,"שבטי ישראל,22 ",מנהל קהילתי מורשה,"(31.7823563, 35.2246527)"
3000,ירושלים,117,"שבטי ישראל,22 ",מנהל קהילתי מורשה,"(31.7823563, 35.2246527)"
3000,ירושלים,118,"שבטי ישראל,22 ",מנהל קהילתי מורשה,"(31.7823563, 35.2246527)"
3000,ירושלים,119,"שבטי ישראל,22 ",מנהל קהילתי מורשה,"(31.7823563, 35.2246527)"
3000,ירושלים,120,"שמעון הצדיק,23 ","בי""ס חב""ד בית חנה","(31.7937506, 35.2246553)"
3000,ירושלים,121,"נטר,40 ","בי""ס יסודי בית מרגלית","(31.795117, 35.2248962)"
3000,ירושלים,131,"יצחק אלחנן,4 ","בי""ס לאומנויות","(31.7696471, 35.2219772)"
3000,ירושלים,132,"יצחק אלחנן,4 ","בי""ס לאומנויות","(31.7696471, 35.2219772)"
3000,ירושלים,133,"יצחק אלחנן,4 ","בי""ס לאומנויות","(31.7696471, 35.2219772)"
3000,ירושלים,134,"יצחק אלחנן,4 ","בי""ס לאומנויות","(31.7696471, 35.2219772)"
3000,ירושלים,135,"כט' בנובמבר,13 ","בי""ס אדם",
3000,ירושלים,137,"יצחק אלחנן,4 ","בי""ס לאומנויות","(31.7696471, 35.2219772)"
3000,ירושלים,149,"הגדוד העברי,22 ","בי""ס סאלד הנרייטה","(31.7668387, 35.2144678)"
3000,ירושלים,150,"בן לברט,15 ","בי""ס אד רוטשילד יסודי","(31.771169, 35.2111188)"
3000,ירושלים,151,"בן לברט,15 ","בי""ס אד רוטשילד יסודי","(31.771169, 35.2111188)"
3000,ירושלים,154,"בן לברט,15 ","ביס ע""ש פולה בן גוריון","(31.771169, 35.2111188)"
3000,ירושלים,155,"כט' בנובמבר,13 ","בי""ס אדם",
3000,ירושלים,157,"בן לברט,15 ","בי""ס אד רוטשילד יסודי","(31.771169, 35.2111188)"
3000,ירושלים,158,"בן לברט,15 ","בי""ס אד רוטשילד יסודי","(31.771169, 35.2111188)"
3000,ירושלים,159,"בן לברט,15 ","בי""ס אד רוטשילד יסודי","(31.771169, 35.2111188)"
3000,ירושלים,161,"הקרן הקיימת,14 ",גמנסיה רחביה,"(31.7769966, 35.2155613)"
3000,ירושלים,162,"הקרן הקיימת,14 ",גמנסיה רחביה,"(31.7769966, 35.2155613)"
3000,ירושלים,165,"אוסישקין,38 ",אוולינה דה רוטשילד תיכון ה',"(31.7782155, 35.2126074)"
3000,ירושלים,171,"אוסישקין,38 ",אוולינה דה רוטשילד תיכון ה',"(31.7782155, 35.2126074)"
3000,ירושלים,172,"אוסישקין,38 ",אוולינה דה רוטשילד תיכון ה',"(31.7782155, 35.2126074)"
3000,ירושלים,186,"אוסישקין,38 ",אוולינה דה רוטשילד תיכון ה',"(31.7782155, 35.2126074)"
3000,ירושלים,188,"הרב והרבנית קאפח,20 ","בי""ס לדוגמא ע""ש הרב עוזיאל",
3000,ירושלים,191,"הרב והרבנית קאפח,20 ","בי""ס לדוגמא ע""ש הרב עוזיאל",
3000,ירושלים,192,"הרב והרבנית קאפח,20 ","בי""ס לדוגמא ע""ש הרב עוזיאל",
3000,ירושלים,193,"נרקיס,11 ",מרכז פדגוגי להוראה,"(31.7788676, 35.2127703)"
3000,ירושלים,194,"הרב והרבנית קאפח,20 ","בי""ס לדוגמא ע""ש הרב עוזיאל",
3000,ירושלים,195,"הלל,17 ","מכללה אקדמית דתית ע""ש ליפשיץ","(31.7801017, 35.2184756)"
3000,ירושלים,196,"הלל,17 ","מכללה אקדמית דתית ע""ש ליפשיץ","(31.7801017, 35.2184756)"
3000,ירושלים,197,"אהל משה,42 ",לב העיר מנהל קהילתי,"(31.78243, 35.2131236)"
3000,ירושלים,198,"אהל משה,42 ",לב העיר מנהל קהילתי,"(31.78243, 35.2131236)"
3000,ירושלים,200,"הרב והרבנית קאפח,20 ","בי""ס לדוגמא ע""ש הרב עוזיאל",
3000,ירושלים,201,"אלוף שאלתיאל,1 ",בית ברלין ליד בית החייל,
3000,ירושלים,203,"שיריזלי,6 ",גן בר אילן,"(31.7830501, 35.2139292)"
3000,ירושלים,204,"אהל משה,42 ",לב העיר מנהל קהילתי,"(31.78243, 35.2131236)"
3000,ירושלים,205,"ילין דוד,41 ","בי""ס נוות ישראל","(31.7866114, 35.2139973)"
3000,ירושלים,206,"אהל משה,42 ",לב העיר מנהל קהילתי,"(31.78243, 35.2131236)"
3000,ירושלים,207,"מנחם מנדל משקלוב,24 ",מועדון גיל הזהב (בניין כללית),
3000,ירושלים,208,"ישעיהו,7 ","ת""ת אהבת משה","(31.7867142, 35.2185063)"
3000,ירושלים,209,"זכרון יעקב,5 ","מרכז קהילתי ע""ש יעקב וקרולין","(31.7954729, 35.2010382)"
3000,ירושלים,210,"בזל,3 ","נועם - בי""ס תורני לבנות","(31.7839948, 35.1924941)"
3000,ירושלים,211,"בזל,3 ","נועם - בי""ס תורני לבנות","(31.7839948, 35.1924941)"
3000,ירושלים,212,"הרב אבן דנן,30 ",בית ספר בית יעקב הר נוף,"(31.7814433, 35.172304)"
3000,ירושלים,213,"החלוץ,47 ","בית ספר ויצ""ו בית הכרם","(31.7766474, 35.1907608)"
3000,ירושלים,214,"שחר,19 ","ממ""ד יסודי קהילתי דרור","(31.7797855, 35.1937031)"
3000,ירושלים,215,"הקבלן,8 ","בי""ס בית יעקב בניין מרכזי","(31.790142, 35.175535)"
3000,ירושלים,216,"הרב טייב חי,46 ","ממ""ד תורני לבנות הר נוף","(31.7834515, 35.1715745)"
3000,ירושלים,217,"הרב אבן דנן,30 ",בית ספר בית יעקב הר נוף,"(31.7814433, 35.172304)"
3000,ירושלים,218,"הרב אבן דנן,30 ",בית ספר בית יעקב הר נוף,"(31.7814433, 35.172304)"
3000,ירושלים,219,"שמואל הנביא,85 ","ת""ת שערי תורה (למען אחי)","(31.7944558, 35.2207062)"
3000,ירושלים,220,"שמואל הנביא,85 ","ת""ת שערי תורה (למען אחי)","(31.7944558, 35.2207062)"
3000,ירושלים,221,"אהלי יוסף,15 ","בי""ס בית יעקב עזרת תורה","(31.7966028, 35.216598)"
3000,ירושלים,222,"בן ציון,24 ",בית יעקב גבעת שאול,"(31.7901092, 35.193587)"
3000,ירושלים,223,"סורוצקין,40 ",קרית הילד,"(31.7989334, 35.2069915)"
3000,ירושלים,224,"ויטל חיים,32 ","נועם-ממ""ד תורני לבנים","(31.7892203, 35.191675)"
3000,ירושלים,225,"זכרון יעקב,3 ","בי""ס בית יעקב מטרסדורף","(31.7958311, 35.2001252)"
3000,ירושלים,226,"סורוצקין,40 ",קרית הילד,"(31.7989334, 35.2069915)"
3000,ירושלים,227,"בן לברט,15 ","ביס ע""ש פולה בן גוריון","(31.771169, 35.2111188)"
3000,ירושלים,228,"בן לברט,15 ","ביס ע""ש פולה בן גוריון","(31.771169, 35.2111188)"
3000,ירושלים,229,"בן לברט,15 ","ביס ע""ש פולה בן גוריון","(31.771169, 35.2111188)"
3000,ירושלים,230,"סורוצקין,40 ",קרית הילד,"(31.7989334, 35.2069915)"
3000,ירושלים,231,"סורוצקין,40 ",קרית הילד,"(31.7989334, 35.2069915)"
3000,ירושלים,232,"ראשון לציון,7 ",מנחת שלמה,"(31.793636, 35.201471)"
3000,ירושלים,233,"סורוצקין,40 ",קרית הילד,"(31.7989334, 35.2069915)"
3000,ירושלים,234,"בן ציון,24 ",בית יעקב גבעת שאול,"(31.7901092, 35.193587)"
3000,ירושלים,235,"ויטל חיים,32 ","נועם-ממ""ד תורני לבנים","(31.7892203, 35.191675)"
3000,ירושלים,236,"הקבלן,8 ","בי""ס בית יעקב בניין מרכזי","(31.790142, 35.175535)"
3000,ירושלים,237,"הקבלן,8 ","בי""ס בית יעקב בניין ב'","(31.790142, 35.175535)"
3000,ירושלים,238,"זכרון יעקב,5 ","מרכז קהילתי ע""ש יעקב וקרולין","(31.7954729, 35.2010382)"
3000,ירושלים,239,"סורוצקין,38א",גן ילדים בית יעקב,"(31.7986462, 35.2060986)"
3000,ירושלים,240,"ויטל חיים,32 ","נועם-ממ""ד תורני לבנים","(31.7892203, 35.191675)"
3000,ירושלים,241,"סורוצקין,38א",גן ילדים בית יעקב,"(31.7986462, 35.2060986)"
3000,ירושלים,242,"המ""ג,1 ",תלמוד תורה רוממה,"(31.7902486, 35.1999882)"
3000,ירושלים,243,"סורוצקין,38א",גן ילדים בית יעקב,"(31.7986462, 35.2060986)"
3000,ירושלים,244,"ראשון לציון,7 ",מנחת שלמה,"(31.793636, 35.201471)"
3000,ירושלים,245,"זכרון יעקב,3 ","בי""ס בית יעקב מטרסדורף","(31.7958311, 35.2001252)"
3000,ירושלים,246,"המ""ג,1 ",תלמוד תורה רוממה,"(31.7902486, 35.1999882)"
3000,ירושלים,247,"ראשון לציון,7 ",מנחת שלמה,"(31.793636, 35.201471)"
3000,ירושלים,248,"נג'ארה,27 ",מרכז קהילתי רוס,"(31.7906761, 35.1917225)"
3000,ירושלים,249,"נג'ארה,27 ",מרכז קהילתי רוס,"(31.7906761, 35.1917225)"
3000,ירושלים,250,"ויטל חיים,32 ","נועם-ממ""ד תורני לבנים","(31.7892203, 35.191675)"
3000,ירושלים,251,"זכרון יעקב,3 ","בי""ס בית יעקב מטרסדורף","(31.7958311, 35.2001252)"
3000,ירושלים,252,"בן ציון,24 ",בית יעקב גבעת שאול,"(31.7901092, 35.193587)"
3000,ירושלים,253,"הרב טייב חי,46 ","ממ""ד תורני לבנים הר נוף","(31.7834515, 35.1715745)"
3000,ירושלים,254,"הרב אבן דנן,30 ",בית ספר בית יעקב הר נוף,"(31.7814433, 35.172304)"
3000,ירושלים,255,"הקבלן,8 ","בי""ס בית יעקב בניין ב'","(31.790142, 35.175535)"
3000,ירושלים,256,"הרב אבן דנן,30 ",בית ספר בית יעקב הר נוף,"(31.7814433, 35.172304)"
3000,ירושלים,257,"הרב טייב חי,46 ","ממ""ד תורני לבנות הר נוף","(31.7834515, 35.1715745)"
3000,ירושלים,258,"הרב טייב חי,46 ","ממ""ד תורני לבנות הר נוף","(31.7834515, 35.1715745)"
3000,ירושלים,259,"הקבלן,8 ","בי""ס בית יעקב בניין מרכזי","(31.790142, 35.175535)"
3000,ירושלים,260,"התומר,5 ","בי""ס יפה נוף","(31.7794805, 35.1864383)"
3000,ירושלים,261,"שחר,19 ","ממ""ד יסודי קהילתי דרור","(31.7797855, 35.1937031)"
3000,ירושלים,262,"תורה ועבודה,6 ","בי""ס תיכון הימלפרב","(31.7675373, 35.1812274)"
3000,ירושלים,263,"הקבלן,8 ","בי""ס בית יעקב בניין מרכזי","(31.790142, 35.175535)"
3000,ירושלים,264,"חכמי יוסף,28א","ביה""ס שיח סוד","(31.76393, 35.189863)"
3000,ירושלים,265,"מנחם מנדל משקלוב,24 ",מועדון גיל הזהב (בניין כללית),
3000,ירושלים,266,"הקבלן,8 ","בי""ס בית יעקב בניין ב'","(31.790142, 35.175535)"
3000,ירושלים,267,"שד הרצל,137 ","תיכון ע""ש זיו-מרקס","(31.770998, 35.182392)"
3000,ירושלים,268,"בן ציון,7 ","בית הספר הממ""ד מימון","(31.78878, 35.1965424)"
3000,ירושלים,269,"בן ציון,7 ","בית הספר הממ""ד מימון","(31.78878, 35.1965424)"
3000,ירושלים,270,"בן ציון,7 ","בית הספר הממ""ד מימון","(31.78878, 35.1965424)"
3000,ירושלים,271,"בזל,3 ","נועם - בי""ס תורני לבנות","(31.7839948, 35.1924941)"
3000,ירושלים,272,"בזל,3 ","נועם - בי""ס תורני לבנות","(31.7839948, 35.1924941)"
3000,ירושלים,273,"בזל,3 ","נועם - בי""ס תורני לבנות","(31.7839948, 35.1924941)"
3000,ירושלים,274,"מעגל בית המדרש,8 ","בי""ס ממלכתי בית הכרם","(31.7812582, 35.1904554)"
3000,ירושלים,275,"שחר,19 ","ממ""ד יסודי קהילתי דרור","(31.7797855, 35.1937031)"
3000,ירושלים,276,"מעגל בית המדרש,8 ","בי""ס ממלכתי בית הכרם","(31.7812582, 35.1904554)"
3000,ירושלים,277,"מעגל בית המדרש,8 ","בי""ס ממלכתי בית הכרם","(31.7812582, 35.1904554)"
3000,ירושלים,278,"בן ציון,7 ","בית הספר הממ""ד מימון","(31.78878, 35.1965424)"
3000,ירושלים,279,"התומר,5 ","בי""ס יפה נוף","(31.7794805, 35.1864383)"
3000,ירושלים,280,"שד הרצל,137 ","תיכון ע""ש זיו-מרקס","(31.770998, 35.182392)"
3000,ירושלים,281,"החלוץ,47 ","בית ספר ויצ""ו בית הכרם","(31.7766474, 35.1907608)"
3000,ירושלים,282,"שד הרצל,137 ","תיכון ע""ש זיו-מרקס","(31.770998, 35.182392)"
3000,ירושלים,283,"התומר,5 ","בי""ס יפה נוף","(31.7794805, 35.1864383)"
3000,ירושלים,284,"התומר,5 ","בי""ס יפה נוף","(31.7794805, 35.1864383)"
3000,ירושלים,285,"הפסגה,24 ","בי""ס בית יעקב לבנות","(31.7682682, 35.1827313)"
3000,ירושלים,286,"שד הרצל,137 ","תיכון ע""ש זיו-מרקס","(31.770998, 35.182392)"
3000,ירושלים,287,"הפסגה,24 ","בי""ס בית יעקב לבנות","(31.7682682, 35.1827313)"
3000,ירושלים,288,"הפסגה,24 ","בי""ס בית יעקב לבנות","(31.7682682, 35.1827313)"
3000,ירושלים,289,"תורה ועבודה,6 ","בי""ס תיכון הימלפרב","(31.7675373, 35.1812274)"
3000,ירושלים,290,"הרב פרנק,20 ","בי""ס קרית נוער","(31.7642657, 35.1847181)"
3000,ירושלים,291,"הרב פרנק,20 ","בי""ס קרית נוער","(31.7642657, 35.1847181)"
3000,ירושלים,292,"חכמי יוסף,28א","ביה""ס שיח סוד","(31.76393, 35.189863)"
3000,ירושלים,293,"שערי תורה,2 ",בית יעקב בית וגן,"(31.7664106, 35.1826046)"
3000,ירושלים,294,"תורה ועבודה,6 ","בי""ס תיכון הימלפרב","(31.7675373, 35.1812274)"
3000,ירושלים,295,"החלוץ,47 ","בית ספר ויצ""ו בית הכרם","(31.7766474, 35.1907608)"
3000,ירושלים,296,"שד הרצל,137 ","מתנ""ס קהילתי ע""ש זיו","(31.770998, 35.182392)"
3000,ירושלים,297,"הרב פרנק,20 ","בי""ס קרית נוער","(31.7642657, 35.1847181)"
3000,ירושלים,298,"שד הרצל,137 ","תיכון ע""ש זיו-מרקס","(31.770998, 35.182392)"
3000,ירושלים,299,"שד הרצל,137 ","תיכון ע""ש זיו-מרקס","(31.770998, 35.182392)"
3000,ירושלים,300,"דולצ'ין,21 ","ביה""ס היובל","(31.7520338, 35.1670742)"
3000,ירושלים,301,"דולצ'ין,21 ","ביה""ס היובל","(31.7520338, 35.1670742)"
3000,ירושלים,302,"דולצ'ין,21 ","ביה""ס היובל","(31.7520338, 35.1670742)"
3000,ירושלים,303,"מגן האלף,1 ",סמינר בית יעקב - עטרת חן,"(31.7948537, 35.2230044)"
3000,ירושלים,304,"שד הרצל,137 ","מתנ""ס קהילתי ע""ש זיו","(31.770998, 35.182392)"
3000,ירושלים,305,"קוסטה ריקה,17 ","בי""ס אמית כללי טכנולוגי","(31.7546422, 35.1714958)"
3000,ירושלים,306,"דולצ'ין,21 ","ביה""ס היובל","(31.7520338, 35.1670742)"
3000,ירושלים,307,"האייל,72 ","בי""ס השלום (ע""ש יצחק רבין)","(31.7532011, 35.1870815)"
3000,ירושלים,308,"החרצית,10 ","בי""ס גואטמלה","(31.7578088, 35.1630517)"
3000,ירושלים,309,"הרפוב הדומיניקנית,3 ",מועדון יוצאי אתיופיה,
3000,ירושלים,310,"אולשוונגר,48 ",בית רחל מינהל קהילתי-קרית יובל,"(31.7672262, 35.1716026)"
3000,ירושלים,311,"זנגויל,29 ","בי""ס ע""ש אגרון",
3000,ירושלים,312,"אולשוונגר,3 ","בי""ס הניסוי ארגנטינה","(31.7685176, 35.17012)"
3000,ירושלים,313,"החרצית,10 ","בי""ס גואטמלה","(31.7578088, 35.1630517)"
3000,ירושלים,314,"בורוכוב,9א",בית זוסמן (מרכז ליקויי שמיעה),"(31.7681237, 35.175715)"
3000,ירושלים,315,"אולשוונגר,3 ","בי""ס הניסוי ארגנטינה","(31.7685176, 35.17012)"
3000,ירושלים,316,"זנגויל,25 ","בי""ס עמל ליידי דייויס",
3000,ירושלים,317,"זנגויל,29 ","בי""ס ע""ש אגרון",
3000,ירושלים,318,"זנגויל,25 ","בי""ס עמל ליידי דייויס",
3000,ירושלים,319,"בורוכוב,9א",בית זוסמן (מרכז ליקויי שמיעה),"(31.7681237, 35.175715)"
3000,ירושלים,320,"אולשוונגר,3 ","בי""ס הניסוי ארגנטינה","(31.7685176, 35.17012)"
3000,ירושלים,321,"זנגויל,25 ","בי""ס עמל ליידי דייויס",
3000,ירושלים,322,"המעיין,2 ","בי""ס ברושים מיוחד","(31.7660442, 35.1615625)"
3000,ירושלים,323,"המעיין,2 ","בי""ס ברושים מיוחד","(31.7660442, 35.1615625)"
3000,ירושלים,324,"אולשוונגר,48 ",בית רחל מינהל קהילתי-קרית יובל,"(31.7672262, 35.1716026)"
3000,ירושלים,325,"החרצית,10 ","בי""ס גואטמלה","(31.7578088, 35.1630517)"
3000,ירושלים,326,"דהומיי,7 ","מינהל קהילתי -""גנים""","(31.7558829, 35.1657922)"
3000,ירושלים,327,"הנורית,18 ","בי""ס חבד עיר גנים","(31.754383, 35.1688752)"
3000,ירושלים,328,"צ'ילה,8 ",מרכז קהילתי פיליפ לאון,"(31.7601997, 35.1707038)"
3000,ירושלים,329,"דולצ'ין,21 ","ביה""ס היובל","(31.7520338, 35.1670742)"
3000,ירושלים,330,"צ'ילה,8 ",מרכז קהילתי פיליפ לאון,"(31.7601997, 35.1707038)"
3000,ירושלים,331,"גרינולד,8 ",אולפנא נווה עציון,
3000,ירושלים,332,"וולטה העלית,12 ","בי""ס תל""י בית וגן (דוד סטון)",
3000,ירושלים,333,"וולטה העלית,12 ","בי""ס תל""י בית וגן (דוד סטון)",
3000,ירושלים,334,"גרינולד,8 ",אולפנא נווה עציון,
3000,ירושלים,335,"רקם,2 ","ב""ס השלום כיתות א - ג","(31.7532659, 35.1875698)"
3000,ירושלים,336,"דהומיי,6 ","ביה""ס בראשית (קלאבין לשעבר)","(31.7564285, 35.1660191)"
3000,ירושלים,337,"דהומיי,6 ","ביה""ס בראשית (קלאבין לשעבר)","(31.7564285, 35.1660191)"
3000,ירושלים,338,"האייל,72 ","בי""ס השלום (ע""ש יצחק רבין)","(31.7532011, 35.1870815)"
3000,ירושלים,339,"וולטה העלית,12 ","בי""ס תל""י בית וגן (דוד סטון)",
3000,ירושלים,340,"וולטה העלית,12 ","בי""ס תל""י בית וגן (דוד סטון)",
3000,ירושלים,341,"שטרן אברהם,3 ","מתנ""ס שטרן ע""ש הסנפלד","(31.7564739, 35.177249)"
3000,ירושלים,342,"הנורית,18 ","בי""ס חבד עיר גנים","(31.754383, 35.1688752)"
3000,ירושלים,343,"וולטה העלית,12 ","בי""ס תל""י בית וגן (דוד סטון)",
3000,ירושלים,344,"קוסטה ריקה,17 ","בי""ס אמית כללי טכנולוגי","(31.7546422, 35.1714958)"
3000,ירושלים,345,"זנגויל,29 ","בי""ס ע""ש אגרון",
3000,ירושלים,346,"שד שרת משה,1 ",בניין המכינה,
3000,ירושלים,347,"שד שרת משה,1 ",בניין המכינה,
3000,ירושלים,348,"החרצית,10 ","בי""ס גואטמלה","(31.7578088, 35.1630517)"
3000,ירושלים,349,"שד שרת משה,1 ","בי""ס מנשה אלישר - מרכזי",
3000,ירושלים,350,"שטרן אברהם,3 ","מתנ""ס שטרן ע""ש הסנפלד","(31.7564739, 35.177249)"
3000,ירושלים,351,"שד שרת משה,1 ","בי""ס מנשה אלישר - מרכזי",
3000,ירושלים,352,"אולשוונגר,3 ","בי""ס הניסוי ארגנטינה","(31.7685176, 35.17012)"
3000,ירושלים,353,"רקם,2 ","ב""ס השלום כיתות א - ג","(31.7532659, 35.1875698)"
3000,ירושלים,354,"שד שרת משה,1 ","בי""ס מנשה אלישר - מרכזי",
3000,ירושלים,355,"זנגויל,29 ","בי""ס ע""ש אגרון",
3000,ירושלים,356,"קוסטה ריקה,17 ","בי""ס אמית כללי טכנולוגי","(31.7546422, 35.1714958)"
3000,ירושלים,357,"הנורית,18 ","בי""ס חבד עיר גנים","(31.754383, 35.1688752)"
3000,ירושלים,358,"גרינולד,8 ",אולפנא נווה עציון,
3000,ירושלים,359,"וולטה העלית,12 ","בי""ס תל""י בית וגן (דוד סטון)",
3000,ירושלים,360,"שד שרת משה,1 ","בי""ס מנשה אלישר - מרכזי",
3000,ירושלים,361,"האייל,72 ","בי""ס השלום (ע""ש יצחק רבין)","(31.7532011, 35.1870815)"
3000,ירושלים,362,"שד דב יוסף,2 ",תיכון אורט ספאניאן,
3000,ירושלים,363,"רבי צדוק,12 ","בי""ס חט""ב גונן (ע""ש רפפורט","(31.755181, 35.1937815)"
3000,ירושלים,364,"מרגולין,3 ","בי""ס יסודי גבעת גונן","(31.7548387, 35.1949899)"
3000,ירושלים,365,"מרגולין,3 ","בי""ס יסודי גבעת גונן","(31.7548387, 35.1949899)"
3000,ירושלים,366,"בר יוחאי,53 ","בי""ס קדמה","(31.7527747, 35.1948145)"
3000,ירושלים,367,"רבי צדוק,12 ","בי""ס חט""ב גונן (ע""ש רפפורט","(31.755181, 35.1937815)"
3000,ירושלים,368,"מרגולין,3 ","בי""ס יסודי גבעת גונן","(31.7548387, 35.1949899)"
3000,ירושלים,369,"בר יוחאי,53 ","בי""ס קדמה","(31.7527747, 35.1948145)"
3000,ירושלים,370,"בעהם אריה,7 ","בי""ס יד-ביד דו לשוני","(31.7514791, 35.1995659)"
3000,ירושלים,371,"יוסי בן יועזר,24 ","בי""ס תדהר","(31.7548826, 35.2066702)"
3000,ירושלים,372,"ש פת,3 ","בי""ס יראת השם",
3000,ירושלים,373,"אליעזר הגדול,4 ","מרכז לקשיש ע""ש הופמן","(31.753697, 35.2047628)"
3000,ירושלים,374,"יהודה הנשיא,26 ","בי""ס תיכון דנמרק","(31.755268, 35.2036621)"
3000,ירושלים,375,"יוסי בן יועזר,24 ","בי""ס תדהר","(31.7548826, 35.2066702)"
3000,ירושלים,376,"יוחנן בן זכאי,33 ","אולפנא לאומניות לשעברבי""ס מצדה","(31.7581225, 35.2072244)"
3000,ירושלים,377,"רבי חייא,3 ","חוש""ן בי""ס תיכון טכנולוגי","(31.7623814, 35.2127347)"
3000,ירושלים,378,"שד שרת משה,1 ","בי""ס מנשה אלישר - מרכזי",
3000,ירושלים,379,"רבי חייא,3 ","חוש""ן בי""ס תיכון טכנולוגי","(31.7623814, 35.2127347)"
3000,ירושלים,380,"יוחנן בן זכאי,33 ","אולפנא לאומניות לשעברבי""ס מצדה","(31.7581225, 35.2072244)"
3000,ירושלים,381,"הורקניה,21 ",בית יעקב דרכי נועם,"(31.7578693, 35.2021144)"
3000,ירושלים,382,"יוחנן בן זכאי,33 ","אולפנא לאומניות לשעברבי""ס מצדה","(31.7581225, 35.2072244)"
3000,ירושלים,383,"יהודה הנשיא,26 ","בי""ס תיכון דנמרק","(31.755268, 35.2036621)"
3000,ירושלים,384,"יוחנן בן זכאי,33 ","אולפנא לאומניות לשעברבי""ס מצדה","(31.7581225, 35.2072244)"
3000,ירושלים,385,"יהודה הנשיא,26 ","בי""ס תיכון דנמרק","(31.755268, 35.2036621)"
3000,ירושלים,386,"בעהם אריה,7 ","בי""ס יד-ביד דו לשוני","(31.7514791, 35.1995659)"
3000,ירושלים,387,"אליעזר הגדול,4 ","מרכז לקשיש ע""ש הופמן","(31.753697, 35.2047628)"
3000,ירושלים,388,"רבי חייא,3 ","חוש""ן בי""ס תיכון טכנולוגי","(31.7623814, 35.2127347)"
3000,ירושלים,389,"יוחנן בן זכאי,33 ","אולפנא לאומניות לשעברבי""ס מצדה","(31.7581225, 35.2072244)"
3000,ירושלים,390,"שד דב יוסף,2 ",תיכון אורט ספאניאן,
3000,ירושלים,391,"קוסטה ריקה,17 ","בי""ס אמית כללי טכנולוגי","(31.7546422, 35.1714958)"
3000,ירושלים,392,"הורקניה,21 ",בית יעקב דרכי נועם,"(31.7578693, 35.2021144)"
3000,ירושלים,393,"אהרוני,14 ","בי""ס לוריא","(31.7631175, 35.2051532)"
3000,ירושלים,394,"הורקניה,21 ",בית יעקב דרכי נועם,"(31.7578693, 35.2021144)"
3000,ירושלים,395,"אהרוני,14 ","בי""ס לוריא","(31.7631175, 35.2051532)"
3000,ירושלים,396,"האייל,72 ","בי""ס השלום (ע""ש יצחק רבין)","(31.7532011, 35.1870815)"
3000,ירושלים,397,"הפסגה,24 ","בי""ס בית יעקב לבנות","(31.7682682, 35.1827313)"
3000,ירושלים,398,"חכמי יוסף,28א","ביה""ס שיח סוד","(31.76393, 35.189863)"
3000,ירושלים,399,"מן,7 ","ישיבת נעם (לשעבר בי""ס דרור)","(31.7607473, 35.1981136)"
3000,ירושלים,400,"מן,7 ","ישיבת נעם (לשעבר בי""ס דרור)","(31.7607473, 35.1981136)"
3000,ירושלים,401,"אהרוני,14 ","בי""ס לוריא","(31.7631175, 35.2051532)"
3000,ירושלים,402,"מן,7 ","ישיבת נעם (לשעבר בי""ס דרור)","(31.7607473, 35.1981136)"
3000,ירושלים,403,"הורקניה,21 ",בית יעקב דרכי נועם,"(31.7578693, 35.2021144)"
3000,ירושלים,404,"אהרוני,14 ","בי""ס לוריא","(31.7631175, 35.2051532)"
3000,ירושלים,405,"בן לברט,15 ","בי""ס אד רוטשילד יסודי","(31.771169, 35.2111188)"
3000,ירושלים,406,"הפלמ""ח,57 ","בית יעקב ע""ש האר""י","(31.7641392, 35.2072653)"
3000,ירושלים,407,"הגדוד העברי,22 ","בי""ס סאלד הנרייטה","(31.7668387, 35.2144678)"
3000,ירושלים,408,"המשורינים,4 ","מתנ""ס המשוריינים",
3000,ירושלים,409,"מן,7 ","ישיבת נעם (לשעבר בי""ס דרור)","(31.7607473, 35.1981136)"
3000,ירושלים,410,"אהרוני,14 ","בי""ס לוריא","(31.7631175, 35.2051532)"
3000,ירושלים,411,"מן,7 ","ישיבת נעם (לשעבר בי""ס דרור)","(31.7607473, 35.1981136)"
3000,ירושלים,412,"הפלמ""ח,57 ","בית יעקב ע""ש האר""י","(31.7641392, 35.2072653)"
3000,ירושלים,413,"הטורים,23 ",מנהל קהילתי שלוחת מקור ברוך,"(31.7890274, 35.2103024)"
3000,ירושלים,414,"שד הרצל,137 ","מתנ""ס קהילתי ע""ש זיו","(31.770998, 35.182392)"
3000,ירושלים,415,"הרב פרנק,20 ","בי""ס קרית נוער","(31.7642657, 35.1847181)"
3000,ירושלים,416,"אולשוונגר,3 ","בי""ס הניסוי ארגנטינה","(31.7685176, 35.17012)"
3000,ירושלים,417,"שערי תורה,2 ",בית יעקב בית וגן,"(31.7664106, 35.1826046)"
3000,ירושלים,418,"הרב פרנק,20 ","בי""ס קרית נוער","(31.7642657, 35.1847181)"
3000,ירושלים,419,"אולשוונגר,48 ",בית רחל מינהל קהילתי-קרית יובל,"(31.7672262, 35.1716026)"
3000,ירושלים,420,"חכמי יוסף,28א","ביה""ס שיח סוד","(31.76393, 35.189863)"
3000,ירושלים,421,"החלוץ,47 ","בית ספר ויצ""ו בית הכרם","(31.7766474, 35.1907608)"
3000,ירושלים,422,"רזיאל דוד,13 ","בי""ס קשת תלפ""ז","(31.7475467, 35.2313875)"
3000,ירושלים,423,"תמיר שמואל,74 ","בי""ס ממלכתי ע""ש מרדכי איש-שלום","(31.8205015, 35.2370296)"
3000,ירושלים,424,"נג'ארה,27 ",מרכז קהילתי רוס,"(31.7906761, 35.1917225)"
3000,ירושלים,425,"דהומיי,6 ","ביה""ס בראשית (קלאבין לשעבר)","(31.7564285, 35.1660191)"
3000,ירושלים,426,"בר יוחאי,53 ","בי""ס קדמה","(31.7527747, 35.1948145)"
3000,ירושלים,427,בית צפפה,"בי""ס תיכון בית צפאפה",
3000,ירושלים,428,"כובשי קטמון,15 ","בי""ס חורב יסודי","(31.7642486, 35.2122494)"
3000,ירושלים,429,"המשורינים,4 ","מתנ""ס המשוריינים",
3000,ירושלים,430,"הגדוד העברי,22 ","בי""ס סאלד הנרייטה","(31.7668387, 35.2144678)"
3000,ירושלים,431,"כובשי קטמון,15 ","בי""ס חורב יסודי","(31.7642486, 35.2122494)"
3000,ירושלים,432,"כובשי קטמון,15 ","בי""ס חורב יסודי","(31.7642486, 35.2122494)"
3000,ירושלים,433,"כט' בנובמבר,13 ","בי""ס אדם",
3000,ירושלים,434,"כובשי קטמון,15 ","בי""ס חורב יסודי","(31.7642486, 35.2122494)"
3000,ירושלים,435,"הגדוד העברי,22 ","בי""ס סאלד הנרייטה","(31.7668387, 35.2144678)"
3000,ירושלים,436,"עמק רפאים,22 ",בית חינוך תיכון עירוני ג',"(31.7651569, 35.2211047)"
3000,ירושלים,437,"מסריק,10 ",מכללה למנהל,"(31.7630627, 35.2211499)"
3000,ירושלים,438,"עמק רפאים,22 ",בית חינוך תיכון עירוני ג',"(31.7651569, 35.2211047)"
3000,ירושלים,439,"רחל אמנו,27 ","בי""ס תיכון ליפתא","(31.7637331, 35.2137354)"
3000,ירושלים,440,"מסריק,10 ",מכללה למנהל,"(31.7630627, 35.2211499)"
3000,ירושלים,441,"רחל אמנו,27 ","בי""ס תיכון ליפתא","(31.7637331, 35.2137354)"
3000,ירושלים,442,"כט' בנובמבר,13 ","בי""ס אדם",
3000,ירושלים,443,"הקבלן,8 ","בי""ס בית יעקב בניין מרכזי","(31.790142, 35.175535)"
3000,ירושלים,444,"שד הרצל,137 ","מתנ""ס קהילתי ע""ש זיו","(31.770998, 35.182392)"
3000,ירושלים,445,"הרב זווין,4 ","בי""ס הצנע לכת","(31.8403112, 35.2482541)"
3000,ירושלים,446,"ירמיהו,5 ",אולפנא צביה לבנות,"(31.7919961, 35.2119799)"
3000,ירושלים,447,"מעלות כיסופים,5 ","בי""ס תבל",
3000,ירושלים,448,"נג'ארה,27 ",מרכז קהילתי רוס,"(31.7906761, 35.1917225)"
3000,ירושלים,450,"ירמיהו,5 ",אולפנא צביה לבנות,"(31.7919961, 35.2119799)"
3000,ירושלים,451,"קדושי בבל,22 ",בית החינוך הניסויי איתן,"(31.7472902, 35.238566)"
3000,ירושלים,452,"רחל אמנו,27 ","בי""ס תיכון ליפתא","(31.7637331, 35.2137354)"
3000,ירושלים,453,"ראשון לציון,7 ",מנחת שלמה,"(31.793636, 35.201471)"
3000,ירושלים,454,"ירמיהו,5 ",אולפנא צביה לבנות,"(31.7919961, 35.2119799)"
3000,ירושלים,456,"יהודה,31 ","בי""ס ממ""ד אפרתה","(31.7575119, 35.2173409)"
3000,ירושלים,457,בית צפפה,"בי""ס תיכון בית צפאפה",
3000,ירושלים,459,"גנרל קניג פייר,16 ","בי""ס מקור חיים",
3000,ירושלים,460,"אסתר המלכה,3 ",מכללת מבשרת ירושלים -פתחי ציון,"(31.7589123, 35.222941)"
3000,ירושלים,461,"גדעון,10 ",גן ילדים,"(31.7587201, 35.1908474)"
3000,ירושלים,462,"גדעון,10 ",גן ילדים,"(31.7587201, 35.1908474)"
3000,ירושלים,463,"גדעון,14 ","ביה""ס פלך (חטיבה)","(31.7601588, 35.2201231)"
3000,ירושלים,464,"יהודה,31 ","בי""ס ממ""ד אפרתה","(31.7575119, 35.2173409)"
3000,ירושלים,465,"גנרל קניג פייר,16 ","בי""ס מקור חיים",
3000,ירושלים,466,בית צפפה,"בי""ס תיכון בית צפאפה",
3000,ירושלים,467,"קבוץ גלויות,4 ","בי""ס גאולים",
3000,ירושלים,468,"בית הערבה,7 ",אורט בית הערבה,"(31.7488173, 35.2208124)"
3000,ירושלים,469,"בית הערבה,7 ",אורט בית הערבה,"(31.7488173, 35.2208124)"
3000,ירושלים,470,"דרך בית לחם,117 ","בי""ס הממלכתי ע""ש זלמן ארן","(31.7483193, 35.2168249)"
3000,ירושלים,471,"קבוץ גלויות,4 ","בי""ס גאולים",
3000,ירושלים,472,"יהודה,31 ","בי""ס ממ""ד אפרתה","(31.7575119, 35.2173409)"
3000,ירושלים,473,"קבוץ גלויות,4 ","בי""ס גאולים",
3000,ירושלים,474,"נחשון,11 ","בי""ס הממלכתי בן יהודה","(31.7648466, 35.2262262)"
3000,ירושלים,475,"נחשון,11 ","בי""ס הממלכתי בן יהודה","(31.7648466, 35.2262262)"
3000,ירושלים,476,"קבוץ גלויות,4 ","בי""ס גאולים",
3000,ירושלים,477,"דרך בית לחם,113 ","בי""ס אהבת ישראל (בנות)","(31.7494142, 35.2173848)"
3000,ירושלים,478,"דרך בית לחם,117 ",ביס ממלכתי זלמן ארן אולם ספורט,"(31.7483193, 35.2168249)"
3000,ירושלים,479,"דרך בית לחם,117 ","בי""ס הממלכתי ע""ש זלמן ארן","(31.7483193, 35.2168249)"
3000,ירושלים,480,"דרך בית לחם,113 ","בי""ס אהבת ישראל (בנות)","(31.7494142, 35.2173848)"
3000,ירושלים,481,"דרך בית לחם,117 ","בי""ס הממלכתי ע""ש זלמן ארן","(31.7483193, 35.2168249)"
3000,ירושלים,482,"בית""ר,8 ","בי""ס התיכון המסורתי אולם ספורט","(31.7511763, 35.2242165)"
3000,ירושלים,483,"בית""ר,8 ","בי""ס התיכון המסורתי אולם ספורט","(31.7511763, 35.2242165)"
3000,ירושלים,484,"דרך בית לחם,113 ","בי""ס אהבת ישראל (בנות)","(31.7494142, 35.2173848)"
3000,ירושלים,485,"בית""ר,8 ","בי""ס התיכון המסורתי","(31.7511763, 35.2242165)"
3000,ירושלים,486,"דרך בית לחם,117 ","בי""ס הממלכתי ע""ש זלמן ארן","(31.7483193, 35.2168249)"
3000,ירושלים,487,"בית""ר,8 ","בי""ס התיכון המסורתי","(31.7511763, 35.2242165)"
3000,ירושלים,488,"כפר עציון,1 ",מלון דיפלומט,"(31.7475857, 35.2242076)"
3000,ירושלים,489,בית צפפה,"בי""ס יסודי בית צפאפא",
3000,ירושלים,490,"דרך בית לחם,113 ","בי""ס אהבת ישראל (בנות)","(31.7494142, 35.2173848)"
3000,ירושלים,491,"דרך בית לחם,117 ","בי""ס הממלכתי ע""ש זלמן ארן","(31.7483193, 35.2168249)"
3000,ירושלים,495,"בית הערבה,7 ",אורט בית הערבה,"(31.7488173, 35.2208124)"
3000,ירושלים,496,בית צפפה,"בי""ס יסודי בית צפאפא",
3000,ירושלים,497,"בית הערבה,7 ",אורט בית הערבה,"(31.7488173, 35.2208124)"
3000,ירושלים,498,"מעגלי הרי""ם לוין,27 ","ביה""ס בית יעקב הצפון (סנהדריה)","(31.8033163, 35.2167565)"
3000,ירושלים,499,"מעגלי הרי""ם לוין,27 ","ביה""ס בית יעקב הצפון (סנהדריה)","(31.8033163, 35.2167565)"
3000,ירושלים,500,בתי מחסה,"בי""ס ממ""ד הרובע היהודי","(31.7741572, 35.2328347)"
3000,ירושלים,501,"גריק פטריאכט,26 ",המרכז הפדגוגי,
3000,ירושלים,502,"גריק פטריאכט,26 ",המרכז הפדגוגי,
3000,ירושלים,503,"גריק פטריאכט,26 ",המרכז הפדגוגי,
3000,ירושלים,504,"גריק פטריאכט,26 ",המרכז הפדגוגי,
3000,ירושלים,505,"גריק פטריאכט,26 ",המרכז הפדגוגי,
3000,ירושלים,506,בתי מחסה,"בי""ס ממ""ד הרובע היהודי","(31.7741572, 35.2328347)"
3000,ירושלים,507,בתי מחסה,"בי""ס ממ""ד הרובע היהודי","(31.7741572, 35.2328347)"
3000,ירושלים,508,"גריק פטריאכט,26 ",המרכז הפדגוגי,
3000,ירושלים,509,"גריק פטריאכט,26 ",המרכז הפדגוגי,
3000,ירושלים,510,"גריק פטריאכט,26 ",המרכז הפדגוגי,
3000,ירושלים,511,"גריק פטריאכט,26 ",המרכז הפדגוגי,
3000,ירושלים,512,"גריק פטריאכט,26 ",המרכז הפדגוגי,
3000,ירושלים,513,"גריק פטריאכט,26 ",המרכז הפדגוגי,
3000,ירושלים,514,"גריק פטריאכט,26 ",המרכז הפדגוגי,
3000,ירושלים,515,"גריק פטריאכט,26 ",המרכז הפדגוגי,
3000,ירושלים,516,"גריק פטריאכט,26 ",המרכז הפדגוגי,
3000,ירושלים,517,"גריק פטריאכט,26 ",המרכז הפדגוגי,
3000,ירושלים,518,דרך בר-לב,"בי""ס תיכון עבדאללה בן-אלחוסיין","(31.798328, 35.231822)"
3000,ירושלים,519,דרך בר-לב,"בי""ס תיכון עבדאללה בן-אלחוסיין","(31.798328, 35.231822)"
3000,ירושלים,521,"אצ""ל,20 ","בי""ס מסורתי ע""ש פרנקל","(31.8029117, 35.2356429)"
3000,ירושלים,522,דרך בר-לב,"בי""ס תיכון עבדאללה בן-אלחוסיין","(31.798328, 35.231822)"
3000,ירושלים,524,דרך בר-לב,"בי""ס תיכון עבדאללה בן-אלחוסיין","(31.798328, 35.231822)"
3000,ירושלים,525,דרך בר-לב,"בי""ס תיכון עבדאללה בן-אלחוסיין","(31.798328, 35.231822)"
3000,ירושלים,526,דרך בר-לב,"בי""ס תיכון עבדאללה בן-אלחוסיין","(31.798328, 35.231822)"
3000,ירושלים,527,"גריק פטריאכט,26 ",המרכז הפדגוגי,
3000,ירושלים,528,דרך בר-לב,"בי""ס תיכון עבדאללה בן-אלחוסיין","(31.798328, 35.231822)"
3000,ירושלים,529,דרך בר-לב,"בי""ס תיכון עבדאללה בן-אלחוסיין","(31.798328, 35.231822)"
3000,ירושלים,530,"לוחמי הגטאות,7 ",אולפנת צביה יצירתית,"(31.8011679, 35.2397036)"
3000,ירושלים,531,דרך בר-לב,"בי""ס תיכון עבדאללה בן-אלחוסיין","(31.798328, 35.231822)"
3000,ירושלים,532,דרך בר-לב,"בי""ס תיכון עבדאללה בן-אלחוסיין","(31.798328, 35.231822)"
3000,ירושלים,533,דרך בר-לב,"בי""ס תיכון עבדאללה בן-אלחוסיין","(31.798328, 35.231822)"
3000,ירושלים,534,דרך בר-לב,"בי""ס תיכון עבדאללה בן-אלחוסיין","(31.798328, 35.231822)"
3000,ירושלים,535,דרך בר-לב,"בי""ס תיכון עבדאללה בן-אלחוסיין","(31.798328, 35.231822)"
3000,ירושלים,536,דרך בר-לב,"בי""ס תיכון עבדאללה בן-אלחוסיין","(31.798328, 35.231822)"
3000,ירושלים,537,דרך בר-לב,"בי""ס תיכון עבדאללה בן-אלחוסיין","(31.798328, 35.231822)"
3000,ירושלים,538,דרך בר-לב,"בי""ס תיכון עבדאללה בן-אלחוסיין","(31.798328, 35.231822)"
3000,ירושלים,539,דרך בר-לב,"בי""ס תיכון עבדאללה בן-אלחוסיין","(31.798328, 35.231822)"
3000,ירושלים,540,דרך בר-לב,"בי""ס תיכון עבדאללה בן-אלחוסיין","(31.798328, 35.231822)"
3000,ירושלים,541,דרך בר-לב,"בי""ס תיכון עבדאללה בן-אלחוסיין","(31.798328, 35.231822)"
3000,ירושלים,542,דרך בר-לב,"בי""ס תיכון עבדאללה בן-אלחוסיין","(31.798328, 35.231822)"
3000,ירושלים,543,"גריק פטריאכט,26 ",המרכז הפדגוגי,
3000,ירושלים,544,"גריק פטריאכט,26 ",המרכז הפדגוגי,
3000,ירושלים,545,"אלמדינה מונורה,142 ","בי""ס מקיף לבנות צור באחר",
3000,ירושלים,546,"אלמדינה מונורה,142 ","בי""ס מקיף לבנות צור באחר",
3000,ירושלים,547,"אלמדינה מונורה,142 ","בי""ס מקיף לבנות צור באחר",
3000,ירושלים,548,איחוד הכפר,"מתנ""ס בית צפאפא","(31.745592, 35.201824)"
3000,ירושלים,549,"אלמדינה מונורה,142 ","בי""ס מקיף לבנות צור באחר",
3000,ירושלים,550,"ככר ארן זלמן,11 ","בי""ס ממלכתי יד המורה המאוחד",
3000,ירושלים,551,"ככר ארן זלמן,11 ","בי""ס ממלכתי יד המורה המאוחד",
3000,ירושלים,552,"ככר ארן זלמן,7 ","בי""ס אלונים",
3000,ירושלים,553,"ככר ארן זלמן,7 ","בי""ס אלונים",
3000,ירושלים,554,"מעגלי הרי""ם לוין,27 ","ביה""ס בית יעקב הצפון (סנהדריה)","(31.8033163, 35.2167565)"
3000,ירושלים,555,"נטר,1 ","בי""ס תיכון רנה קאסן","(31.7988931, 35.2251212)"
3000,ירושלים,556,"ככר ארן זלמן,7 ","בי""ס אלונים",
3000,ירושלים,557,"נטר,1 ","בי""ס תיכון רנה קאסן","(31.7988931, 35.2251212)"
3000,ירושלים,558,"נטר,1 ","בי""ס תיכון רנה קאסן","(31.7988931, 35.2251212)"
3000,ירושלים,559,"מעגלי הרי""ם לוין,27 ","ביה""ס בית יעקב הצפון (סנהדריה)","(31.8033163, 35.2167565)"
3000,ירושלים,560,"לוחמי הגטאות,7 ",אולפנת צביה יצירתית,"(31.8011679, 35.2397036)"
3000,ירושלים,561,"ההגנה,13 ",מרכז קהילתי הגבעה הצרפתית,"(31.8044451, 35.2378014)"
3000,ירושלים,562,"ההגנה,13 ",מרכז קהילתי הגבעה הצרפתית,"(31.8044451, 35.2378014)"
3000,ירושלים,563,"ככר ארן זלמן,11 ","בי""ס ממלכתי יד המורה המאוחד",
3000,ירושלים,564,"מעגלי הרי""ם לוין,27 ","ביה""ס בית יעקב הצפון (סנהדריה)","(31.8033163, 35.2167565)"
3000,ירושלים,565,"אצ""ל,20 ","בי""ס מסורתי ע""ש פרנקל","(31.8029117, 35.2356429)"
3000,ירושלים,566,"אצ""ל,20 ","בי""ס מסורתי ע""ש פרנקל","(31.8029117, 35.2356429)"
3000,ירושלים,567,"הגננת,29 ",ארץ הצבי בית חינוך תורני עירונ,"(31.7305056, 35.1894652)"
3000,ירושלים,568,"ככר ארן זלמן,7 ","בי""ס אלונים",
3000,ירושלים,569,"נטר,1 ","בי""ס תיכון רנה קאסן","(31.7988931, 35.2251212)"
3000,ירושלים,571,"מח""ל,9 ","בי""ס תיכון עבדאללה בן-אלחוסיין","(31.7960526, 35.2305239)"
3000,ירושלים,572,"מעגלות הרב פרדס,39 ","בי""ס בית יעקב נוה יעקב","(31.8387353, 35.2453394)"
3000,ירושלים,573,"מעגלות הרב פרדס,39 ","בי""ס בית יעקב נוה יעקב","(31.8387353, 35.2453394)"
3000,ירושלים,574,"שד נוה יעקב,38 ",תלמוד תורה - בית רבן,
3000,ירושלים,575,"שד נוה יעקב,38ב",מועדון פיס לגיל הזהב (חדש),
3000,ירושלים,576,"בלבן מאיר,6 ","בי""ס בית יעקב - נווה בת שבע","(31.8434591, 35.2421135)"
3000,ירושלים,577,"מינץ,45 ",בית יעקב סניף רמת פולין,"(31.8244978, 35.190233)"
3000,ירושלים,578,"מעוז,1 ",אהבת ישראל,"(31.8178181, 35.202196)"
3000,ירושלים,579,"בובליק גדליה,26 ","בי""ס נועם בנים ובנות","(31.8152653, 35.2013819)"
3000,ירושלים,580,דרך בר-לב,"בי""ס תיכון עבדאללה בן-אלחוסיין","(31.798328, 35.231822)"
3000,ירושלים,581,"גריק פטריאכט,26 ",המרכז הפדגוגי,
3000,ירושלים,582,דרך בר-לב,"בי""ס תיכון עבדאללה בן-אלחוסיין","(31.798328, 35.231822)"
3000,ירושלים,583,"מח""ל,9 ","בי""ס תיכון עבדאללה בן-אלחוסיין","(31.7960526, 35.2305239)"
3000,ירושלים,584,דרך בר-לב,"בי""ס תיכון עבדאללה בן-אלחוסיין","(31.798328, 35.231822)"
3000,ירושלים,585,דרך בר-לב,"בי""ס תיכון עבדאללה בן-אלחוסיין","(31.798328, 35.231822)"
3000,ירושלים,586,"מח""ל,9 ","בי""ס תיכון עבדאללה בן-אלחוסיין","(31.7960526, 35.2305239)"
3000,ירושלים,587,"קדושי בבל,22 ",בית החינוך הניסויי איתן,"(31.7472902, 35.238566)"
3000,ירושלים,588,"מירסקי יצחק,10 ","בי""ס לבנות רמות פולין","(31.8201276, 35.1934833)"
3000,ירושלים,589,"הרואה,21 ","בי""ס ""תבונת יעקב""","(31.8176269, 35.1969881)"
3000,ירושלים,590,"קדושי בבל,1 ",ישיבת בני חייל צביה,"(31.7495437, 35.2378532)"
3000,ירושלים,591,"קדושי בבל,1 ",ישיבת בני חייל צביה,"(31.7495437, 35.2378532)"
3000,ירושלים,592,"רזיאל דוד,29 ",מקיף עירוני סליסברג,"(31.7525281, 35.2314732)"
3000,ירושלים,593,"רזיאל דוד,13 ","בי""ס קשת תלפ""ז","(31.7475467, 35.2313875)"
3000,ירושלים,594,"מבוא נטף,4 ","בי""ס ממלכתי א גילה","(31.7346713, 35.1988975)"
3000,ירושלים,595,"ורדינון,1 ","בי""ס תל""י גילה","(31.734823, 35.1996161)"
3000,ירושלים,596,"מבוא נטף,4 ","בי""ס ממלכתי א גילה","(31.7346713, 35.1988975)"
3000,ירושלים,597,"ורדינון,12 ",מרכז פיס קהילתי,"(31.7349035, 35.199199)"
3000,ירושלים,598,"ורדינון,12 ",מרכז פיס קהילתי,"(31.7349035, 35.199199)"
3000,ירושלים,599,"הגננת,29 ",ארץ הצבי בית חינוך תורני עירונ,"(31.7305056, 35.1894652)"
3000,ירושלים,600,"ורדינון,1 ","בי""ס תל""י גילה","(31.734823, 35.1996161)"
3000,ירושלים,601,"מח""ל,9 ","בי""ס תיכון עבדאללה בן-אלחוסיין","(31.7960526, 35.2305239)"
3000,ירושלים,602,"מח""ל,9 ","בי""ס תיכון עבדאללה בן-אלחוסיין","(31.7960526, 35.2305239)"
3000,ירושלים,603,דרך בר-לב,"בי""ס תיכון עבדאללה בן-אלחוסיין","(31.798328, 35.231822)"
3000,ירושלים,604,"מח""ל,9 ","בי""ס תיכון עבדאללה בן-אלחוסיין","(31.7960526, 35.2305239)"
3000,ירושלים,605,"מח""ל,9 ","בי""ס תיכון עבדאללה בן-אלחוסיין","(31.7960526, 35.2305239)"
3000,ירושלים,606,"מח""ל,9 ","בי""ס תיכון עבדאללה בן-אלחוסיין","(31.7960526, 35.2305239)"
3000,ירושלים,607,"מח""ל,9 ","בי""ס תיכון עבדאללה בן-אלחוסיין","(31.7960526, 35.2305239)"
3000,ירושלים,608,"מח""ל,9 ","בי""ס תיכון עבדאללה בן-אלחוסיין","(31.7960526, 35.2305239)"
3000,ירושלים,609,"מח""ל,9 ","בי""ס תיכון עבדאללה בן-אלחוסיין","(31.7960526, 35.2305239)"
3000,ירושלים,610,"מח""ל,9 ","בי""ס תיכון עבדאללה בן-אלחוסיין","(31.7960526, 35.2305239)"
3000,ירושלים,611,"מח""ל,9 ","בי""ס תיכון עבדאללה בן-אלחוסיין","(31.7960526, 35.2305239)"
3000,ירושלים,612,"מח""ל,9 ","בי""ס תיכון עבדאללה בן-אלחוסיין","(31.7960526, 35.2305239)"
3000,ירושלים,613,"אדם,28 ","בי""ס ממלכתי רמת מוריה תל""י","(31.7865033, 35.2205939)"
3000,ירושלים,614,"מח""ל,9 ","בי""ס תיכון עבדאללה בן-אלחוסיין","(31.7960526, 35.2305239)"
3000,ירושלים,615,"אצ""ל,20 ","בי""ס מסורתי ע""ש פרנקל","(31.8029117, 35.2356429)"
3000,ירושלים,616,"מח""ל,9 ","בי""ס תיכון עבדאללה בן-אלחוסיין","(31.7960526, 35.2305239)"
3000,ירושלים,618,"מח""ל,9 ","בי""ס תיכון עבדאללה בן-אלחוסיין","(31.7960526, 35.2305239)"
3000,ירושלים,619,"מח""ל,9 ","בי""ס תיכון עבדאללה בן-אלחוסיין","(31.7960526, 35.2305239)"
3000,ירושלים,620,"מח""ל,9 ","בי""ס תיכון עבדאללה בן-אלחוסיין","(31.7960526, 35.2305239)"
3000,ירושלים,621,"מח""ל,9 ","בי""ס תיכון עבדאללה בן-אלחוסיין","(31.7960526, 35.2305239)"
3000,ירושלים,622,"מח""ל,9 ","בי""ס תיכון עבדאללה בן-אלחוסיין","(31.7960526, 35.2305239)"
3000,ירושלים,623,"גיא בן הינום,8 ",מרכז המוסיקה גיא בן הינום,"(31.7684451, 35.229547)"
3000,ירושלים,624,"מח""ל,9 ","בי""ס תיכון עבדאללה בן-אלחוסיין","(31.7960526, 35.2305239)"
3000,ירושלים,625,"גריק פטריאכט,26 ",המרכז הפדגוגי,
3000,ירושלים,626,"מח""ל,9 ","בי""ס תיכון עבדאללה בן-אלחוסיין","(31.7960526, 35.2305239)"
3000,ירושלים,627,"מח""ל,9 ","בי""ס תיכון עבדאללה בן-אלחוסיין","(31.7960526, 35.2305239)"
3000,ירושלים,628,"מח""ל,9 ","בי""ס תיכון עבדאללה בן-אלחוסיין","(31.7960526, 35.2305239)"
3000,ירושלים,629,"אלמדינה מונורה,142 ","בי""ס מקיף לבנות צור באחר",
3000,ירושלים,630,"אלמדינה מונורה,142 ","בי""ס מקיף לבנות צור באחר",
3000,ירושלים,631,בית צפפה,"בי""ס תיכון בית צפאפה",
3000,ירושלים,632,"מח""ל,9 ","בי""ס תיכון עבדאללה בן-אלחוסיין","(31.7960526, 35.2305239)"
3000,ירושלים,633,"מח""ל,9 ","בי""ס תיכון עבדאללה בן-אלחוסיין","(31.7960526, 35.2305239)"
3000,ירושלים,634,"קדושי בבל,22 ",בית החינוך הניסויי איתן,"(31.7472902, 35.238566)"
3000,ירושלים,635,"קדושי בבל,22 ",בית חינוך ניסויי - אולם ספורט,"(31.7472902, 35.238566)"
3000,ירושלים,636,"אלמדינה מונורה,142 ","בי""ס מקיף לבנות צור באחר",
3000,ירושלים,637,"קדושי בבל,22 ",בית החינוך הניסויי איתן,"(31.7472902, 35.238566)"
3000,ירושלים,638,"קדושי בבל,22 ",בית החינוך הניסויי איתן,"(31.7472902, 35.238566)"
3000,ירושלים,639,"רזיאל דוד,13 ","בי""ס קשת תלפ""ז","(31.7475467, 35.2313875)"
3000,ירושלים,640,"אדם,28 ","בי""ס ממלכתי רמת מוריה תל""י","(31.7865033, 35.2205939)"
3000,ירושלים,641,"רזיאל דוד,29 ",מקיף עירוני סליסברג,"(31.7525281, 35.2314732)"
3000,ירושלים,642,"אדם,28 ","בי""ס ממלכתי רמת מוריה תל""י","(31.7865033, 35.2205939)"
3000,ירושלים,643,"קדושי בבל,22 ",בית החינוך הניסויי איתן,"(31.7472902, 35.238566)"
3000,ירושלים,644,"אדם,28 ","בי""ס ממלכתי רמת מוריה תל""י","(31.7865033, 35.2205939)"
3000,ירושלים,645,"מח""ל,9 ","בי""ס תיכון עבדאללה בן-אלחוסיין","(31.7960526, 35.2305239)"
3000,ירושלים,646,"מח""ל,9 ","בי""ס תיכון עבדאללה בן-אלחוסיין","(31.7960526, 35.2305239)"
3000,ירושלים,647,"מח""ל,9 ","בי""ס תיכון עבדאללה בן-אלחוסיין","(31.7960526, 35.2305239)"
3000,ירושלים,648,"מח""ל,9 ","בי""ס תיכון עבדאללה בן-אלחוסיין","(31.7960526, 35.2305239)"
3000,ירושלים,649,"רזיאל דוד,13 ","בי""ס קשת תלפ""ז","(31.7475467, 35.2313875)"
3000,ירושלים,650,"מעגלות הרב פרדס,39 ","בי""ס בית יעקב בניין ב'","(31.8387353, 35.2453394)"
3000,ירושלים,651,"מעגלות הרב פרדס,39 ","בי""ס בית יעקב נוה יעקב","(31.8387353, 35.2453394)"
3000,ירושלים,652,"מח""ל,9 ","בי""ס תיכון עבדאללה בן-אלחוסיין","(31.7960526, 35.2305239)"
3000,ירושלים,653,"מח""ל,9 ","בי""ס תיכון עבדאללה בן-אלחוסיין","(31.7960526, 35.2305239)"
3000,ירושלים,654,"מח""ל,9 ","בי""ס תיכון עבדאללה בן-אלחוסיין","(31.7960526, 35.2305239)"
3000,ירושלים,655,"מח""ל,9 ","בי""ס תיכון עבדאללה בן-אלחוסיין","(31.7960526, 35.2305239)"
3000,ירושלים,656,"מח""ל,9 ","בי""ס תיכון עבדאללה בן-אלחוסיין","(31.7960526, 35.2305239)"
3000,ירושלים,657,"מח""ל,9 ","בי""ס תיכון עבדאללה בן-אלחוסיין","(31.7960526, 35.2305239)"
3000,ירושלים,658,"מעוז,1 ",אהבת ישראל,"(31.8178181, 35.202196)"
3000,ירושלים,659,"אסירי ציון,2 ","בי""ס ממלכתי רמות אלון","(31.814363, 35.1949969)"
3000,ירושלים,660,"צונדק,26 ","בי""ס אופק","(31.8121593, 35.1971786)"
3000,ירושלים,661,"גריק פטריאכט,26 ",המרכז הפדגוגי,
3000,ירושלים,662,"גריק פטריאכט,26 ",המרכז הפדגוגי,
3000,ירושלים,663,"מח""ל,9 ","בי""ס תיכון עבדאללה בן-אלחוסיין","(31.7960526, 35.2305239)"
3000,ירושלים,664,"גריק פטריאכט,26 ",המרכז הפדגוגי,
3000,ירושלים,665,"גריק פטריאכט,26 ",המרכז הפדגוגי,
3000,ירושלים,666,"מח""ל,9 ","בי""ס תיכון עבדאללה בן-אלחוסיין","(31.7960526, 35.2305239)"
3000,ירושלים,667,"גריק פטריאכט,26 ",המרכז הפדגוגי,
3000,ירושלים,668,"גריק פטריאכט,26 ",המרכז הפדגוגי,
3000,ירושלים,669,"אידלזון אברהם,30 ","בי""ס ממ""ד הראל","(31.8188895, 35.1906272)"
3000,ירושלים,670,"אלמדינה מונורה,142 ","בי""ס מקיף לבנות צור באחר",
3000,ירושלים,671,"אסירי ציון,2 ","בי""ס ממלכתי רמות אלון","(31.814363, 35.1949969)"
3000,ירושלים,672,"אידלזון אברהם,30 ","בי""ס ממ""ד הראל","(31.8188895, 35.1906272)"
3000,ירושלים,673,"הגננת,29 ",ארץ הצבי בית חינוך תורני עירונ,"(31.7305056, 35.1894652)"
3000,ירושלים,674,"הגננת,29 ",ארץ הצבי בית חינוך אולם ספורט,"(31.7305056, 35.1894652)"
3000,ירושלים,675,"הגננת,29 ",ארץ הצבי בית חינוך תורני עירונ,"(31.7305056, 35.1894652)"
3000,ירושלים,676,"מרגלית,411 ","בי""ס ממלכתי גילה המאוחד","(31.8067015, 35.1656915)"
3000,ירושלים,677,"הדולב,423 ","בי""ס ממלכתי ג - אריאל גילה","(31.732852, 35.1881227)"
3000,ירושלים,678,"תירוש,9 ","בי""ס ממ""ד ב' גילה","(31.7352056, 35.1808988)"
3000,ירושלים,679,"ורדינון,1 ","בי""ס תל""י גילה","(31.734823, 35.1996161)"
3000,ירושלים,680,"ורדינון,12 ",מרכז פיס קהילתי,"(31.7349035, 35.199199)"
3000,ירושלים,681,"מרגלית,411 ","בי""ס ממלכתי גילה המאוחד","(31.8067015, 35.1656915)"
3000,ירושלים,682,צביה ויצחק,מעון אילן גילה,"(31.733173, 35.1829356)"
3000,ירושלים,683,"הדולב,423 ","בי""ס ממלכתי ג - אריאל גילה","(31.732852, 35.1881227)"
3000,ירושלים,684,"שוהם,526 ",חיה מושקא,"(31.7313227, 35.1838609)"
3000,ירושלים,685,"שוהם,526 ",חיה מושקא,"(31.7313227, 35.1838609)"
3000,ירושלים,686,"הדולב,423 ","בי""ס ממלכתי ג - אריאל גילה","(31.732852, 35.1881227)"
3000,ירושלים,687,"תירוש,9 ","בי""ס ממ""ד ב' גילה","(31.7352056, 35.1808988)"
3000,ירושלים,688,"הדולב,423 ","בי""ס ממלכתי ג - אריאל גילה","(31.732852, 35.1881227)"
3000,ירושלים,689,"תירוש,9 ","בי""ס ממ""ד ב' גילה","(31.7352056, 35.1808988)"
3000,ירושלים,690,"דרך בית לחם,113 ","בי""ס אהבת ישראל (בנות)","(31.7494142, 35.2173848)"
3000,ירושלים,691,"מרגלית,411 ","בי""ס ממלכתי גילה המאוחד","(31.8067015, 35.1656915)"
3000,ירושלים,692,"הדולב,423 ","בי""ס ממלכתי ג - אריאל גילה","(31.732852, 35.1881227)"
3000,ירושלים,693,"שבו,501 ",גן ילדים עירוני,"(31.7318851, 35.1851273)"
3000,ירושלים,694,"הרב זווין,4 ","בי""ס הצנע לכת","(31.8403112, 35.2482541)"
3000,ירושלים,696,"אלמדינה מונורה,142 ","בי""ס מקיף לבנות צור באחר",
3000,ירושלים,697,"הרב זווין,4 ","בי""ס הצנע לכת","(31.8403112, 35.2482541)"
3000,ירושלים,698,"שד נוה יעקב,38א","מינהל קהילתי ע""ש שיין-דוידוף",
3000,ירושלים,699,"מעגלות הרב פרדס,39 ","בי""ס בית יעקב נוה יעקב","(31.8387353, 35.2453394)"
3000,ירושלים,700,"בלבן מאיר,6 ","בי""ס בית יעקב - נווה בת שבע","(31.8434591, 35.2421135)"
3000,ירושלים,701,"שד נוה יעקב,38 ",תלמוד תורה - בית רבן,
3000,ירושלים,702,"מעגלות הרב פרדס,39 ","בי""ס בית יעקב נוה יעקב","(31.8387353, 35.2453394)"
3000,ירושלים,703,"הרב זווין,4 ","בי""ס הצנע לכת","(31.8403112, 35.2482541)"
3000,ירושלים,704,"מעגלות הרב פרדס,39 ","בי""ס בית יעקב נוה יעקב","(31.8387353, 35.2453394)"
3000,ירושלים,705,"מעוז,1 ",אהבת ישראל,"(31.8178181, 35.202196)"
3000,ירושלים,706,"צונדק,1 ","חט""ב בנות אור תורה","(31.8097375, 35.1991531)"
3000,ירושלים,707,"מעוז,1 ",אהבת ישראל,"(31.8178181, 35.202196)"
3000,ירושלים,708,"צונדק,26 ","בי""ס אופק","(31.8121593, 35.1971786)"
3000,ירושלים,709,"אסירי ציון,2 ","בי""ס ממלכתי רמות אלון","(31.814363, 35.1949969)"
3000,ירושלים,710,"בובליק גדליה,26 ","בי""ס נועם בנים ובנות","(31.8152653, 35.2013819)"
3000,ירושלים,711,"רקנטי אברהם,345 ",בית יעקב אוהל רחל,"(31.821048, 35.189544)"
3000,ירושלים,712,"מעגלות הרב פרדס,39 ","בי""ס בית יעקב בניין ב'","(31.8387353, 35.2453394)"
3000,ירושלים,713,"בלבן מאיר,6 ","בי""ס בית יעקב - נווה בת שבע","(31.8434591, 35.2421135)"
3000,ירושלים,714,"שד נוה יעקב,38 ",תלמוד תורה - בית רבן,
3000,ירושלים,715,"לוחמי הגטאות,7 ",אולפנת צביה יצירתית,"(31.8011679, 35.2397036)"
3000,ירושלים,716,"אצ""ל,20 ","בי""ס מסורתי ע""ש פרנקל","(31.8029117, 35.2356429)"
3000,ירושלים,717,"צונדק,1 ","חט""ב בנות אור תורה","(31.8097375, 35.1991531)"
3000,ירושלים,718,"מעלות כיסופים,5 ","אור תורה רמות בנים חט""ב",
3000,ירושלים,719,"רקנטי אברהם,6 ",מרכז קהילתי בית-אברהם,
3000,ירושלים,720,"שד דיין משה,135 ",מינהל קהילתי פסגת זאב,"(31.796102, 34.638139)"
3000,ירושלים,721,"השישה עשר,19 ","בי""ס ממלכתי א' פ.זאב מרכז","(31.8275348, 35.2407251)"
3000,ירושלים,722,"השישה עשר,19 ","בי""ס ממלכתי א' פ.זאב מרכז","(31.8275348, 35.2407251)"
3000,ירושלים,723,"השישה עשר,34 ","בי""ס ממ""ד פסגת דוד","(31.8288459, 35.2454991)"
3000,ירושלים,724,"השישה עשר,34 ","בי""ס ממ""ד פסגת דוד","(31.8288459, 35.2454991)"
3000,ירושלים,725,"השישה עשר,34 ","בי""ס ממ""ד פסגת דוד","(31.8288459, 35.2454991)"
3000,ירושלים,726,"חיל האויר,60 ","ישיבת בני עקיבא ""נתיבות חיים""",
3000,ירושלים,727,"השישה עשר,34 ","בי""ס ממ""ד פסגת דוד","(31.8288459, 35.2454991)"
3000,ירושלים,728,"חיל האויר,60 ","ישיבת בני עקיבא ""נתיבות חיים""",
3000,ירושלים,729,"מזל טלה,11 ","בי""ס ממלכתי פסגת זאב צפון","(31.834728, 35.2352226)"
3000,ירושלים,730,"תמיר שמואל,74 ","בי""ס ממלכתי ע""ש מרדכי איש-שלום","(31.8205015, 35.2370296)"
3000,ירושלים,731,"מזל טלה,11 ","בי""ס ממלכתי פסגת זאב צפון","(31.834728, 35.2352226)"
3000,ירושלים,732,"תמיר שמואל,74 ","בי""ס ממלכתי ע""ש מרדכי איש-שלום","(31.8205015, 35.2370296)"
3000,ירושלים,733,"רחמילביץ משה,1 ",אולפנא בני עקיבא,"(31.8223293, 35.2383961)"
3000,ירושלים,734,"גרשון מאיר,21 ","בי""ס ממלכתי א'-פסגת זאב מזרח","(31.8193006, 35.2451553)"
3000,ירושלים,735,"טוניק יצחק,21 ","בי""ס ממלכתי ב'-תל""י פ.זאב מז'","(31.8203202, 35.2526897)"
3000,ירושלים,736,"גרשון מאיר,21 ","בי""ס ממלכתי א'-פסגת זאב מזרח","(31.8193006, 35.2451553)"
3000,ירושלים,737,"רחמילביץ משה,1 ",אולפנא בני עקיבא,"(31.8223293, 35.2383961)"
3000,ירושלים,738,"גרשון מאיר,26 ","בי""ס ממ""ד תורני-פסגת זאב מזרח","(31.819117, 35.2467531)"
3000,ירושלים,739,"טוניק יצחק,21 ","בי""ס ממלכתי ב'-תל""י פ.זאב מז'","(31.8203202, 35.2526897)"
3000,ירושלים,740,"גרשון מאיר,21 ","בי""ס ממלכתי א'-פסגת זאב מזרח","(31.8193006, 35.2451553)"
3000,ירושלים,741,"מח""ל,9 ","בי""ס תיכון עבדאללה בן-אלחוסיין","(31.7960526, 35.2305239)"
3000,ירושלים,742,מחנה פליטים קלנדיה,מינהל קהילתי - מעבר קלנדיה,
3000,ירושלים,743,"גרשון מאיר,26 ","בי""ס ממ""ד תורני-פסגת זאב מזרח","(31.819117, 35.2467531)"
3000,ירושלים,744,"טוניק יצחק,21 ","בי""ס ממלכתי ב'-תל""י פ.זאב מז'","(31.8203202, 35.2526897)"
3000,ירושלים,745,"מזל דלי,21 ","תלמוד תורה ""לקח יוסף""","(31.8345302, 35.2336949)"
3000,ירושלים,746,"מזל דלי,21 ","תלמוד תורה ""לקח יוסף""","(31.8345302, 35.2336949)"
3000,ירושלים,747,"נדבה יוסף,47 ","בי""ס נועם בנות פסגת זאב מזרח","(31.815312, 35.2524963)"
3000,ירושלים,748,"גרשון מאיר,26 ","בי""ס ממ""ד תורני-פסגת זאב מזרח","(31.819117, 35.2467531)"
3000,ירושלים,749,"נדבה יוסף,47 ","בי""ס נועם בנות פסגת זאב מזרח","(31.815312, 35.2524963)"
3000,ירושלים,750,"גרשון מאיר,26 ","בי""ס ממ""ד תורני-פסגת זאב מזרח","(31.819117, 35.2467531)"
3000,ירושלים,751,"נדבה יוסף,47 ","בי""ס נועם בנות פסגת זאב מזרח","(31.815312, 35.2524963)"
3000,ירושלים,752,"טוניק יצחק,21 ","בית ספר נועם בנים ע""ש זבולון ה","(31.8203202, 35.2526897)"
3000,ירושלים,753,"טוניק יצחק,21 ","בית ספר נועם בנים ע""ש זבולון ה","(31.8203202, 35.2526897)"
3000,ירושלים,754,"טוניק יצחק,21 ","בית ספר נועם בנים ע""ש זבולון ה","(31.8203202, 35.2526897)"
3000,ירושלים,755,"רחמילביץ משה,1 ",אולפנא בני עקיבא,"(31.8223293, 35.2383961)"
3000,ירושלים,756,"תמיר שמואל,74 ","בי""ס ממלכתי ע""ש מרדכי איש-שלום","(31.8205015, 35.2370296)"
3000,ירושלים,757,"השישה עשר,19 ","בי""ס ממלכתי א' פ.זאב מרכז","(31.8275348, 35.2407251)"
3000,ירושלים,758,"מזל טלה,11 ","בי""ס ממלכתי פסגת זאב צפון","(31.834728, 35.2352226)"
3000,ירושלים,759,"השישה עשר,34 ","בי""ס ממ""ד פסגת דוד","(31.8288459, 35.2454991)"
3000,ירושלים,760,"שד נוה יעקב,38א","מינהל קהילתי ע""ש שיין-דוידוף",
3000,ירושלים,761,"בלבן מאיר,6 ","בי""ס בית יעקב - נווה בת שבע","(31.8434591, 35.2421135)"
3000,ירושלים,762,"הרב זווין,4 ","בי""ס הצנע לכת","(31.8403112, 35.2482541)"
3000,ירושלים,763,"מזל טלה,11 ","בי""ס ממלכתי פסגת זאב צפון","(31.834728, 35.2352226)"
3000,ירושלים,764,"רחמילביץ משה,1 ",אולפנא בני עקיבא,"(31.8223293, 35.2383961)"
3000,ירושלים,765,"מזל דלי,21 ","תלמוד תורה ""לקח יוסף""","(31.8345302, 35.2336949)"
3000,ירושלים,766,"מזל דלי,21 ","תלמוד תורה ""לקח יוסף""","(31.8345302, 35.2336949)"
3000,ירושלים,767,"צונדק,1 ","חט""ב בנות אור תורה","(31.8097375, 35.1991531)"
3000,ירושלים,768,"קורן אליהו,18 ","בי""ס ממ""ד עמיטל","(31.7224316, 35.2246267)"
3000,ירושלים,769,"אידלזון אברהם,30 ","בי""ס ממ""ד הראל","(31.8188895, 35.1906272)"
3000,ירושלים,770,"חיל האויר,60 ","ישיבת בני עקיבא ""נתיבות חיים""",
3000,ירושלים,771,"הרואה,21 ","בי""ס ""תבונת יעקב""","(31.8176269, 35.1969881)"
3000,ירושלים,772,"מירסקי יצחק,10 ","בי""ס לבנות רמות פולין","(31.8201276, 35.1934833)"
3000,ירושלים,773,"בובליק גדליה,26 ","בי""ס נועם בנים ובנות","(31.8152653, 35.2013819)"
3000,ירושלים,774,"בובליק גדליה,26 ","בי""ס נועם בנים ובנות","(31.8152653, 35.2013819)"
3000,ירושלים,775,"מירסקי יצחק,10 ","בי""ס לבנות רמות פולין","(31.8201276, 35.1934833)"
3000,ירושלים,776,"מעוז,1 ",אהבת ישראל,"(31.8178181, 35.202196)"
3000,ירושלים,777,"מעלות כיסופים,5 ","בי""ס תבל",
3000,ירושלים,778,"אידלזון אברהם,30 ","בי""ס ממ""ד הראל","(31.8188895, 35.1906272)"
3000,ירושלים,779,"שד גולדה מאיר,474 ","מתנ""ס מעלה רמות (לב רמות)",
3000,ירושלים,780,"אסירי ציון,2 ","בי""ס ממלכתי רמות אלון","(31.814363, 35.1949969)"
3000,ירושלים,781,"אסירי ציון,2 ","בי""ס ממלכתי רמות אלון","(31.814363, 35.1949969)"
3000,ירושלים,782,"צונדק,1 ","חט""ב בנות אור תורה","(31.8097375, 35.1991531)"
3000,ירושלים,783,"מירסקי יצחק,10 ","בי""ס לבנות רמות פולין","(31.8201276, 35.1934833)"
3000,ירושלים,784,"מינץ,45 ",בית יעקב סניף רמת פולין,"(31.8244978, 35.190233)"
3000,ירושלים,785,"מינץ,45 ",בית יעקב סניף רמת פולין,"(31.8244978, 35.190233)"
3000,ירושלים,786,"רקנטי אברהם,345 ",בית יעקב אוהל רחל,"(31.821048, 35.189544)"
3000,ירושלים,787,"רקנטי אברהם,345 ",בית יעקב אוהל רחל,"(31.821048, 35.189544)"
3000,ירושלים,788,"אידלזון אברהם,30 ","בי""ס ממ""ד הראל","(31.8188895, 35.1906272)"
3000,ירושלים,789,"רקנטי אברהם,6 ",מרכז קהילתי בית-אברהם,
3000,ירושלים,790,"נדבה יוסף,47 ","בי""ס נועם בנות פסגת זאב מזרח","(31.815312, 35.2524963)"
3000,ירושלים,791,"מינץ,45 ",בית יעקב סניף רמת פולין,"(31.8244978, 35.190233)"
3000,ירושלים,792,"הרב זווין,40 ","ת""ת תורת העמק","(31.8395593, 35.248637)"
3000,ירושלים,793,"אביגור שאול,7 ",מנהל קהילתי חומת שמואל,"(31.7240984, 35.2210932)"
3000,ירושלים,794,"אביגור שאול,9 ","ממ""ד תורני חומת שמואל","(31.7237292, 35.2198252)"
3000,ירושלים,795,"מעלות כיסופים,5 ","אור תורה רמות בנים חט""ב",
3000,ירושלים,796,"בית""ר,8 ","בי""ס התיכון המסורתי","(31.7511763, 35.2242165)"
3000,ירושלים,797,"טוניק יצחק,21 ","בי""ס ממלכתי ב'-תל""י פ.זאב מז'","(31.8203202, 35.2526897)"
3000,ירושלים,798,"נדבה יוסף,47 ","בי""ס נועם בנות פסגת זאב מזרח","(31.815312, 35.2524963)"
3000,ירושלים,799,"אלמדינה מונורה,142 ","בי""ס מקיף לבנות צור באחר",
3000,ירושלים,800,"קהילות יעקב,15 ","בי""ס בית יעקב רמת שלמה","(31.8129538, 35.2173121)"
3000,ירושלים,801,"קהילות יעקב,15 ","בי""ס בית יעקב רמת שלמה","(31.8129538, 35.2173121)"
3000,ירושלים,802,"קהילות יעקב,10 ",מינהל קהילתי רמת שלמה,"(31.8129538, 35.2173121)"
3000,ירושלים,803,אגרות משה,"בי""ס ממד חבד לבנות בית חנה","(31.8090266, 35.223211)"
3000,ירושלים,804,"חזון איש,62 ","בי""ס ב.יעקב חזון איש","(31.8088373, 35.2197598)"
3000,ירושלים,805,"קהילות יעקב,15 ","בי""ס בית יעקב רמת שלמה","(31.8129538, 35.2173121)"
3000,ירושלים,806,"הרב קלכהיים עוזי,1 ","בי""ס אור - רחל","(31.8106443, 35.2212616)"
3000,ירושלים,807,אגרות משה,"בי""ס ממד חבד לבנות בית חנה","(31.8090266, 35.223211)"
3000,ירושלים,808,אגרות משה,"בי""ס ממד חבד לבנות בית חנה","(31.8090266, 35.223211)"
3000,ירושלים,809,"חזון איש,62 ","בי""ס ב.יעקב חזון איש","(31.8088373, 35.2197598)"
3000,ירושלים,810,"חזון איש,62 ","בי""ס ב.יעקב חזון איש","(31.8088373, 35.2197598)"
3000,ירושלים,811,"קהילות יעקב,10 ",מינהל קהילתי רמת שלמה,"(31.8129538, 35.2173121)"
3000,ירושלים,812,"קהילות יעקב,10 ",מינהל קהילתי רמת שלמה,"(31.8129538, 35.2173121)"
3000,ירושלים,813,"הלל,30 ","ביה""ס ניסויי -תיכון","(31.7796636, 35.2191476)"
3000,ירושלים,814,"התומר,5 ","בי""ס יפה נוף","(31.7794805, 35.1864383)"
3000,ירושלים,815,"גרינולד,8 ",אולפנא נווה עציון,
3000,ירושלים,816,"זנגויל,29 ","בי""ס ע""ש אגרון",
3000,ירושלים,817,"שד שרת משה,1 ","בי""ס מנשה אלישר - מרכזי",
3000,ירושלים,818,"אליעזר הגדול,4 ","מרכז לקשיש ע""ש הופמן","(31.753697, 35.2047628)"
3000,ירושלים,819,"גנרל קניג פייר,16 ","בי""ס מקור חיים",
3000,ירושלים,820,"הגננת,29 ",ארץ הצבי בית חינוך תורני עירונ,"(31.7305056, 35.1894652)"
3000,ירושלים,821,"הגננת,29 ",ארץ הצבי בית חינוך תורני עירונ,"(31.7305056, 35.1894652)"
3000,ירושלים,822,בתי מחסה,"בי""ס ממ""ד הרובע היהודי","(31.7741572, 35.2328347)"
3000,ירושלים,823,"מבוא נטף,4 ","בי""ס ממלכתי א גילה","(31.7346713, 35.1988975)"
3000,ירושלים,824,"ורדינון,1 ","בי""ס תל""י גילה","(31.734823, 35.1996161)"
3000,ירושלים,825,"מבוא נטף,4 ","בי""ס ממלכתי א גילה","(31.7346713, 35.1988975)"
3000,ירושלים,826,"הדולב,423 ","בי""ס ממלכתי ג - אריאל גילה","(31.732852, 35.1881227)"
3000,ירושלים,827,"מירסקי יצחק,10 ","בי""ס לבנות רמות פולין","(31.8201276, 35.1934833)"
3000,ירושלים,828,"טוניק יצחק,21 ","בית ספר נועם בנים ע""ש זבולון ה","(31.8203202, 35.2526897)"
3000,ירושלים,829,"בית""ר,8 ","בי""ס התיכון המסורתי","(31.7511763, 35.2242165)"
3000,ירושלים,830,"תירוש,9 ","בי""ס ממ""ד ב' גילה","(31.7352056, 35.1808988)"
3000,ירושלים,831,"תירוש,561 ",גן ילדים - שפה,"(31.7364077, 35.1789083)"
3000,ירושלים,832,"דבורה הנביאה,2 ",משרד החינוך-לב רם,"(31.7843553, 35.2239218)"
3000,ירושלים,833,"אהלי יוסף,15 ","בי""ס בית יעקב עזרת תורה","(31.7966028, 35.216598)"
3000,ירושלים,849,"ויטל חיים,32 ","נועם-ממ""ד תורני לבנים","(31.7892203, 35.191675)"
3000,ירושלים,850,"אביגור שאול,9 ","ממ""ד תורני חומת שמואל","(31.7237292, 35.2198252)"
3000,ירושלים,851,"אביגור שאול,9 ","ממ""ד תורני חומת שמואל","(31.7237292, 35.2198252)"
3000,ירושלים,852,"רפאל יצחק,4 ","בי""ס עופרים","(31.7219408, 35.2158453)"
3000,ירושלים,853,"הרב ניסים יצחק,3 ","בי""ס תל""י למדעים ע""ש אילן רמון","(31.7261155, 35.2237848)"
3000,ירושלים,854,"אביגור שאול,7 ",מנהל קהילתי חומת שמואל,"(31.7240984, 35.2210932)"
3000,ירושלים,855,"הרב ניסים יצחק,3 ","בי""ס תל""י למדעים ע""ש אילן רמון","(31.7261155, 35.2237848)"
3000,ירושלים,856,"הרב ניסים יצחק,3 ","בי""ס תל""י למדעים ע""ש אילן רמון","(31.7261155, 35.2237848)"
3000,ירושלים,857,"אביגור שאול,9 ","ממ""ד תורני חומת שמואל","(31.7237292, 35.2198252)"
3000,ירושלים,858,"אביגור שאול,9 ","ממ""ד תורני חומת שמואל","(31.7237292, 35.2198252)"
3000,ירושלים,859,"קורן אליהו,18 ","בי""ס ממ""ד עמיטל","(31.7224316, 35.2246267)"
3000,ירושלים,860,"שמחת כהן,32 ","בי""ס נועם בנים/בנות-הר חומה","(31.7203192, 35.2278325)"
3000,ירושלים,861,"נטר,1 ","בי""ס תיכון רנה קאסן","(31.7988931, 35.2251212)"
3000,ירושלים,862,"יוסי בן יועזר,24 ","בי""ס תדהר","(31.7548826, 35.2066702)"
3000,ירושלים,863,"אדם,28 ","בי""ס ממלכתי רמת מוריה תל""י","(31.7865033, 35.2205939)"
3000,ירושלים,864,"קורן אליהו,18 ","בי""ס ממ""ד עמיטל","(31.7224316, 35.2246267)"
3000,ירושלים,865,"קורן אליהו,18 ","בי""ס ממ""ד עמיטל","(31.7224316, 35.2246267)"
3000,ירושלים,866,"אביגור שאול,7 ",מנהל קהילתי חומת שמואל,"(31.7240984, 35.2210932)"
3000,ירושלים,867,"שמחת כהן,32 ","בי""ס נועם בנים/בנות-הר חומה","(31.7203192, 35.2278325)"
3000,ירושלים,868,"שמחת כהן,32 ","בי""ס נועם בנים/בנות-הר חומה","(31.7203192, 35.2278325)"
3000,ירושלים,870,"בית""ר,8 ","בי""ס התיכון המסורתי אולם ספורט","(31.7511763, 35.2242165)"
3000,ירושלים,871,"אביגור שאול,7 ",מנהל קהילתי חומת שמואל,"(31.7240984, 35.2210932)"
3000,ירושלים,950,"נג'ארה,27 ",מרכז קהילתי רוס,"(31.7906761, 35.1917225)"
3000,ירושלים,951,"הפסגה,24 ","בי""ס בית יעקב לבנות","(31.7682682, 35.1827313)"
3000,ירושלים,952,"אלוף שאלתיאל,1 ",בית ברלין ליד בית החייל,
3000,ירושלים,953,"בן לברט,15 ","ביס ע""ש פולה בן גוריון","(31.771169, 35.2111188)"
3000,ירושלים,954,"המעיין,2 ","בי""ס ברושים מיוחד","(31.7660442, 35.1615625)"
3000,ירושלים,955,"מרגולין,3 ","בי""ס יסודי גבעת גונן","(31.7548387, 35.1949899)"
3000,ירושלים,956,"שמואל הנביא,85 ","ת""ת שערי תורה (למען אחי)","(31.7944558, 35.2207062)"
3000,ירושלים,957,"המ""ג,1 ",תלמוד תורה רוממה,"(31.7902486, 35.1999882)"
3000,ירושלים,958,"נחשון,11 ","בי""ס הממלכתי בן יהודה","(31.7648466, 35.2262262)"
3000,ירושלים,959,"הרב ניסים יצחק,3 ","בי""ס תל""י למדעים ע""ש אילן רמון","(31.7261155, 35.2237848)"
3000,ירושלים,960,"בית""ר,8 ","בי""ס התיכון המסורתי","(31.7511763, 35.2242165)"
3000,ירושלים,964,"תירוש,9 ","בי""ס ממ""ד ב' גילה","(31.7352056, 35.1808988)"
3000,ירושלים,965,"בית""ר,8 ","בי""ס התיכון המסורתי","(31.7511763, 35.2242165)"
3000,ירושלים,966,"הלל,30 ","ביה""ס ניסויי -תיכון","(31.7796636, 35.2191476)"
3000,ירושלים,967,"מוצא תחתית,1א",מעגלים - מוצא תחתית,
3000,ירושלים,968,"חיל האויר,60 ","ישיבת בני עקיבא ""נתיבות חיים""",
3000,ירושלים,969,"שד דיין משה,135 ",מינהל קהילתי פסגת זאב,"(31.796102, 34.638139)"
3000,ירושלים,970,"בית הערבה,7 ",אורט בית הערבה,"(31.7488173, 35.2208124)"
3000,ירושלים,971,"מוצא תחתית,1א",מעגלים - מוצא תחתית,
3000,ירושלים,972,"החלוץ,47 ","בית ספר ויצ""ו בית הכרם","(31.7766474, 35.1907608)"
3000,ירושלים,973,"חכמי יוסף,28א","ביה""ס שיח סוד","(31.76393, 35.189863)"
3000,ירושלים,974,"הרב קלכהיים עוזי,1 ","בי""ס אור - רחל","(31.8106443, 35.2212616)"
3000,ירושלים,975,"אלוף שאלתיאל,1 ",בית ברלין ליד בית החייל,
3000,ירושלים,990,"רבי עקיבא,7 ","בי""ס הניסויי יסודי","(31.7792258, 35.2180783)"
3000,ירושלים,991,"מח""ל,9 ","בי""ס תיכון עבדאללה בן-אלחוסיין","(31.7960526, 35.2305239)"
3000,ירושלים,994,מחנה פליטים קלנדיה,מינהל קהילתי - מעבר קלנדיה,
3000,ירושלים,995,"מח""ל,9 ","בי""ס תיכון עבדאללה בן-אלחוסיין","(31.7960526, 35.2305239)"
3000,ירושלים,996,"מח""ל,9 ","בי""ס תיכון עבדאללה בן-אלחוסיין","(31.7960526, 35.2305239)"
3000,ירושלים,997,"מח""ל,9 ","בי""ס תיכון עבדאללה בן-אלחוסיין","(31.7960526, 35.2305239)"
3000,ירושלים,998,"מח""ל,9 ","בי""ס תיכון עבדאללה בן-אלחוסיין","(31.7960526, 35.2305239)"
1056,"עין כרם-בי""ס חקלאי",1,"עין כרם-בי""ס חקלאי",מזכירות,
127,רמת רחל,1,רמת רחל,מועדון חברים,"(31.7374798, 35.218035)"
472,אבו גוש,1,דרך השלום,"בי""ס תיכון",
472,אבו גוש,2,דרך השלום,"בי""ס תיכון",
472,אבו גוש,3,דרך השלום,"בי""ס חטיבת ביניים",
472,אבו גוש,4,"התמר,2 ","בי""ס יסודי השלום","(31.7994947, 35.1205527)"
472,אבו גוש,5,דרך השלום,"בי""ס חטיבת ביניים",
472,אבו גוש,6,"התמר,2 ","בי""ס יסודי השלום","(31.7994947, 35.1205527)"
472,אבו גוש,7,דרך השלום,"בי""ס תיכון",
472,אבו גוש,8,דרך השלום,"בי""ס חטיבת ביניים",
472,אבו גוש,9,"התמר,2 ","בי""ס יסודי השלום","(31.7994947, 35.1205527)"
1070,אביעזר,1,אביעזר,בית העם,"(31.682907, 35.016789)"
783,אבן ספיר,1,אבן ספיר,בית העם,"(32.111657, 34.826354)"
3786,אבנת,1,אבנת,מרכז לימודי,"(32.924138, 35.27991)"
3759,אדורה,1,אדורה,מזכירות,
1123,אדרת,1,אדרת,בית העם,
780,אורה,1,אורה,"מועדון נוער ע""י מועדון פיס","(31.7558672, 35.1513975)"
780,אורה,2,אורה,"מועדון נוער ע""י מועדון פיס","(31.7558672, 35.1513975)"
886,איתנים,1,איתנים,ניידת איתנים,"(31.7787968, 35.0958809)"
3604,אלון שבות,1,מעלה מיכאל,אולם שמחות,
3604,אלון שבות,2,מעלה מיכאל,אולם שמחות,
3604,אלון שבות,3,מגיני הגוש,ספריה איזורית,
3604,אלון שבות,4,מעלה מיכאל,אולם שמחות,
3556,אלמוג,1,אלמוג,מבנה המזכירות מועדון לחבר,"(32.8114575, 34.9616748)"
3618,אלעזר,1,"מתתיהו,4 ",מרכז הפיס,
3618,אלעזר,2,"מתתיהו,4 ",מרכז הפיס,
3618,אלעזר,3,"מתתיהו,4 ",מרכז הפיס,
3754,אספר,1,אספר,האולם של הישוב,"(31.7789498, 35.1531874)"
3650,אפרת,1,התאנה,תיכון דרך אבות (לבנים),
3650,אפרת,2,התאנה,תיכון דרך אבות (לבנים),
3650,אפרת,3,שיבת ציון,"בי""ס אורות עציון(בנים)",
3650,אפרת,4,"שד המלך דוד,35 ",מרכז קהילתי אפרת - הגפן,
3650,אפרת,5,"שד המלך דוד,37 ","בי""ס ממ""ד עשה חיל",
3650,אפרת,6,"מוריה,7 ","בי""ס בשכונת תמר",
3650,אפרת,7,שיבת ציון,"בי""ס אורות עציון(בנים)",
3650,אפרת,8,זית שמן,"שלוחת מתנ""ס - מרכז קהילתי אפרת",
3650,אפרת,9,זית שמן,"שלוחת מתנ""ס - מרכז קהילתי אפרת",
3650,אפרת,10,"חנה,3 ",ישיבה תיכונית אורות יהודה,
3650,אפרת,11,"חנה,3 ",ישיבה תיכונית אורות יהודה,
3650,אפרת,12,"מוריה,7 ","בי""ס בשכונת תמר",
3650,אפרת,13,"מוריה,7 ","בי""ס בשכונת תמר",
740,אשתאול,1,אשתאול,בית העם,"(31.7744357, 35.0009053)"
3574,בית אל,1,בית אל,מועדון פיס גיל הזהב שכונה א',"(31.9470777, 35.2302332)"
3574,בית אל,2,מבוא התקומה,מועדון-מרכז שכונה בית אל ב',
3574,בית אל,3,בית אל,מועדון פיס גיל הזהב שכונה א',"(31.9470777, 35.2302332)"
3574,בית אל,4,מבוא התקומה,מועדון-מרכז שכונה בית אל ב',
3574,בית אל,5,בית אל,מועדון פיס גיל הזהב שכונה א',"(31.9470777, 35.2302332)"
3574,בית אל,6,מבוא התקומה,מועדון-מרכז שכונה בית אל ב',
3645,בית הערבה,1,בית הערבה,מעון יום,"(31.7499126, 35.2217513)"
710,בית זית,1,האגם,ריכוז גנים,"(31.7809714, 35.1611126)"
710,בית זית,2,האגם,ריכוז גנים,"(31.7809714, 35.1611126)"
3575,בית חורון,1,בית חורון,"בי""ס ממלכתי דתי",
3575,בית חורון,2,בית חורון,"בי""ס ממלכתי דתי",
751,בית מאיר,1,בית מאיר,בית העם,"(31.791727, 35.037927)"
672,בית נקופה,1,הערבה,מועדון גן אוטו,"(31.8039359, 35.1249305)"
2610,בית שמש,2,"המעפילים,2 ",שרות תעסוקה,"(31.7504567, 34.9859103)"
2610,בית שמש,3,"סמ ויצ""ו,16 ",בית הנוער ויצו,
2610,בית שמש,4,"עלית הנוער,2 ","בי""ס עתיד דביר נתיב ישיבתי","(31.7463335, 34.991815)"
2610,בית שמש,5,"גור אריה,7 ","בי""ס תפנית","(31.751351, 34.9849247)"
2610,בית שמש,6,הרצל,היכל הספורט,"(31.7496336, 34.9873017)"
2610,בית שמש,7,"רביצקי,1 ",בית הנוער ז'בוטינסקי,"(31.7517596, 34.9942989)"
2610,בית שמש,8,"רביצקי,1 ",בית הנוער ז'בוטינסקי,"(31.7517596, 34.9942989)"
2610,בית שמש,9,הרצל,היכל הספורט,"(31.7496336, 34.9873017)"
2610,בית שמש,10,הרצל,היכל הספורט,"(31.7496336, 34.9873017)"
2610,בית שמש,11,"רבנו חיים הלוי,1 ","בי""ס מנוחה ונחלה","(31.7412585, 34.9962139)"
2610,בית שמש,12,"הנורית,16 ","בי""ס זבוטינסקי","(31.73765, 34.9787475)"
2610,בית שמש,13,"הנורית,16 ","בי""ס זבוטינסקי","(31.73765, 34.9787475)"
2610,בית שמש,14,"הנורית,16 ","בי""ס זבוטינסקי","(31.73765, 34.9787475)"
2610,בית שמש,15,"הנרקיס,140 ",מרכז קהילתי מבצע משה,"(31.7385797, 34.9756706)"
2610,בית שמש,16,"הרקפת,59 ","מתנ""ס ע""ש מאירוף","(31.7377294, 34.9771099)"
2610,בית שמש,17,"הרקפת,59 ","מתנ""ס ע""ש מאירוף","(31.7377294, 34.9771099)"
2610,בית שמש,18,"בן אליעזר,7 ","בי""ס עוזיאל","(31.7413739, 34.9827712)"
2610,בית שמש,19,"בן זאב יהודה,3 ","בי""ס חיי שרה","(31.742729, 34.994056)"
2610,בית שמש,20,רזיאל דוד,"בי""ס ממד לוין","(31.7426436, 34.9834367)"
2610,בית שמש,21,"עלית הנוער,2 ","בי""ס עתיד דביר נתיב ישיבתי","(31.7463335, 34.991815)"
2610,בית שמש,22,"עלית הנוער,2 ","בי""ס עתיד דביר נתיב ישיבתי","(31.7463335, 34.991815)"
2610,בית שמש,23,רזיאל דוד,"בי""ס ממד לוין","(31.7426436, 34.9834367)"
2610,בית שמש,24,"הרב הרצוג,51 ","בי""ס תורני ""אורות בנות""","(31.7352884, 34.9981407)"
2610,בית שמש,25,"בן זאב יהודה,3 ","בי""ס חיי שרה","(31.742729, 34.994056)"
2610,בית שמש,26,"הגולן,16 ","בי""ס אשכול","(31.7447398, 34.9900561)"
2610,בית שמש,27,רזיאל דוד,"בי""ס ממד לוין","(31.7426436, 34.9834367)"
2610,בית שמש,28,רזיאל דוד,"בי""ס ממד לוין","(31.7426436, 34.9834367)"
2610,בית שמש,29,"בן אליעזר,7 ","בי""ס עוזיאל","(31.7413739, 34.9827712)"
2610,בית שמש,30,"נחל עין גדי,39 ",גן שילה,"(31.7141249, 34.9846117)"
2610,בית שמש,31,"בן זאב יהודה,3 ","בי""ס חיי שרה","(31.742729, 34.994056)"
2610,בית שמש,32,"דרך רבין יצחק,21 ",מתנס פסגות השבע,
2610,בית שמש,33,"הגולן,16א",מרכז פיס לחינוך - אולם ספורט,"(31.7445088, 34.9921203)"
2610,בית שמש,34,"רבנו חיים הלוי,1 ","בי""ס מנוחה ונחלה","(31.7412585, 34.9962139)"
2610,בית שמש,35,"הרקפת,59 ","מתנ""ס ע""ש מאירוף","(31.7377294, 34.9771099)"
2610,בית שמש,36,"הרקפת,59 ","מתנ""ס ע""ש מאירוף","(31.7377294, 34.9771099)"
2610,בית שמש,37,"הגפן,32 ",פרחי הגפן,"(31.7462693, 34.9828277)"
2610,בית שמש,38,"אמרי נועם,1 ",סמינר בית יעקב דרך תבונות,"(31.7064523, 34.987704)"
2610,בית שמש,39,"בן זאב יהודה,3 ","בי""ס חיי שרה","(31.742729, 34.994056)"
2610,בית שמש,40,"בן אליעזר,7 ","בי""ס עוזיאל","(31.7413739, 34.9827712)"
2610,בית שמש,41,"דרך רבין יצחק,21 ",מתנס פסגות השבע,
2610,בית שמש,42,"הנרקיס,140 ",מרכז קהילתי מבצע משה,"(31.7385797, 34.9756706)"
2610,בית שמש,43,הרצל,היכל הספורט,"(31.7496336, 34.9873017)"
2610,בית שמש,44,"הרקפת,59 ","מתנ""ס ע""ש מאירוף","(31.7377294, 34.9771099)"
2610,בית שמש,45,רזיאל דוד,"בי""ס ממד לוין","(31.7426436, 34.9834367)"
2610,בית שמש,46,"בן אליעזר,7 ","בי""ס עוזיאל","(31.7413739, 34.9827712)"
2610,בית שמש,47,"אביי,21 ",בית יעקב רמה ד,"(31.7073269, 34.9709989)"
2610,בית שמש,48,"בן זאב יהודה,3 ","בי""ס חיי שרה","(31.742729, 34.994056)"
2610,בית שמש,49,"אחיה השילוני,9 ","בי""ס בית יעקב רמת בית שמש ג","(31.7050537, 34.9791079)"
2610,בית שמש,50,"נחל שורק,13 ",משכנות דעת,"(31.7160633, 34.9932374)"
2610,בית שמש,51,"נהר הירקון,40 ","בי""ס - מגן הלב","(31.70872, 34.9930061)"
2610,בית שמש,52,"נחל דולב,16 ",מתנס גוונים,"(31.7152568, 34.995299)"
2610,בית שמש,53,"נחל שורק,8 ","בי""ס תלמוד תורה - אגף בנים","(31.714013, 34.9953086)"
2610,בית שמש,54,"נחל דולב,14 ",אולפנה אהבת ישראל,"(31.712653, 34.9995402)"
2610,בית שמש,55,"האדמו""ר מבעלזא,2 ","בי""ס מורשת דליה","(31.7317773, 34.9914504)"
2610,בית שמש,56,"האדמו""ר מבעלזא,2 ","בי""ס מורשת דליה","(31.7317773, 34.9914504)"
2610,בית שמש,57,"נחל רפאים,17 ","בי""ס ממד תורני הראל","(31.7091664, 34.9977724)"
2610,בית שמש,58,"ריב""ל,37 ",מתחם גני ילדים,"(31.7234829, 34.9913682)"
2610,בית שמש,59,"נחל דולב,14 ",אולפנה אהבת ישראל,"(31.712653, 34.9995402)"
2610,בית שמש,60,"רבי מאיר בעל הנס,8 ","ביה""ס תפארת חיה ממ""ד בנות","(31.7260651, 34.9931682)"
2610,בית שמש,61,"רבי מאיר בעל הנס,2 ","בי""ס מגן אבות","(31.7256037, 34.9939405)"
2610,בית שמש,62,"רבי מאיר בעל הנס,8 ","ביה""ס תפארת חיה ממ""ד בנות","(31.7260651, 34.9931682)"
2610,בית שמש,63,"בן עזאי,12 ","בי""ס ויזניץ בנות","(31.7375644, 34.9989208)"
2610,בית שמש,64,"נחל שורק,13 ",משכנות דעת,"(31.7160633, 34.9932374)"
2610,בית שמש,65,"נחל רפאים,17 ","בי""ס ממד תורני הראל","(31.7091664, 34.9977724)"
2610,בית שמש,66,"נחל שורק,8 ","בי""ס תלמוד תורה - אגף בנים","(31.714013, 34.9953086)"
2610,בית שמש,67,"האדמו""ר מבעלזא,2 ","בי""ס מורשת דליה","(31.7317773, 34.9914504)"
2610,בית שמש,68,"האדמו""ר מבעלזא,2 ","בי""ס מורשת דליה","(31.7317773, 34.9914504)"
2610,בית שמש,69,"נחל דולב,14 ",אולפנה אהבת ישראל,"(31.712653, 34.9995402)"
2610,בית שמש,70,"בן עזאי,12 ","בי""ס ויזניץ בנות","(31.7375644, 34.9989208)"
2610,בית שמש,71,"רבי צדקה יהודה,10 ","בי""ס בית יעקב גור","(31.7446517, 34.9992281)"
2610,בית שמש,72,"נחל שורק,15 ","בי""ס אהבת ישראל","(31.7160633, 34.9932374)"
2610,בית שמש,73,"נחל גילה,10 ","בי""ס בית יעקב הרמה","(31.7112386, 34.9930747)"
2610,בית שמש,74,"רבי מאיר בעל הנס,2 ","בי""ס מגן אבות","(31.7256037, 34.9939405)"
2610,בית שמש,75,"הגולן,16 ","בי""ס אשכול","(31.7447398, 34.9900561)"
2610,בית שמש,76,"הרב הרצוג,51 ","בי""ס תורני ""אורות בנות""","(31.7352884, 34.9981407)"
2610,בית שמש,77,"רבי צדקה יהודה,10 ","בי""ס בית יעקב גור","(31.7446517, 34.9992281)"
2610,בית שמש,78,"הרב הרצוג,51 ","בי""ס תורני ""אורות בנות""","(31.7352884, 34.9981407)"
2610,בית שמש,79,"רבי צדקה יהודה,10 ","בי""ס בית יעקב גור","(31.7446517, 34.9992281)"
2610,בית שמש,80,"נחל עין גדי,56 ","בי""ס וזאת ליהודה","(31.7141249, 34.9846117)"
2610,בית שמש,81,"נחל שורק,13 ",משכנות דעת,"(31.7160633, 34.9932374)"
2610,בית שמש,82,"רבי צדקה יהודה,10 ","בי""ס בית יעקב גור","(31.7446517, 34.9992281)"
2610,בית שמש,83,"רבנו חיים הלוי,1 ","בי""ס מנוחה ונחלה","(31.7412585, 34.9962139)"
2610,בית שמש,84,"הרב הרצוג,51 ","בי""ס תורני ""אורות בנות""","(31.7352884, 34.9981407)"
2610,בית שמש,85,"רבי צדקה יהודה,10 ","בי""ס בית יעקב גור","(31.7446517, 34.9992281)"
2610,בית שמש,86,"רבי מאיר בעל הנס,8 ","ביה""ס תפארת חיה ממ""ד בנות","(31.7260651, 34.9931682)"
2610,בית שמש,87,"יואל הנביא,5 ",חמדת - עץ הדעת,"(31.7055531, 34.9825759)"
2610,בית שמש,88,"יונה בן אמיתי,4 ",גן ילדים בית יעקב,"(31.7031594, 34.9884695)"
2610,בית שמש,89,"אחיה השילוני,9 ","בי""ס בית יעקב רמת בית שמש ג","(31.7050537, 34.9791079)"
2610,בית שמש,90,"אחיה השילוני,9 ","בי""ס בית יעקב רמת בית שמש ג","(31.7050537, 34.9791079)"
2610,בית שמש,91,"גור אריה,7 ","בי""ס תפנית","(31.751351, 34.9849247)"
2610,בית שמש,92,"נחל רפאים,17 ","בי""ס ממד תורני הראל","(31.7091664, 34.9977724)"
2610,בית שמש,93,"נחל דולב,16 ",מתנס גוונים,"(31.7152568, 34.995299)"
2610,בית שמש,94,"נחל גילה,10 ","בי""ס בית יעקב הרמה","(31.7112386, 34.9930747)"
2610,בית שמש,95,"יונה בן אמיתי,4 ",גן ילדים בית יעקב,"(31.7031594, 34.9884695)"
2610,בית שמש,96,"בן עזאי,12 ","בי""ס ויזניץ בנות","(31.7375644, 34.9989208)"
2610,בית שמש,97,"אמרי נועם,1 ",סמינר בית יעקב דרך תבונות,"(31.7064523, 34.987704)"
2610,בית שמש,98,"אמרי נועם,1 ",סמינר בית יעקב דרך תבונות,"(31.7064523, 34.987704)"
2610,בית שמש,99,"נחל עין גדי,56 ","בי""ס וזאת ליהודה","(31.7141249, 34.9846117)"
2610,בית שמש,100,"הרב הרצוג,51 ","בי""ס תורני ""אורות בנות""","(31.7352884, 34.9981407)"
2610,בית שמש,101,"נחל רפאים,17 ","בי""ס ממד תורני הראל","(31.7091664, 34.9977724)"
2610,בית שמש,102,"רבי מאיר בעל הנס,2 ","בי""ס מגן אבות","(31.7256037, 34.9939405)"
2610,בית שמש,103,"האדמו""ר מבעלזא,2 ","בי""ס מורשת דליה","(31.7317773, 34.9914504)"
2610,בית שמש,104,"נהר הירקון,40 ","בי""ס - מגן הלב","(31.70872, 34.9930061)"
2610,בית שמש,105,"יונה בן אמיתי,4 ",גן ילדים בית יעקב,"(31.7031594, 34.9884695)"
2610,בית שמש,106,"הרב איידלשטיין,8 ",גן ילדים שכ רמת אברהם,
2610,בית שמש,107,"עלית הנוער,2 ","בי""ס עתיד דביר נתיב ישיבתי","(31.7463335, 34.991815)"
2610,בית שמש,108,"נחל שורק,15 ","בי""ס אהבת ישראל","(31.7160633, 34.9932374)"
2610,בית שמש,109,"אמרי נועם,1 ",סמינר בית יעקב דרך תבונות,"(31.7064523, 34.987704)"
2610,בית שמש,110,"אחיה השילוני,9 ","בי""ס בית יעקב רמת בית שמש ג","(31.7050537, 34.9791079)"
2610,בית שמש,111,"הרב איידלשטיין,8 ",גן ילדים שכ רמת אברהם,
2610,בית שמש,113,"אביי,8 ",גן ילדים,"(31.711559, 34.9654436)"
2610,בית שמש,114,"אמרי נועם,1 ",סמינר בית יעקב דרך תבונות,"(31.7064523, 34.987704)"
2610,בית שמש,115,"נחל עין גדי,56 ","בי""ס וזאת ליהודה","(31.7141249, 34.9846117)"
2610,בית שמש,116,"יואל הנביא,5 ",חמדת - עץ הדעת,"(31.7055531, 34.9825759)"
2610,בית שמש,117,"נחל רפאים,17 ","בי""ס ממד תורני הראל","(31.7091664, 34.9977724)"
2610,בית שמש,118,מר עוקבא,גן ילדים עץ הדעת,"(31.7081164, 34.9669994)"
2610,בית שמש,119,"אמרי נועם,1 ",סמינר בית יעקב דרך תבונות,"(31.7064523, 34.987704)"
2610,בית שמש,120,"רבי צדקה יהודה,10 ","בי""ס בית יעקב גור","(31.7446517, 34.9992281)"
2610,בית שמש,121,"אביי,21 ",בית יעקב רמה ד,"(31.7073269, 34.9709989)"
2610,בית שמש,122,מר עוקבא,גן ילדים עץ הדעת,"(31.7081164, 34.9669994)"
2610,בית שמש,123,"הרב איידלשטיין,8 ",גן ילדים שכ רמת אברהם,
2610,בית שמש,950,"סמ ויצ""ו,16 ",בית הנוער ויצו,
2610,בית שמש,951,"הנורית,16 ","בי""ס זבוטינסקי","(31.73765, 34.9787475)"
2610,בית שמש,990,"אמרי נועם,1 ",סמינר בית יעקב דרך תבונות,"(31.7064523, 34.987704)"
3780,ביתר עילית,1,"אלעזר המודעי,23 ","בי""ס אהבת חסד - כניסה ראשית",
3780,ביתר עילית,2,"אלעזר המודעי,21 ","בי""ס אהבת חסד-כניסה משער חירום",
3780,ביתר עילית,3,"רבי נחמן מברסלב,2 ","מתנ""ס דברי חיים",
3780,ביתר עילית,4,"רבי נחמן מברסלב,2 ","מתנ""ס דברי חיים",
3780,ביתר עילית,5,"הרב אוירבך,13 ","סמינר מעיינות רבקה - חב""ד",
3780,ביתר עילית,6,"איגרות משה,14 ","בי""ס עטרת שיח",
3780,ביתר עילית,7,"רבי נחמן מברסלב,2 ","מתנ""ס דברי חיים",
3780,ביתר עילית,8,"הרבי מזוועהיל,10 ","בי""ס בית חיה חב""ד",
3780,ביתר עילית,9,"הרב אוירבך,13 ","סמינר מעיינות רבקה - חב""ד",
3780,ביתר עילית,10,"איגרות משה,14 ","בי""ס עטרת שיח",
3780,ביתר עילית,11,"אלעזר המודעי,23 ","בי""ס אהבת חסד - כניסה ראשית",
3780,ביתר עילית,12,"הרבי מזוועהיל,10 ","בי""ס בית חיה חב""ד",
3780,ביתר עילית,13,"אלעזר המודעי,23 ","בי""ס אהבת חסד - כניסה ראשית",
3780,ביתר עילית,14,"כנסת מרדכי,8 ",סמינר בית-ברכה,
3780,ביתר עילית,15,"קדושת לוי,59 ",סמינר בית יעקב,
3780,ביתר עילית,16,"הרב בנדר,5 ","שלוחת מתנ""ס",
3780,ביתר עילית,17,"הרב בנדר,5 ","שלוחת מתנ""ס",
3780,ביתר עילית,18,"פחד יצחק,30 ",בית יעקב נאות רחל,
3780,ביתר עילית,19,אמרי סופר,גני ילדים נועם צוף,
3780,ביתר עילית,20,"קדושת לוי,64 ",נתיבות-חכמה,
3780,ביתר עילית,21,"פחד יצחק,30 ",בית יעקב נאות רחל,
3780,ביתר עילית,22,"כנסת מרדכי,8 ",סמינר בית-ברכה,
3780,ביתר עילית,23,"פחד יצחק,30 ",בית יעקב נאות רחל,
3780,ביתר עילית,24,החוזה מלובלין,"מתנ""ס פריימן",
3780,ביתר עילית,25,"אלעזר המודעי,23 ","בי""ס אהבת חסד - כניסה ראשית",
3780,ביתר עילית,26,"הרב אוירבך,13 ","סמינר מעיינות רבקה - חב""ד",
3780,ביתר עילית,27,"הרבי מזוועהיל,10 ","בי""ס בית חיה חב""ד",
3780,ביתר עילית,28,"רבי נחמן מברסלב,2 ","מתנ""ס דברי חיים",
3780,ביתר עילית,29,אמרי סופר,גני ילדים נועם צוף,
3780,ביתר עילית,30,"פחד יצחק,30 ",בית יעקב נאות רחל,
3780,ביתר עילית,31,"קדושת לוי,64 ",נתיבות-חכמה,
3780,ביתר עילית,32,"כנסת מרדכי,8 ",סמינר בית-ברכה,
3780,ביתר עילית,33,"אלעזר המודעי,23 ","בי""ס אהבת חסד - כניסה ראשית",
3780,ביתר עילית,34,"כנסת מרדכי,8 ",סמינר בית-ברכה,
3780,ביתר עילית,35,"קדושת לוי,59 ",סמינר בית יעקב,
3780,ביתר עילית,36,"קדושת לוי,64 ",נתיבות-חכמה,
3780,ביתר עילית,37,"רבי נחמן מברסלב,2 ","מתנ""ס דברי חיים",
3780,ביתר עילית,38,"הרב אוירבך,13 ","סמינר מעיינות רבקה - חב""ד",
3780,ביתר עילית,39,החוזה מלובלין,"מתנ""ס פריימן",
3780,ביתר עילית,40,"הרבי מזוועהיל,10 ","בי""ס בית חיה חב""ד",
3780,ביתר עילית,41,"הרב בנדר,5 ","שלוחת מתנ""ס",
3780,ביתר עילית,42,"כנסת מרדכי,8 ",סמינר בית-ברכה,
3780,ביתר עילית,43,"פחד יצחק,30 ",בית יעקב נאות רחל,
3780,ביתר עילית,44,"הרבי מזוועהיל,10 ","בי""ס בית חיה חב""ד",
3780,ביתר עילית,45,"כנסת מרדכי,8 ",סמינר בית-ברכה,
3780,ביתר עילית,46,"קדושת לוי,64 ",נתיבות-חכמה,
864,בקוע,1,בקוע,גן דרור - מול בית מספר 63,"(31.832, 34.92724)"
823,בר גיורא,1,בר גיורא,מזכירות,"(31.7233204, 35.0417901)"
3794,בת עין,1,בת עין,אולם רב תכליתי,"(31.6612292, 35.0944617)"
3794,בת עין,2,בת עין,אולם רב תכליתי,"(31.6612292, 35.0944617)"
3763,גבע בנימין,1,סביון,מועדון ילדים - ילדודס,
3763,גבע בנימין,2,"כלנית,2 ",בית ספר אדם ועולמו,
3763,גבע בנימין,3,"כלנית,2 ",בית ספר אדם ועולמו,
3763,גבע בנימין,4,"כלנית,2 ",בית ספר אדם ועולמו,
3763,גבע בנימין,5,"כלנית,2 ",בית ספר אדם ועולמו,
3763,גבע בנימין,6,"כלנית,2 ",בית ספר אדם ועולמו,
3644,גבעון החדשה,1,"כליל החורש,24 ",מועדון-אולם אירועים,
3644,גבעון החדשה,2,"כליל החורש,24 ",מועדון-אולם אירועים,
3730,גבעת זאב,1,"המכבים,45 ","בה""ס ממלכתי דתי אתרוג",
3730,גבעת זאב,2,"תאנה,6 ","מתנ""ס קהילתי",
3730,גבעת זאב,3,"המכבים,45 ","בה""ס ממלכתי דתי אתרוג",
3730,גבעת זאב,4,"מצפה,1 ","בי""ס שבילים",
3730,גבעת זאב,5,"אתרוג,2 ","בי""ס לבנות (ביטוח לאומי)",
3730,גבעת זאב,6,"ערוגות,4 ",בית הספר אופק (ממד אגמים לשעבר,
3730,גבעת זאב,7,"המכבים,45 ","בה""ס ממלכתי דתי אתרוג",
3730,גבעת זאב,8,"מצפה,1 ","בי""ס שבילים",
3730,גבעת זאב,9,"ערוגות,4 ",בית הספר אופק (ממד אגמים לשעבר,
3730,גבעת זאב,10,"מצפה,1 ","בי""ס שבילים",
3730,גבעת זאב,11,"ערוגות,4 ",בית הספר אופק (ממד אגמים לשעבר,
3730,גבעת זאב,12,"מצפה,1 ","בי""ס שבילים",
3730,גבעת זאב,13,"המכבים,45 ","בה""ס ממלכתי דתי אתרוג",
3730,גבעת זאב,14,"אגן האיילות,58 ","בי""ס תבונות בנים",
3730,גבעת זאב,15,"המכבים,45 ","בה""ס ממלכתי דתי אתרוג",
3730,גבעת זאב,16,"אגן האיילות,52 ","בי""ס תבונות בנות",
3730,גבעת זאב,17,"תאנה,6 ","מתנ""ס קהילתי",
3730,גבעת זאב,18,"מצפה,1 ","בי""ס שבילים",
3730,גבעת זאב,19,"אגן האיילות,52 ","בי""ס תבונות בנות",
3730,גבעת זאב,20,"אגן האיילות,58 ","בי""ס תבונות בנים",
3730,גבעת זאב,21,"אגן האיילות,52 ","בי""ס תבונות בנות",
3730,גבעת זאב,990,"המכבים,45 ","בה""ס ממלכתי דתי אתרוג",
787,גבעת יערים,1,גבעת יערים,מועדון (בית העם),"(32.1457343, 34.8287176)"
787,גבעת יערים,2,גבעת יערים,מועדון (בית העם),"(32.1457343, 34.8287176)"
919,גבעת ישעיהו,1,גבעת ישעיהו,בית העם,"(32.445169, 34.925226)"
566,גבעת שמש,1,גבעת שמש,מזכירות,"(31.7750342, 34.9514146)"
1043,גיזו,1,גיזו,מועדון,"(31.805623, 34.939733)"
3606,גלגל,1,גלגל,מועדון - אולם גדול,
39,גפן,1,גפן,מזכירות,"(32.423305, 35.004119)"
3747,דולב,1,הרב ישראלי,"בי""ס דרך יהודית",
3747,דולב,2,הרב ישראלי,"בי""ס דרך יהודית",
493,דייר ראפאת,1,דייר ראפאת,מזכירות,
3769,הר אדר,1,הר אדר,"בי""ס ממלכתי הר אדר",
3769,הר אדר,2,הר אדר,"בי""ס ממלכתי הר אדר",
3769,הר אדר,3,הר אדר,"בי""ס ממלכתי הר אדר",
3769,הר אדר,4,הר אדר,"בי""ס ממלכתי הר אדר",
3769,הר אדר,5,הר אדר,"בי""ס ממלכתי הר אדר",
3769,הר אדר,6,הר אדר,"בי""ס ממלכתי הר אדר",
3603,הר גילה,1,"משעול הסלעית,24 ",במועדון הישוב,
3603,הר גילה,2,"משעול הסלעית,24 ",במועדון הישוב,
464,הראל,1,הראל,מועדון,"(31.8136378, 34.9370942)"
3639,ורד יריחו,1,ורד יריחו,מזכירות,
799,זכריה,1,זכריה,בית העם,"(31.889277, 34.819059)"
816,זנוח,1,זנוח,בית העם,
3400,חברון,1,חברון,מרכז ז'בוטינסקי,"(31.765019, 35.22549)"
3764,חגי,1,חגי,מזכירות,"(32.638852, 35.081443)"
462,טל שחר,1,טל שחר,"בית העם - ע""י המזכירות","(31.7898907, 34.8999503)"
462,טל שחר,2,טל שחר,אולם ספורט מפעל הפיס,"(31.7898907, 34.8999503)"
3788,טלמון,1,טלמון,אולם אירועים,
3788,טלמון,2,טלמון,אולם אירועים,
3788,טלמון,3,נריה,אולם אירועים - הר המור,
3788,טלמון,4,נריה,אולם אירועים - הר המור,
1134,יד השמונה,1,יד השמונה,בית הארחה - יד השמונה,"(31.8102261, 35.0893573)"
3607,"ייט""ב",1,"ייט""ב",מזכירות,
805,ישעי,1,ישעי,בית העם,"(31.749795, 34.969771)"
3564,כוכב השחר,1,כוכב השחר,אולם קטן ליד הספריה,
3564,כוכב השחר,2,כוכב השחר,אולם קטן ליד הספריה,
3779,כוכב יעקב,1,"אהבת ישראל,26 ",גני פייס בית יעקב,
3779,כוכב יעקב,2,אהבת ישראל,"בי""ס אידית אורות ממ""ד בנות",
3779,כוכב יעקב,3,אהבת ישראל,"בי""ס אידית אורות ממ""ד בנות",
3779,כוכב יעקב,4,"מקור ברוך,2 ","בי""ס בית יעקב",
3779,כוכב יעקב,5,"אהבת ישראל,26 ",גני פייס בית יעקב,
3779,כוכב יעקב,6,אהבת ישראל,"בי""ס אידית אורות ממ""ד בנות",
3779,כוכב יעקב,7,"מקור ברוך,2 ","בי""ס בית יעקב",
3779,כוכב יעקב,8,"אהבת ישראל,26 ",גני פייס בית יעקב,
859,כסלון,1,כסלון,מזכירות,"(31.771768, 35.051594)"
3638,כפר אדומים,1,נחל ערוגות,מועדון הישוב - נופי פרת,
3638,כפר אדומים,2,כפר אדומים,"בי""ס מעיינות - אשכול צעיר",
3638,כפר אדומים,3,כפר אדומים,"בי""ס מעיינות - אשכול צעיר",
3638,כפר אדומים,4,שכ אלון,מועדון רב תכליתי - אלון,
3638,כפר אדומים,5,כפר אדומים,"בי""ס מעיינות - אשכול צעיר",
364,כפר אוריה,1,כפר אוריה,בית העם,"(31.792377, 34.947519)"
1325,כפר זוהרים,1,כפר זוהרים,מזכירות,
3488,כפר עציון,1,כפר עציון,אולם אירועים,
3766,כרמי צור,1,כרמי צור,מועדון,
52,לוזית,1,לוזית,מזכירות,
771,מבוא ביתר,1,היער,גן אנפה,
3825,מבואות יריחו,1,,,
1015,מבשרת ציון,1,"שד החוצבים,6 ",בית הספר תיכון הראל,
1015,מבשרת ציון,2,"הבוסתנים,7 ","מתחם גנים ""בוסתנים-כרמים""",
1015,מבשרת ציון,3,"האורן,52 ","בי""ס חמדת השקד",
1015,מבשרת ציון,4,"יסמין,5 ","בי""ס מולדת מופת","(31.8010239, 35.1481786)"
1015,מבשרת ציון,5,"השלום,66 ",בית הספר השלום,"(31.8044134, 35.1594694)"
1015,מבשרת ציון,6,"השלום,66 ",בית הספר השלום,"(31.8044134, 35.1594694)"
1015,מבשרת ציון,7,"יסמין,5 ","בי""ס מולדת מופת","(31.8010239, 35.1481786)"
1015,מבשרת ציון,8,"שד החוצבים,6 ",בית הספר תיכון הראל,
1015,מבשרת ציון,9,"שד החוצבים,6 ",בית הספר תיכון הראל,
1015,מבשרת ציון,10,"שד החוצבים,6 ",בית הספר תיכון הראל,
1015,מבשרת ציון,11,"יסמין,5 ","בי""ס מולדת מופת","(31.8010239, 35.1481786)"
1015,מבשרת ציון,12,"האורן,52 ","בי""ס חמדת השקד",
1015,מבשרת ציון,13,"האורן,52 ","בי""ס חמדת השקד",
1015,מבשרת ציון,14,"השלום,66 ",בית הספר השלום,"(31.8044134, 35.1594694)"
1015,מבשרת ציון,15,"יסמין,5 ","בי""ס מולדת מופת","(31.8010239, 35.1481786)"
1015,מבשרת ציון,16,"השלום,66 ",בית הספר השלום,"(31.8044134, 35.1594694)"
1015,מבשרת ציון,17,"הדרור,32 ","בי""ס ממלכתי ""הדרור-תלי""","(31.8068709, 35.1491433)"
1015,מבשרת ציון,18,"הדרור,32 ","בי""ס ממלכתי ""הדרור-תלי""","(31.8068709, 35.1491433)"
1015,מבשרת ציון,19,"הדרור,32 ","בי""ס ממלכתי ""הדרור-תלי""","(31.8068709, 35.1491433)"
1015,מבשרת ציון,20,"הדרור,32 ","בי""ס ממלכתי ""הדרור-תלי""","(31.8068709, 35.1491433)"
1015,מבשרת ציון,21,"ענבר,2 ",גן חובה הקמץ,"(31.8072175, 35.1568738)"
1015,מבשרת ציון,22,"ברקת,42 ",גן ילדים ברקת,"(31.8065559, 35.166181)"
1015,מבשרת ציון,23,"האורן,52 ","בי""ס חמדת השקד",
1015,מבשרת ציון,24,"השלום,66 ",בית הספר השלום,"(31.8044134, 35.1594694)"
1015,מבשרת ציון,25,"הבוסתנים,7 ","מתחם גנים ""בוסתנים-כרמים""",
1015,מבשרת ציון,26,"הראשונים,1 ","מרכז יום לקשיש ע""ש בלומשטיין",
1015,מבשרת ציון,27,הבושם,גן ילדים,"(31.7964504, 35.1356106)"
1015,מבשרת ציון,28,"ברקת,42 ",גן ילדים ברקת,"(31.8065559, 35.166181)"
1015,מבשרת ציון,29,השקד,אשכול גני ילדים,"(31.7898938, 35.1424745)"
1015,מבשרת ציון,30,"הבוסתנים,7 ","מתחם גנים ""בוסתנים-כרמים""",
1015,מבשרת ציון,31,"שד החוצבים,6 ",בית הספר תיכון הראל,
1015,מבשרת ציון,33,"הדרור,32 ","בי""ס ממלכתי ""הדרור-תלי""","(31.8068709, 35.1491433)"
1015,מבשרת ציון,34,"הדרור,32 ","בי""ס ממלכתי ""הדרור-תלי""","(31.8068709, 35.1491433)"
1015,מבשרת ציון,990,"יסמין,5 ","בי""ס מולדת מופת","(31.8010239, 35.1481786)"
3561,מגדל עוז,1,מגדל עוז,מבנה מרכזי אולם אירועים,
208,מוצא עילית,1,הראשונים,"ספריה ע""ש רמי ויוסף פסח","(31.7946488, 35.1570639)"
208,מוצא עילית,2,"מעלה הארז,18 ",בית הפיס לגיל הזהב,"(31.7924743, 35.1600556)"
776,מחסיה,1,מחסיה,בית העם,"(31.748104, 35.003813)"
822,מטע,1,מטע,מזכירות,"(31.741861, 34.995169)"
742,מסילת ציון,1,מסילת ציון,בית העם/מועדון לחבר,
3616,מעלה אדומים,1,"דרך הגיא,2 ","בי""ס ממלכתי ג",
3616,מעלה אדומים,2,"מבוא נחל ערוגות,2 ","בי""ס תומר רחל",
3616,מעלה אדומים,3,"מבוא נחל ערוגות,2 ","בי""ס תומר רחל",
3616,מעלה אדומים,4,"דרך מדבר יהודה,13 ","חט""ב אורט תעופה וחלל",
3616,מעלה אדומים,6,"מבוא המשרוקית,2 ","בי""ס שדה-חמד",
3616,מעלה אדומים,7,"מבוא המשרוקית,10 ","ביה""ס תורני רמות",
3616,מעלה אדומים,8,"מבוא המשרוקית,2 ","בי""ס שדה-חמד",
3616,מעלה אדומים,9,"מבוא המשרוקית,10 ","ביה""ס תורני רמות",
3616,מעלה אדומים,10,"מבוא המשרוקית,2 ","בי""ס שדה-חמד",
3616,מעלה אדומים,11,"מבוא נחל ערוגות,2 ","בי""ס תומר רחל",
3616,מעלה אדומים,12,"פרי מגדים,10 ","בי""ס מגדים",
3616,מעלה אדומים,13,"דרך מדבר יהודה,13 ","חט""ב אורט תעופה וחלל",
3616,מעלה אדומים,14,"הר גדור,6 ",מרכז יובלים,
3616,מעלה אדומים,15,"מבוא נחל ערוגות,2 ","בי""ס תומר רחל",
3616,מעלה אדומים,16,"פרי מגדים,10 ","בי""ס מגדים",
3616,מעלה אדומים,17,"פרי מגדים,10 ","בי""ס מגדים",
3616,מעלה אדומים,18,"דרך הגיא,2 ","בי""ס ממלכתי ג",
3616,מעלה אדומים,19,"דרך מצפה נבו,103 ",הישיבה התיכונית המדעית,
3616,מעלה אדומים,20,"דרך מצפה נבו,103 ",הישיבה התיכונית המדעית,
3616,מעלה אדומים,21,"פרי מגדים,10 ","בי""ס מגדים",
3616,מעלה אדומים,22,"פרי מגדים,10 ","בי""ס מגדים",
3616,מעלה אדומים,23,"הר גדור,6 ",מרכז יובלים,
3616,מעלה אדומים,24,"הפרג,24 ","בי""ס ממלכתי צמח השדה",
3616,מעלה אדומים,25,"מבוא האלון,6 ","בי""ס ממ""ד צמח השדה",
3616,מעלה אדומים,26,"מבוא האלון,6 ","בי""ס ממ""ד צמח השדה",
3616,מעלה אדומים,27,"מבוא האלון,6 ","בי""ס ממ""ד צמח השדה",
3616,מעלה אדומים,28,"מבוא האלון,6 ","בי""ס ממ""ד צמח השדה",
3616,מעלה אדומים,29,"הפרג,24 ","בי""ס ממלכתי צמח השדה",
3616,מעלה אדומים,30,"מבוא האלון,8 ","שלוחת מתנ""ס צמח השדה",
3616,מעלה אדומים,31,"מבוא האלון,6 ","בי""ס ממ""ד צמח השדה",
3616,מעלה אדומים,33,"הצור,32 ","בי""ס ברנקו וייס אופק",
3616,מעלה אדומים,35,"מבוא יפה נוף,1 ","בי""ס ממ""ד יפה-נוף",
3616,מעלה אדומים,36,"דרך קדם,40 ","בי""ס אמי""ת בנות",
3616,מעלה אדומים,37,"הרכס,27 ","בי""ס ממלכתי נופי הסלע",
3616,מעלה אדומים,38,"הרכס,27 ","בי""ס ממלכתי נופי הסלע",
3616,מעלה אדומים,39,"דרך קדם,40 ","בי""ס אמי""ת בנות",
3616,מעלה אדומים,40,"הרכס,27 ","בי""ס ממלכתי נופי הסלע",
3616,מעלה אדומים,41,"האלמוג,2 ","ביה""ס יסודי ממלכתי אלמוג",
3616,מעלה אדומים,42,"הרכס,27 ","בי""ס ממלכתי נופי הסלע",
3616,מעלה אדומים,43,"האלמוג,2 ","ביה""ס יסודי ממלכתי אלמוג",
3616,מעלה אדומים,44,"דרך מצפה נבו,103 ",הישיבה התיכונית המדעית,
3616,מעלה אדומים,45,"האלמוג,2 ","ביה""ס יסודי ממלכתי אלמוג",
3616,מעלה אדומים,46,"מבוא יפה נוף,1 ","בי""ס ממ""ד יפה-נוף",
3616,מעלה אדומים,950,"דרך קדם,40 ","בי""ס אמי""ת בנות",
3616,מעלה אדומים,951,"דרך קדם,40 ","בי""ס אמי""ת בנות",
3616,מעלה אדומים,952,"מבוא האלון,8 ","שלוחת מתנ""ס צמח השדה",
3616,מעלה אדומים,990,"הר גדור,6 ",מרכז יובלים,
286,מעלה החמישה,1,מעלה החמישה,מועדון לחבר,"(31.816374, 35.105035)"
3752,מעלה לבונה,1,מעלה לבונה,מבנה כיתות מיכלול,
3651,מעלה מכמש,1,מעלה מכמש,מועדון הגורן,
3651,מעלה מכמש,2,מעלה מכמש,מועדון הגורן,
3653,מעלה עמוס,1,מעלה עמוס,מזכירות היישוב,
3576,מצפה יריחו,1,מצפה יריחו,מועדון פיס לנוער,
3576,מצפה יריחו,2,מצפה יריחו,מועדון פיס לנוער,
3610,מצפה שלם,1,מצפה שלם,מזכירות (חדר מועדון לחבר),
3724,נגוהות,1,נגוהות,ספריית נגוהות,
3573,נוה צוף,1,נוה צוף,מזכירות,
405,נווה אילן,1,נווה אילן,מועדון רקפת ליד המזכירות,"(31.8771833, 34.7400281)"
3725,נווה דניאל,1,נחל המעיינות,אולם שמחות,
3725,נווה דניאל,2,נחל המעיינות,אולם שמחות,
3725,נווה דניאל,3,נחל המעיינות,אולם שמחות,
1071,נווה מיכאל,1,נווה מיכאל,בית העם,
1259,נווה שלום,1,נווה שלום,משרד לקשרי חוץ,"(32.3471721, 34.8596978)"
3726,נוקדים,1,נוקדים,בנין רב תכליתי,
3726,נוקדים,2,נוקדים,בנין רב תכליתי,
59,נחושה,1,נחושה,בית העם - מזכירות,
59,נחושה,2,נחושה,בית העם - מזכירות,
3767,נחליאל,1,נחליאל,מועדון ישובי בית יצחק,"(32.4455089, 34.9238107)"
809,נחם,1,נחם,בית החבר,"(31.767142, 35.001499)"
777,נחשון,1,נחשון,בית הפיס לגיל הזהב,"(31.8276771, 34.9503122)"
1254,נטף,1,נטף,גן חובה,"(31.8362465, 35.0608597)"
825,נס הרים,1,נס הרים,בית העם,"(31.74432, 35.063043)"
825,נס הרים,2,"דרך חלמית,90 ",גן רימון,
3713,"נעמ""ה",1,"נעמ""ה",בית התרבות,
3620,נערן,1,נערן,מועדון,
3555,נתיב הגדוד,1,נתיב הגדוד,במועדון היישוב,
693,"נתיב הל""ה",1,"נתיב הל""ה","בית הל""ה","(31.8907032, 34.8247404)"
794,עגור,1,עגור,בית העם,"(32.272156, 34.935163)"
3617,עופרה,1,"המייסדים,8 ","בי""ס חן עפרה לבנות",
3617,עופרה,2,דן,מבנה רב תכליתי,
3617,עופרה,3,הדבש,מעון יום חדש,
3617,עופרה,4,דן,מבנה רב תכליתי,
3658,עטרת,1,עטרת,מועדון,"(32.001756, 35.1764825)"
521,עין נקובא,1,עין נקובא,"בי""ס ברנקו וויס חט""ב",
521,עין נקובא,2,עין נקובא,"בי""ס ברנקו וויס חט""ב",
521,עין נקובא,3,עין נקובא,"בי""ס ברנקו וויס חט""ב",
514,עין ראפה,1,עין ראפה,"בי""ס יסודי (הישן)","(31.791649, 35.116731)"
3765,עלי,1,עלי,"בי""ס כרמי חן","(31.6633695, 35.091824)"
3765,עלי,2,עלי,"בי""ס כרמי חן","(31.6633695, 35.091824)"
3765,עלי,3,עלי,"בי""ס כרמי חן","(31.6633695, 35.091824)"
3765,עלי,4,עלי,"בי""ס כרמי חן","(31.6633695, 35.091824)"
3715,עלמון,1,מורד נחל פרת,מועדון אירועים,
3715,עלמון,2,מורד נחל פרת,מועדון אירועים,
3824,עמיחי,1,עמיחי,מזכירות,"(31.9363927, 34.8562786)"
779,עמינדב,1,עמינדב,בית העם - באולם פעילות,"(31.7524036, 35.1313945)"
3748,עתניאל,1,עתניאל,"אולם חברים (מתחת לביהכנ""ס)",
3723,פני חבר,1,פני חבר,אולם שמחות,
3659,פסגות,1,פסגות,בית ספר פסגות,"(31.7443793, 34.9941359)"
3659,פסגות,2,פסגות,בית ספר פסגות,"(31.7443793, 34.9941359)"
465,צובה,1,צובה,מועדון (בית מיכאל עמיר),"(31.7843794, 35.1173672)"
1113,צור הדסה,1,אשד,"בי""ס יסודי ממלכתי הדסים","(31.7140658, 35.0956792)"
1113,צור הדסה,2,אשד,"בי""ס יסודי ממלכתי הדסים","(31.7140658, 35.0956792)"
1113,צור הדסה,3,אשד,"בי""ס יסודי ממלכתי הדסים","(31.7140658, 35.0956792)"
1113,צור הדסה,4,"רכסים,11 ","בי""ס ממלכתי דתי לביא","(31.7137613, 35.1001642)"
1113,צור הדסה,5,אשד,"בי""ס יסודי ממלכתי הדסים","(31.7140658, 35.0956792)"
1113,צור הדסה,6,"רכסים,11 ","בי""ס ממלכתי דתי לביא","(31.7137613, 35.1001642)"
1113,צור הדסה,7,אשד,"בי""ס יסודי ממלכתי הדסים","(31.7140658, 35.0956792)"
1113,צור הדסה,8,"רכסים,11 ","בי""ס ממלכתי דתי לביא","(31.7137613, 35.1001642)"
1113,צור הדסה,9,"רכסים,11 ","בי""ס ממלכתי דתי לביא","(31.7137613, 35.1001642)"
1113,צור הדסה,10,"רכסים,11 ","בי""ס ממלכתי דתי לביא","(31.7137613, 35.1001642)"
796,צלפון,1,צלפון,בית העם / סיפריה,
1079,צפרירים,1,צפרירים,בית העם,"(32.797637, 34.981125)"
567,צרעה,1,צרעה,חדר ישיבות - מועצה,"(31.7820938, 34.9682001)"
567,צרעה,2,צרעה,חדר ישיבות - מועצה,"(31.7820938, 34.9682001)"
3781,קדר,1,"זריחה,1 ",אולם רב-תכליתי,
3781,קדר,2,"זריחה,1 ",אולם רב-תכליתי,
3601,קליה,1,קליה,אולם שקמה,
3611,קרית ארבע,1,"סולם אלדד,1 ","מתנ""ס קרית ארבע",
3611,קרית ארבע,2,"סולם אלדד,1 ","מתנ""ס קרית ארבע",
3611,קרית ארבע,3,נחל אשכול,"בי""ס ממ""ד קרית ארבע-חברון(בנות",
3611,קרית ארבע,4,"טבנקין,218 ","בי""ס ממ""ד לבנות אלוני ממרא",
3611,קרית ארבע,5,"סולם אלדד,1 ","מתנ""ס קרית ארבע",
3611,קרית ארבע,6,נחל אשכול,"בי""ס ממ""ד קרית ארבע-חברון(בנות",
3611,קרית ארבע,7,"טבנקין,218 ","בי""ס ממ""ד לבנות אלוני ממרא",
3611,קרית ארבע,8,"טבנקין,218 ","בי""ס ממ""ד לבנות אלוני ממרא",
1137,קרית יערים,1,"גורדון,138 ",מתחם הגנים (רכוז גני גורדון),"(31.8053233, 35.1044944)"
1137,קרית יערים,2,"הגר""א,10 ",מועדון פיס לקשיש,"(31.8037826, 35.1017011)"
1137,קרית יערים,3,"אזנים לתורה,7 ",גן בית יעקב,
1137,קרית יערים,4,"הדגן,5 ",גני ילדים בית יעקב,"(31.801672, 35.0934666)"
1137,קרית יערים,5,"הרי""ף,7 ",מועדון פיס לנוער,"(31.8020787, 35.0964663)"
2039,קרית יערים(מוסד),1,קרית יערים(מוסד),מזכירות,
78,קרית ענבים,1,קרית ענבים,חדר האוכל,
3602,ראש צורים,1,ראש צורים,חדר חוגים אולם ספורט,
3565,רימונים,1,רימונים,בית עידית האולם הגדול,
460,רמת רזיאל,1,רמת רזיאל,בניין הקן - רח' המיסדים,"(31.773212, 35.073586)"
27,שדות מיכה,1,שדות מיכה,בית העם,
741,שואבה,1,שואבה,מועדון החדש,"(31.448926, 34.544185)"
456,שורש,1,שורש,בית העם חדר פעילות,
456,שורש,2,שורש,בית העם חדר פעילות,
3641,שילה,1,שילה,בית הספר שילה בנים,"(32.082527, 34.8156551)"
3641,שילה,2,שילה,בית הספר שילה בנים,"(32.082527, 34.8156551)"
3641,שילה,3,שילה,בית הספר שילה בנים,"(32.082527, 34.8156551)"
3641,שילה,4,שילה,בית הספר שילה בנים,"(32.082527, 34.8156551)"
1114,שריגים (לי-און),1,שריגים (לי-און),מרכז חוגים,
1114,שריגים (לי-און),2,שריגים (לי-און),מרכז חוגים,
3558,תומר,1,תומר,מועדון,
10,תירוש,1,תירוש,בית העם,"(32.693756, 35.318953)"
3719,תלם,1,תלם,מועדון,
752,תעוז,1,תעוז,בית העם,"(31.8078109, 34.9916657)"
3563,תקוע,1,"תקוע,99 ","בית ספר אח""י",
3563,תקוע,2,"תקוע,99 ","בית ספר אח""י",
3563,תקוע,3,"תקוע,99 ","בית ספר אח""י",
3563,תקוע,4,"תקוע,99 ","בית ספר אח""י",
778,תרום,1,תרום,אולם בית העם,"(31.787184, 34.981217)"
1115,אביבים,1,אביבים,מזכירות,"(32.119435, 34.795501)"
4010,אודם,1,אודם,מזכירות,"(31.772678, 34.989562)"
1294,אור הגנוז,1,אור הגנוז,חדר אוכל - בית הארחה,"(33.003863, 35.446594)"
4013,אורטל,1,אורטל,מועדון פיס לנוער,
77,איילת השחר,1,איילת השחר,מועדון,"(31.7011247, 34.9672158)"
77,איילת השחר,2,איילת השחר,מועדון,"(31.7011247, 34.9672158)"
4003,אל-רום,1,אל-רום,מועדון,
4017,אלוני הבשן,1,אלוני הבשן,מועדון אלוני-הבשן,"(33.0174487, 35.8378579)"
730,אליפלט,1,אליפלט,בית העם,"(32.0583802, 34.763879)"
1064,אמירים,1,אמירים,ספריה,"(32.1540567, 34.8417691)"
4001,בוקעאתא,1,בוקעאתא,"בי""ס מקיף שש שנתי קרית חינוך","(33.2007739, 35.7798604)"
368,ביריה,1,ביריה,מועדון ביריה החדשה,"(32.977782, 35.501234)"
322,בית הלל,1,בית הלל,בית העם,"(33.201405, 35.606695)"
1191,בר יוחאי,1,בר יוחאי,מועדון הישוב,"(32.998258, 35.447389)"
667,ברעם,1,ברעם,מועדון לחבר,"(33.046635, 35.4395495)"
487,ג'ש (גוש חלב),1,ג'ש (גוש חלב),"ביה""ס יסודי ליד המועצה","(33.016635, 35.445524)"
487,ג'ש (גוש חלב),2,ג'ש (גוש חלב),"ביה""ס יסודי ליד המועצה","(33.016635, 35.445524)"
487,ג'ש (גוש חלב),3,ג'ש (גוש חלב),"ביה""ס יסודי ליד המועצה","(33.016635, 35.445524)"
487,ג'ש (גוש חלב),4,ג'ש (גוש חלב),"ביה""ס יסודי ליד המועצה","(33.016635, 35.445524)"
35,גדות,1,גדות,מועדון לחבר,"(33.1321766, 35.6374428)"
852,גונן,1,גונן,מועדון,"(33.1233516, 35.6666309)"
1067,"דוב""ב",1,"דוב""ב",מועדון חברים,
2063,דישון,1,דישון,בית העם,
431,דלתון,1,דלתון,בית העם,"(32.908254, 35.271845)"
303,דן,1,דן,מועדון,"(31.9911235, 34.848002)"
302,דפנה,1,דפנה,אולם הישיבות-מזכירות הישוב,"(33.229716, 35.640005)"
356,הגושרים,1,הגושרים,מועדון,"(33.2189016, 35.625588)"
253,חולתה,1,חולתה,מועדון,
1047,חזון,1,חזון,מזכירות הישוב,"(32.9054914, 35.4043371)"
2034,חצור הגלילית,1,שד הרב עזיזי דיעי,מרכז פיס קהילתי,
2034,חצור הגלילית,2,אתרוג,"בית פייס קהילתי ליד בי""ס אורט",
2034,חצור הגלילית,3,בן גוריון,אודיטוריום-ספריה,"(32.9812453, 35.543241)"
2034,חצור הגלילית,4,מנחם בגין,"בי""ס שבט סופר",
2034,חצור הגלילית,5,מנחם בגין,"בי""ס שבט סופר",
2034,חצור הגלילית,6,"בן גוריון,10 ","מתנ""ס אולם שרת/ספיר","(32.9812453, 35.543241)"
2034,חצור הגלילית,7,מנחם בגין,"בי""ס שבט סופר",
2034,חצור הגלילית,8,מנחם בגין,מרכז יעדים לנוער (בית המוזיקה),
2034,חצור הגלילית,9,"בן גוריון,10 ","מתנ""ס אולם שרת/ספיר","(32.9812453, 35.543241)"
2034,חצור הגלילית,10,בן גוריון,אודיטוריום-ספריה,"(32.9812453, 35.543241)"
2034,חצור הגלילית,11,"בן גוריון,10 ","מתנ""ס אולם שרת/ספיר","(32.9812453, 35.543241)"
2034,חצור הגלילית,13,בן גוריון,אודיטוריום-ספריה,"(32.9812453, 35.543241)"
2034,חצור הגלילית,990,מנחם בגין,מרכז יעדים לנוער (בית המוזיקה),
962,טובא-זנגריה,1,טובא-זנגריה,"בי""ס תיכון","(32.9774094, 35.5883537)"
962,טובא-זנגריה,2,טובא-זנגריה,"בי""ס יסודי ב'","(32.9774094, 35.5883537)"
962,טובא-זנגריה,3,טובא-זנגריה,"בי""ס תיכון","(32.9774094, 35.5883537)"
962,טובא-זנגריה,4,טובא-זנגריה,"בי""ס יסודי ב'","(32.9774094, 35.5883537)"
962,טובא-זנגריה,5,טובא-זנגריה,"ביה""ס יסודי א'","(32.9774094, 35.5883537)"
962,טובא-זנגריה,6,טובא-זנגריה,"בי""ס יסודי ב'","(32.9774094, 35.5883537)"
962,טובא-זנגריה,7,טובא-זנגריה,"ביה""ס יסודי א'","(32.9774094, 35.5883537)"
962,טובא-זנגריה,8,טובא-זנגריה,"ביה""ס יסודי א'","(32.9774094, 35.5883537)"
2009,יובל,1,יובל,בית העם,"(31.423545, 34.577782)"
29,יסוד המעלה,1,יסוד המעלה,"בי""ס נחשוני החולה","(33.0457418, 35.57342)"
29,יסוד המעלה,2,יסוד המעלה,"בי""ס נחשוני החולה","(33.0457418, 35.57342)"
453,יפתח,1,יפתח,מועדון לחבר,"(32.101208, 34.882999)"
623,יראון,1,יראון,מועדון,"(33.0765271, 35.4559416)"
1338,כדיתה,1,כדיתה,כדיתה,
1252,כורזים,1,כורזים,מועדון הפייס החדש,
1210,כחל,1,כחל,מזכירות,"(32.888603, 35.511065)"
357,כפר בלום,1,כפר בלום,מועדון חברים,"(33.174185, 35.607018)"
76,כפר גלעדי,1,כפר גלעדי,חדר אוכל אגף נפרד,
443,כפר הנשיא,1,כפר הנשיא,מועדון,
609,כפר חושן,1,כפר חושן,מועדון חברים,
1297,כפר חנניה,1,כפר חנניה,מועדון,"(32.913097, 35.424431)"
345,כפר סאלד,1,כפר סאלד,מועדון,"(33.1885974, 35.6567523)"
605,כפר שמאי,1,כפר שמאי,מוזיאון כפר שמאי,"(32.977913, 35.310489)"
1285,כרכום,1,כרכום,מרכז קהילתי (מועדון),"(32.788342, 35.527467)"
664,כרם בן זמרה,1,כרם בן זמרה,בית העם,
380,להבות הבשן,1,להבות הבשן,מועדון דורות,
4201,מג'דל שמס,1,מג'דל שמס,בית ספר תיכון בכפר,"(33.2674017, 35.7768153)"
4201,מג'דל שמס,2,מג'דל שמס,בית ספר תיכון בכפר,"(33.2674017, 35.7768153)"
308,מחניים,1,מחניים,מועדון לחבר,
43,מטולה,1,מטולה,מרכז קנדה,"(33.2799815, 35.5779451)"
43,מטולה,2,מטולה,מרכז קנדה,"(33.2799815, 35.5779451)"
607,מירון,1,מירון,בית יהודית,"(32.9826481, 35.440007)"
596,מלכיה,1,מלכיה,מועדון לחבר,
347,מנרה,1,מנרה,מועדון,
4203,מסעדה,1,מסעדה,גן אל בראעים,"(33.2298143, 35.753881)"
416,מעין ברוך,1,מעין ברוך,מועדון הקיבוץ,
843,מרגליות,1,מרגליות,מזכירות המושב,"(33.2132346, 35.5391372)"
4101,מרום גולן,1,מרום גולן,מועדון,
378,משגב עם,1,משגב עם,מועדון,"(31.8177665, 34.7398382)"
732,משמר הירדן,1,משמר הירדן,בית העם,"(33.0031909, 35.6025517)"
408,נאות מרדכי,1,נאות מרדכי,מזכירות היישוב,
4303,"נווה אטי""ב",1,"נווה אטי""ב",מועדון נוער,"(33.2627432, 35.7430976)"
4035,נמרוד,1,,,
578,סאסא,1,סאסא,מזכירות חדשה-חדר ישיבות אדיר,"(13.7064644, -89.2365774)"
4501,ע'ג'ר,1,ע'ג'ר,בית ספר ממלכתי עג'ר,"(33.2724317, 35.6238047)"
4501,ע'ג'ר,2,ע'ג'ר,בית ספר ממלכתי עג'ר,"(33.2724317, 35.6238047)"
4501,ע'ג'ר,3,ע'ג'ר,בית ספר ממלכתי עג'ר,"(33.2724317, 35.6238047)"
4503,עין זיוון,1,עין זיוון,"מועדון ע""י הכל-בו",
4502,עין קנייא,1,עין קנייא,מבנה הרווחה,"(33.2363745, 35.7311759)"
688,עלמה,1,עלמה,בית העם,
1212,עמוקה,1,עמוקה,מועדון,
385,עמיעד,1,עמיעד,מועדון פיס לגיל הזהב,"(32.0536908, 34.755659)"
319,עמיר,1,עמיר,מועדון,"(31.810092, 35.220306)"
599,פרוד,1,פרוד,מועדון,
1213,צבעון,1,צבעון,מעון יום,"(33.0255139, 35.4159119)"
8000,צפת,1,"יוספטל,40 ",בית הקשיש,"(32.9672543, 35.5034287)"
8000,צפת,2,יוספטל,"בי""ס חב""ד לבנים כנען","(32.9699075, 35.5044854)"
8000,צפת,3,יוספטל,"בי""ס חב""ד לבנים כנען","(32.9699075, 35.5044854)"
8000,צפת,4,"בת הרים,1 ","ביה""ס ממלכתי ב'","(32.9623211, 35.5159456)"
8000,צפת,5,בגין מנחם,גן צופית,"(32.9609873, 35.5093442)"
8000,צפת,6,"יוספטל,40 ",בית הקשיש,"(32.9672543, 35.5034287)"
8000,צפת,7,"נשרים,100 ",גן קשת,
8000,צפת,8,בגין מנחם,גן אור,"(32.9609873, 35.5093442)"
8000,צפת,9,"הפלמ""ח","סראייה - מתנ""ס וולפסון","(32.9639384, 35.495608)"
8000,צפת,10,"בת הרים,1 ","ביה""ס ממלכתי ב'","(32.9623211, 35.5159456)"
8000,צפת,11,נוף כנרת,גן ילדים גולן,"(32.9529563, 35.5296156)"
8000,צפת,12,"יוספטל,40 ",בית הקשיש,"(32.9672543, 35.5034287)"
8000,צפת,13,"בת הרים,1 ","ביה""ס ממלכתי ב'","(32.9623211, 35.5159456)"
8000,צפת,14,"ירושלים,20 ",מכללת צפת,"(32.9706109, 35.4934725)"
8000,צפת,15,"קרן היסוד,36 ",לשכת התעסוקה,"(32.9636649, 35.49372)"
8000,צפת,16,"ירושלים,20 ",מכללת צפת,"(32.9706109, 35.4934725)"
8000,צפת,17,"הרצל,1 ","בי""ס הארי","(32.9588406, 35.4951712)"
8000,צפת,18,שכ גני הדר,גן בית יעקב אידיש,
8000,צפת,19,"צה""ל,1 ","בי""ס בית יעקב מאור חיים","(32.9643066, 35.4886461)"
8000,צפת,20,"אלעזר דוד,216 ",תלמוד תורה צמח דוד,"(32.9575868, 35.493078)"
8000,צפת,21,"צה""ל,9 ",מרכז קליטה - חדר מחשבים,"(32.9630047, 35.4913006)"
8000,צפת,22,"צה""ל,1 ","בי""ס בית יעקב מאור חיים","(32.9643066, 35.4886461)"
8000,צפת,23,יוספטל,"בי""ס חב""ד לבנים כנען","(32.9699075, 35.5044854)"
8000,צפת,24,"הרצל,1 ","בי""ס הארי","(32.9588406, 35.4951712)"
8000,צפת,25,"הפלמ""ח,87 ",מועדון פיס לנוער,"(32.9631784, 35.4960684)"
8000,צפת,26,"אנילביץ,1 ","ביה""ס אגמים (לשעבר מ""מ ג')","(32.9571442, 35.4996897)"
8000,צפת,27,"אלעזר דוד,216 ",תלמוד תורה צמח דוד,"(32.9575868, 35.493078)"
8000,צפת,28,"אנילביץ,1 ","ביה""ס אגמים (לשעבר מ""מ ג')","(32.9571442, 35.4996897)"
8000,צפת,29,"הרצל,1 ","בי""ס הארי","(32.9588406, 35.4951712)"
8000,צפת,30,"אנילביץ,1 ","ביה""ס אגמים (לשעבר מ""מ ג')","(32.9571442, 35.4996897)"
8000,צפת,31,"אנילביץ,1 ","ביה""ס אגמים (לשעבר מ""מ ג')","(32.9571442, 35.4996897)"
8000,צפת,32,"לוחמי הגטאות,4 ","בי""ס כנפי יונה","(32.9586705, 35.4996121)"
8000,צפת,33,נוף כנרת,גן כנרת,"(32.9529563, 35.5296156)"
8000,צפת,34,"נשרים,100 ",גן זמרת הציפורים,
8000,צפת,35,"צה""ל,1 ","בי""ס בית יעקב מאור חיים","(32.9643066, 35.4886461)"
8000,צפת,40,עכברה,גן עכברה,"(32.9408113, 35.4953414)"
8000,צפת,41,יוספטל,"בי""ס חב""ד לבנים כנען","(32.9699075, 35.5044854)"
8000,צפת,42,"בת הרים,1 ",בית ידידות לנוער,"(32.9623211, 35.5159456)"
8000,צפת,43,"בת הרים,1 ","ביה""ס ממלכתי ב'","(32.9623211, 35.5159456)"
8000,צפת,44,"בגין מנחם,1 ",גן בת הרים,"(32.9609873, 35.5093442)"
8000,צפת,45,"הרצל,1 ","בי""ס הארי","(32.9588406, 35.4951712)"
8000,צפת,990,"ירושלים,20 ",מכללת צפת,"(32.9706109, 35.4934725)"
4025,קדמת צבי,1,קדמת צבי,מועדון האיכר,
1211,קדרים,1,קדרים,מועדון היישוב,"(32.8991838, 35.47207)"
4024,קלע,1,קלע,מועדון היישוב,"(33.124247, 35.681281)"
4100,קצרין,1,"אשחר,3 ","מרכז תורני לאומי ע""ש אליעזר","(32.9921503, 35.6884278)"
4100,קצרין,2,"אשחר,3 ","מרכז תורני לאומי ע""ש אליעזר","(32.9921503, 35.6884278)"
4100,קצרין,3,איה,אולפנה גולן,"(32.9918631, 35.6894797)"
4100,קצרין,4,איה,אולפנה גולן,"(32.9918631, 35.6894797)"
4100,קצרין,5,רמות גלעד,דרכי נועם,"(32.9956956, 35.684666)"
4100,קצרין,6,"אשחר,3 ","מרכז תורני לאומי ע""ש אליעזר","(32.9921503, 35.6884278)"
4100,קצרין,7,איה,אולפנה גולן,"(32.9918631, 35.6894797)"
4100,קצרין,8,רמות גלעד,דרכי נועם,"(32.9956956, 35.684666)"
4100,קצרין,9,רמות גלעד,דרכי נועם,"(32.9956956, 35.684666)"
4100,קצרין,10,רמות גלעד,דרכי נועם,"(32.9956956, 35.684666)"
4100,קצרין,11,רמות גלעד,דרכי נועם,"(32.9956956, 35.684666)"
2800,קרית שמונה,1,"מלול יעקב,8 ","בי""ס עוזיאל","(33.2210242, 35.5709229)"
2800,קרית שמונה,2,"יהודה הלוי,14 ","בי""ס קורצ'אק","(33.2134412, 35.5670972)"
2800,קרית שמונה,3,"דן,46 ","בי""ס מצודות","(33.2089907, 35.5668987)"
2800,קרית שמונה,4,"דן,46 ","בי""ס מצודות","(33.2089907, 35.5668987)"
2800,קרית שמונה,5,"הרב קוק,33 ","בי""ס תל חי","(33.1963644, 35.5655106)"
2800,קרית שמונה,6,"הרב קוק,33 ","בי""ס תל חי","(33.1963644, 35.5655106)"
2800,קרית שמונה,7,"מלול יעקב,8 ","בי""ס עוזיאל","(33.2210242, 35.5709229)"
2800,קרית שמונה,8,"ביאליק,39 ","בי""ס מגינים אולם הספורט","(33.2133747, 35.5738348)"
2800,קרית שמונה,9,"רמב""ם,19 ","מתנ""ס בית וונגובר","(33.2139927, 35.5750327)"
2800,קרית שמונה,10,"ביאליק,39 ","בי""ס מגינים אולם הספורט","(33.2133747, 35.5738348)"
2800,קרית שמונה,11,"הירדן,29 ","ביה""ס דנציגר מרכז תקשורת","(33.2118613, 35.5708684)"
2800,קרית שמונה,12,"דן,46 ","בי""ס מצודות","(33.2089907, 35.5668987)"
2800,קרית שמונה,13,"יהודה הלוי,14 ","בי""ס קורצ'אק","(33.2134412, 35.5670972)"
2800,קרית שמונה,14,"רזיאל,14 ","מתנ""ס ארתור פוקס","(33.2144457, 35.5675017)"
2800,קרית שמונה,15,"מלול יעקב,8 ","בי""ס עוזיאל","(33.2210242, 35.5709229)"
2800,קרית שמונה,16,"דן,46 ","בי""ס מצודות","(33.2089907, 35.5668987)"
2800,קרית שמונה,17,"דן,46 ","בי""ס מצודות","(33.2089907, 35.5668987)"
2800,קרית שמונה,18,"מלול יעקב,8 ","בי""ס עוזיאל","(33.2210242, 35.5709229)"
2800,קרית שמונה,19,"הירדן,55 ",בית הקשיש מועדון,"(33.2118004, 35.5708438)"
2800,קרית שמונה,20,"רמב""ם,19 ","מתנ""ס בית וונגובר","(33.2139927, 35.5750327)"
2800,קרית שמונה,21,"הירדן,29 ","ביה""ס דנציגר מרכז תקשורת","(33.2118613, 35.5708684)"
2800,קרית שמונה,22,"הירדן,29 ","ביה""ס דנציגר מרכז תקשורת","(33.2118613, 35.5708684)"
2800,קרית שמונה,23,"הירדן,29 ","ביה""ס דנציגר מרכז תקשורת","(33.2118613, 35.5708684)"
2800,קרית שמונה,24,"כלנית,16 ",גן אורן,"(33.2174986, 35.5807106)"
2800,קרית שמונה,25,"רמב""ם,19 ","מתנ""ס בית וונגובר","(33.2139927, 35.5750327)"
2800,קרית שמונה,26,"כלנית,16 ",גן אורן,"(33.2174986, 35.5807106)"
2800,קרית שמונה,27,"מלול יעקב,8 ","בי""ס עוזיאל","(33.2210242, 35.5709229)"
2800,קרית שמונה,28,"הרב קוק,33 ","בי""ס תל חי","(33.1963644, 35.5655106)"
2800,קרית שמונה,29,"הירדן,29 ","ביה""ס דנציגר מרכז תקשורת","(33.2118613, 35.5708684)"
2800,קרית שמונה,30,"ביאליק,39 ","בי""ס מגינים אולם הספורט","(33.2133747, 35.5738348)"
2800,קרית שמונה,31,"רמב""ם,19 ","מתנ""ס בית וונגובר","(33.2139927, 35.5750327)"
2800,קרית שמונה,950,"הירדן,29 ","ביה""ס דנציגר מרכז תקשורת","(33.2118613, 35.5708684)"
2800,קרית שמונה,951,"רמב""ם,19 ","מתנ""ס בית וונגובר","(33.2139927, 35.5750327)"
2800,קרית שמונה,990,"רמב""ם,19 ","מתנ""ס בית וונגובר","(33.2139927, 35.5750327)"
4006,קשת,1,קשת,מועדון,"(32.980499, 35.8091963)"
26,ראש פינה,1,מעלה גיא אוני,"מתנ""ס ראש פינה","(32.9690908, 35.5391712)"
26,ראש פינה,2,מעלה גיא אוני,"מתנ""ס ראש פינה","(32.9690908, 35.5391712)"
26,ראש פינה,3,מעלה גיא אוני,"מתנ""ס ראש פינה","(32.9690908, 35.5391712)"
26,ראש פינה,4,מעלה גיא אוני,"מתנ""ס ראש פינה","(32.9690908, 35.5391712)"
540,ריחאניה,1,ריחאניה,בית ספר יסודי,
540,ריחאניה,2,ריחאניה,בית ספר יסודי,
372,רמות נפתלי,1,רמות נפתלי,בית העם מועדון חברים,"(33.1004583, 35.5541535)"
4029,רמת טראמפ,1,,,
324,שאר ישוב,1,שאר ישוב,מועדון,"(32.441184, 34.927663)"
861,שדה אליעזר,1,שדה אליעזר,בית העם,"(33.0409727, 35.5570312)"
329,שדה נחמיה,1,שדה נחמיה,מזכירות,"(33.186192, 35.621475)"
329,שדה נחמיה,2,שדה נחמיה,מזכירות,"(33.186192, 35.621475)"
366,שמיר,1,שמיר,מועדון,"(31.247301, 35.197706)"
1132,שניר,1,שניר,מועדון,"(31.962246, 34.880383)"
4009,שעל,1,שעל,מועדון,"(31.3170935, 34.6617388)"
846,שפר,1,שפר,מרכז נוער,"(32.9393888, 35.4340878)"
4011,אבני איתן,1,אבני איתן,מועדון,"(32.8302528, 35.7708241)"
49,אילניה,1,"אילניה,1 ",בית תרבות,
330,אלומות,1,אלומות,מועדון,"(31.272929, 34.836584)"
4002,אלי-עד,1,אלי-עד,מועדון,
1125,אלמגור,1,אלמגור,מועדון חברים,
1253,אמנון,1,אמנון,מועדון פיס לנוער,"(32.905259, 35.5713343)"
4012,אניעם,1,אניעם,מועדון,"(31.949172, 34.805243)"
4301,אפיק,1,אפיק,מועדון חברים,"(32.775203, 35.7019534)"
176,אפיקים,1,אפיקים,מועדון עינב,"(31.228712, 34.797746)"
176,אפיקים,2,אפיקים,מועדון עינב,"(31.228712, 34.797746)"
701,ארבל,1,ארבל,קומבינט מועדון,"(32.71222, 35.324608)"
199,אשדות יעקב  (איחוד),1,אשדות יעקב  (איחוד),מועדון בית קרפ,
188,אשדות יעקב  (מאוחד),1,אשדות יעקב  (מאוחד),מועדון,
143,בית זרע,1,בית זרע,מועדון הפיקוס,"(32.68807, 35.582643)"
365,בית קשת,1,בית קשת,מועדון לחבר,"(32.7383452, 35.3864567)"
4015,בני יהודה,1,"בני יהודה,1 ",מועדון היישוב,"(32.0810288, 34.8293798)"
4015,בני יהודה,2,"בני יהודה,1 ",מועדון היישוב,"(32.0810288, 34.8293798)"
1293,גבעת אבני,1,גבעת אבני,בית ספר עלי גבעה,"(32.775226, 35.435489)"
1293,גבעת אבני,2,גבעת אבני,בית ספר עלי גבעה,"(32.775226, 35.435489)"
1293,גבעת אבני,3,גבעת אבני,בית ספר עלי גבעה,"(32.775226, 35.435489)"
4021,גבעת יואב,1,גבעת יואב,מועדון הישוב,
262,גינוסר,1,גינוסר,מועדון,
4022,גשור,1,גשור,מועדון,
305,גשר,1,גשר,מועדון,"(32.619168, 35.551998)"
62,דגניה א',1,דגניה א',מועדינה,"(32.7084791, 35.5748582)"
79,דגניה ב',1,דגניה ב',חדר האוכל,
702,האון,1,האון,מועדון,
1322,הודיות,1,הודיות,מזכירות,
307,הזורעים,1,"הזורעים,1 ",מועדון הביציה,
4026,חד-נס,1,"חד-נס,1 ",מועדון (מעל המזכירות),
374,חוקוק,1,חוקוק,מזכירות (חדר ישיבות),"(32.879412, 35.496444)"
993,חמאם,1,חמאם,ביס עממי,
993,חמאם,2,חמאם,ביס עממי,
4005,חספין,1,חספין,מועדון פייס לנוער,"(32.846651, 35.7928225)"
4005,חספין,2,חספין,מועדון נוער,"(32.846651, 35.7928225)"
6700,טבריה,1,"הוז דב,14 ","בי""ס כינר","(32.7982555, 35.5249738)"
6700,טבריה,2,"ביאליק,24 ",מחלקת רווחה חינוכית-בית דוד,"(32.7961149, 35.5294625)"
6700,טבריה,3,שד הרצל,"בי""ס ארליך",
6700,טבריה,4,שד הרצל,"בי""ס ארליך",
6700,טבריה,5,"המגינים,54 ","בי""ס ""תפארת טבריה""","(32.7944402, 35.5375818)"
6700,טבריה,6,"הוז דב,14 ","בי""ס כינר","(32.7982555, 35.5249738)"
6700,טבריה,7,"המגינים,54 ","בי""ס ""תפארת טבריה""","(32.7944402, 35.5375818)"
6700,טבריה,8,"הוז דב,14 ","בי""ס כינר","(32.7982555, 35.5249738)"
6700,טבריה,9,"הוז דב,14 ","בי""ס כינר","(32.7982555, 35.5249738)"
6700,טבריה,10,"מורן,4.",אולפנית אורט אמונה,"(32.8006378, 35.520469)"
6700,טבריה,11,"ביאליק,3 ",בימת העיר (אביב לשעבר),"(32.798095, 35.5304762)"
6700,טבריה,12,"אלחדיף,99 ",משרדי מחלקת פקוח,"(32.7916448, 35.5364807)"
6700,טבריה,13,שד הרצל,"בי""ס ארליך",
6700,טבריה,14,שד הרצל,"בי""ס ארליך",
6700,טבריה,15,"מעלה קק""ל,27 ",מרכז חינוך טכנולוגי,"(32.7897165, 35.521203)"
6700,טבריה,16,"פיק""א","ב""ס תחכמוני מפלס תחתון","(32.7925385, 35.5322197)"
6700,טבריה,17,שד הרצל,"בי""ס ארליך",
6700,טבריה,18,"פיק""א","ב""ס תחכמוני מפלס תחתון","(32.7925385, 35.5322197)"
6700,טבריה,19,הרב כהן משה,מרכז קהילתי - שיכון א',"(32.7815943, 35.5384258)"
6700,טבריה,20,"ביבאס,99 ","בי""ס ביבאס","(32.786197, 35.537151)"
6700,טבריה,21,החשמונאים,"בי""ס רעות","(32.793252, 35.5241513)"
6700,טבריה,22,החשמונאים,"בי""ס רעות","(32.793252, 35.5241513)"
6700,טבריה,23,טרומפלדור,מרכז קהילתי גניסבורג,"(32.79391, 35.5263673)"
6700,טבריה,24,"אלחדיף,8 ","בי""ס בית יעקב","(32.7930819, 35.5339667)"
6700,טבריה,25,"מעלה קק""ל,27 ",מרכז חינוך טכנולוגי,"(32.7897165, 35.521203)"
6700,טבריה,26,"פיק""א","ב""ס תחכמוני מפלס תחתון","(32.7925385, 35.5322197)"
6700,טבריה,27,החשמונאים,"בי""ס רעות","(32.793252, 35.5241513)"
6700,טבריה,28,"פיק""א","ב""ס תחכמוני מפלס תחתון","(32.7925385, 35.5322197)"
6700,טבריה,29,טרומפלדור,מרכז קהילתי גניסבורג,"(32.79391, 35.5263673)"
6700,טבריה,30,"שד אלנטאון,17 ","בי""ס איילים",
6700,טבריה,31,"שד אלנטאון,17 ","בי""ס איילים",
6700,טבריה,32,"האבות,23.",מרכז יום לקשיש - בית גיל,"(32.7810847, 35.5084911)"
6700,טבריה,33,"אירוסים,1 ","מתנ""ס קהילת אופק (שכון ג')",
6700,טבריה,34,"הנשיא ויצמן,26 ",בית התזמורת העירונית,"(32.7800662, 35.5177146)"
6700,טבריה,35,"חזון איש,1 ","בי""ס ממ""ד נצח ישראל המתחדש","(32.7816464, 35.5114803)"
6700,טבריה,36,"אור חיים,1 ","מתנ""ס שכון ד' - פירסט",
6700,טבריה,37,"חזון איש,1 ","בי""ס ממ""ד נצח ישראל המתחדש","(32.7816464, 35.5114803)"
6700,טבריה,38,מורדות טבריה,"בי""ס הר נוף","(32.7837134, 35.5228399)"
6700,טבריה,39,"שד אלנטאון,17 ","בי""ס איילים",
6700,טבריה,40,"הרב עוזיאל,14 ","בי""ס נועם בנים","(32.7774451, 35.5081008)"
6700,טבריה,41,"הרב עוזיאל,14 ","בי""ס נועם בנים","(32.7774451, 35.5081008)"
6700,טבריה,42,"שרת משה,10 ",בית הקשיש,"(32.7755616, 35.5116695)"
6700,טבריה,43,מורדות טבריה,"בי""ס הר נוף","(32.7837134, 35.5228399)"
6700,טבריה,44,"אור חיים,1 ","מתנ""ס שכון ד' - פירסט",
6700,טבריה,45,"הנשיא ויצמן,26 ",בית התזמורת העירונית,"(32.7800662, 35.5177146)"
6700,טבריה,46,"שרת משה,10 ",גן מיכל,"(32.7755616, 35.5116695)"
6700,טבריה,47,מורדות טבריה,"בי""ס הר נוף","(32.7837134, 35.5228399)"
6700,טבריה,48,"הנשיא ויצמן,26 ",בית התזמורת העירונית,"(32.7800662, 35.5177146)"
6700,טבריה,49,"הוז דב,14 ","בי""ס כינר","(32.7982555, 35.5249738)"
6700,טבריה,50,"מורן,4.",אולפנית אורט אמונה,"(32.8006378, 35.520469)"
6700,טבריה,51,"המגינים,54 ","בי""ס ""תפארת טבריה""","(32.7944402, 35.5375818)"
6700,טבריה,52,החשמונאים,"בי""ס רעות","(32.793252, 35.5241513)"
6700,טבריה,53,"הנרקיס,480 ","בי""ס במעלה איילת השחר","(32.7856545, 35.5269041)"
6700,טבריה,54,"הנרקיס,480 ","בי""ס במעלה איילת השחר","(32.7856545, 35.5269041)"
6700,טבריה,55,טרומפלדור,מרכז קהילתי גניסבורג,"(32.79391, 35.5263673)"
6700,טבריה,56,"שד אלנטאון,17 ","בי""ס איילים",
6700,טבריה,57,"הרב אליישיב,11 ",גן ילדים,"(32.7829452, 35.5018336)"
6700,טבריה,58,מורדות טבריה,"בי""ס הר נוף","(32.7837134, 35.5228399)"
6700,טבריה,59,"שפע חיים,9 ",גן ילדים - בנים,"(32.7848103, 35.5104021)"
6700,טבריה,60,"שפע חיים,3 ",גן ילדים - בנות,"(32.7848103, 35.5104021)"
6700,טבריה,61,"מורן,4.",אולפנית אורט אמונה,"(32.8006378, 35.520469)"
6700,טבריה,950,"הנרקיס,480 ","בי""ס במעלה איילת השחר","(32.7856545, 35.5269041)"
6700,טבריה,951,"הרב עוזיאל,14 ","בי""ס נועם בנים","(32.7774451, 35.5081008)"
6700,טבריה,990,שד הרצל,"בי""ס ארליך",
1214,טפחות,1,טפחות,"מועדון ע""י המזכירות","(32.869943, 35.4233318)"
46,יבנאל,1,"יבנאל,1 ",בנין המועצה המקומית,"(32.7087303, 35.5015835)"
46,יבנאל,2,"יבנאל,1 ","מתנ""ס","(32.7087303, 35.5015835)"
46,יבנאל,3,"יבנאל,1 ","מתנ""ס","(32.7087303, 35.5015835)"
46,יבנאל,4,"יבנאל,1 ","מתנ""ס","(32.7087303, 35.5015835)"
4007,יונתן,1,יונתן,גן ילדים,"(32.937398, 35.79509)"
371,כדורי,1,כדורי,אולם הספורט,
1229,כלנית,1,כלנית,מועדון,"(31.996223, 34.828381)"
4028,כנף,1,כנף,מועדון,"(31.998829, 34.880043)"
63,כנרת (מושבה),1,כנרת (מושבה),בית המיסדים קומת כניסה,"(32.7251549, 35.5656509)"
57,כנרת (קבוצה),1,כנרת (קבוצה),מועדון לחבר,
786,כפר זיתים,1,כפר זיתים,מועדון כפר זיתים,
255,כפר חיטים,1,כפר חיטים,בית העם,"(32.7992293, 35.5004758)"
4004,כפר חרוב,1,כפר חרוב,מבנה חוגים,"(32.7627864, 35.6623247)"
508,כפר כמא,1,"קברטאי,8 ","אשכול גנים (חט""ב לשעבר)",
508,כפר כמא,2,"קברטאי,8 ",מועדון קשישים-מול מועצה מקומית,
508,כפר כמא,3,"קברטאי,8 ",מועדון קשישות,
508,כפר כמא,4,"קברטאי,8 ","אשכול גנים (חט""ב לשעבר)",
388,כפר קיש,1,כפר קיש,בית העם,"(32.666938, 35.449476)"
47,כפר תבור,1,"שכ המיסדים,1 ",ספריה,
47,כפר תבור,2,"שכ המיסדים,1 ",ספריה,
47,כפר תבור,3,"ההגנה,8 ","מתנ""ס על שם יגאל אלון","(32.6853508, 35.421043)"
47,כפר תבור,4,"ההגנה,8 ","מתנ""ס על שם יגאל אלון","(32.6853508, 35.421043)"
47,כפר תבור,5,"ההגנה,8 ","מתנ""ס על שם יגאל אלון","(32.6853508, 35.421043)"
47,כפר תבור,6,"שכ המיסדים,1 ",ספריה,
38,כרי דשא,1,כרי דשא,מזכירות,"(32.8627583, 35.5356101)"
585,לביא,1,לביא,בית העם,"(31.7254155, 35.2261)"
1230,לבנים,1,לבנים,מועדון לחבר,"(31.6649271, 34.5639058)"
4204,מבוא חמה,1,מבוא חמה,מועדון,"(32.7386339, 35.6564586)"
481,מגאר,1,מגאר,"בי""ס יסודי ב'","(32.8511497, 35.4126981)"
481,מגאר,2,מגאר,"בי""ס ממ' ה' ג'משה-גורדאן","(32.8511497, 35.4126981)"
481,מגאר,3,מגאר,"בי""ס תיכון מקיף א'","(32.8511497, 35.4126981)"
481,מגאר,4,מגאר,"בי""ס תיכון ב","(32.8511497, 35.4126981)"
481,מגאר,5,מגאר,"בי""ס תיכון ב","(32.8511497, 35.4126981)"
481,מגאר,6,מגאר,"בי""ס יסודי א","(32.8511497, 35.4126981)"
481,מגאר,7,מגאר,"בי""ס יסודי א","(32.8511497, 35.4126981)"
481,מגאר,8,מגאר,"חטיבה חינוכית ""חזון"" מפתן","(32.8511497, 35.4126981)"
481,מגאר,9,מגאר,"בי""ס תיכון מקיף א'","(32.8511497, 35.4126981)"
481,מגאר,10,מגאר,"בי""ס יסודי ג - מנסורה","(32.8511497, 35.4126981)"
481,מגאר,11,מגאר,"בי""ס יסודי ג - מנסורה","(32.8511497, 35.4126981)"
481,מגאר,12,מגאר,"בי""ס ממ' ה' ג'משה-גורדאן","(32.8511497, 35.4126981)"
481,מגאר,13,מגאר,"בי""ס יסודי ב'","(32.8511497, 35.4126981)"
481,מגאר,14,"מגאר,1 ","בי""ס יסודי ד""",
481,מגאר,15,"מגאר,1 ","בי""ס יסודי ד""",
481,מגאר,16,מגאר,"בי""ס יסודי ו' - מג'אר","(32.8511497, 35.4126981)"
481,מגאר,17,"מגאר,1 ","חט""ב א'",
481,מגאר,18,מגאר,"חטיבה חינוכית ""חזון"" מפתן","(32.8511497, 35.4126981)"
481,מגאר,19,מגאר,"בי""ס יסודי ו' - מג'אר","(32.8511497, 35.4126981)"
481,מגאר,20,"מגאר,1 ","חט""ב א'",
481,מגאר,21,מגאר,"בי""ס יסודי ב'","(32.8511497, 35.4126981)"
481,מגאר,22,מגאר,"בי""ס יסודי א","(32.8511497, 35.4126981)"
481,מגאר,23,מגאר,"בי""ס יסודי ג - מנסורה","(32.8511497, 35.4126981)"
481,מגאר,24,מגאר,"בי""ס יסודי ב'","(32.8511497, 35.4126981)"
65,מגדל,1,"נוף הארבל,12 ",בנין המועצה,"(32.8394447, 35.5001232)"
65,מגדל,2,"נוף הארבל,12 ",בנין המועצה,"(32.8394447, 35.5001232)"
4019,מיצר,1,מיצר,מועדון,"(32.990946, 35.675779)"
48,מנחמיה,1,שכ עופר,מועדון גיל הזהב,
48,מנחמיה,2,שכ עופר,מועדון גיל הזהב,
1258,מסד,1,מסד,מועדון החבר,"(32.843974, 35.424349)"
263,מסדה,1,מסדה,מועדון,"(32.0881495, 34.8481034)"
678,מעגן,1,מעגן,בית הצנחן,"(32.184544, 34.83887)"
4008,מעלה גמלא,1,מעלה גמלא,מועדון,"(32.8905341, 35.684169)"
58,מצפה,1,מצפה,מזכירות,"(30.612433, 34.8018727)"
1190,מצפה נטופה,1,מצפה נטופה,מזכירות הישוב,"(32.802565, 35.38399)"
4551,נאות גולן,1,נאות גולן,מועדון,
4304,נוב,1,נוב,סניף בני עקיבא,"(32.831486, 35.783889)"
4014,נטור,1,נטור,מועדון רב-תכליתי (שרשים לשעבר),
530,עיילבון,1,עיילבון,"בי""ס יסודי",
530,עיילבון,2,עיילבון,"בי""ס יסודי",
530,עיילבון,3,עיילבון,"בי""ס יסודי",
530,עיילבון,4,עיילבון,"בי""ס יסודי",
530,עיילבון,5,עיילבון,"בי""ס יסודי",
530,עיילבון,6,עיילבון,"בי""ס יסודי",
273,עין גב,1,עין גב,חדר האוכל,
1104,פוריה - כפר עבודה,1,פוריה - כפר עבודה,מועדון,
1105,פוריה - נווה עובד,1,פוריה - נווה עובד,מועדון שיבולים,
1105,פוריה - נווה עובד,2,פוריה - נווה עובד,מועדון שיבולים,
1313,פוריה עילית,1,"פוריה עילית,1 ",מועדון תרבות חדש,
1313,פוריה עילית,2,"פוריה עילית,1 ",מועדון תרבות חדש,
1225,רביד,1,רביד,מועדון פיס לנוער,
4702,רמות,1,רמות,מועדון חברים,"(31.8175156, 35.1944869)"
4701,רמת מגשימים,1,רמת מגשימים,מועדון קטן,"(32.852864, 35.7585724)"
721,שדה אילן,1,שדה אילן,בית העם,
306,שדמות דבורה,1,"שדמות דבורה,1 ",מועדון המחלבה,
264,שער הגולן,1,שער הגולן,מועדון תרבות,"(32.686782, 35.602018)"
292,שרונה,1,שרונה,בית הפייס ליד מגרש הספורט,"(32.071988, 34.7888851)"
719,תל קציר,1,תל קציר,מועדון,"(32.046974, 34.847973)"
2052,אביטל,1,אביטל,מועדון המושב,"(32.556514, 35.309547)"
113,אדירים,1,אדירים,מועדון המושב,
1108,אומן,1,אומן,מועדונית משפחתית,"(32.573475, 35.248149)"
1330,אחוזת ברק,1,אחוזת ברק,מזכירות הישוב-חדר ישיבות,
1330,אחוזת ברק,2,רקפות,"בי""ס מרומי שדה","(32.6406441, 35.3370671)"
1330,אחוזת ברק,3,רקפות,"בי""ס מרומי שדה","(32.6406441, 35.3370671)"
1330,אחוזת ברק,4,רקפות,"בי""ס מרומי שדה","(32.6406441, 35.3370671)"
478,אכסאל,1,אכסאל,"בי""ס חט""ב אלראזי",
478,אכסאל,2,רח 36,"בי""ס היסודי ג' (שכונה צפונית)",
478,אכסאל,3,אכסאל,"בי""ס חט""ב אלראזי",
478,אכסאל,4,רח 1,"בי""ס תיכון",
478,אכסאל,5,רח 1,"בי""ס תיכון",
478,אכסאל,6,רח 1,"בי""ס תיכון",
478,אכסאל,7,רח 36,"בי""ס היסודי ג' (שכונה צפונית)",
478,אכסאל,8,רח 36,"בי""ס היסודי ג' (שכונה צפונית)",
478,אכסאל,9,רח 1,"בי""ס תיכון",
478,אכסאל,10,רח 91,"בי""ס ממלכתי א'",
478,אכסאל,11,אכסאל,"בי""ס חט""ב אלראזי",
478,אכסאל,12,אכסאל,"בי""ס חט""ב אלראזי",
478,אכסאל,13,אכסאל,"בי""ס חט""ב אלראזי",
478,אכסאל,14,רח 1,"בי""ס תיכון",
1182,אלון הגליל,1,אלון הגליל,מועדון חברים,"(32.759558, 35.219542)"
1182,אלון הגליל,2,אלון הגליל,מועדון חברים,"(32.759558, 35.219542)"
429,אלוני אבא,1,אלוני אבא,בית הקשיש,"(32.729597, 35.170693)"
285,אלונים,1,אלונים,מועדון,"(32.302928, 34.876757)"
682,אליקים,1,אליקים,מועדון קשישים,
3598,ארגמן,1,ארגמן,מועדון הישוב,"(31.9332436, 34.7880806)"
482,בועיינה-נוג'ידאת,1,בועינה,"בי""ס יסודי אל-ראזי",
482,בועיינה-נוג'ידאת,2,בועינה,"בי""ס תיכון מקיף",
482,בועיינה-נוג'ידאת,3,נוג'ידאת,"בי""ס יסודי אל זיתון",
482,בועיינה-נוג'ידאת,4,אלג'ורן,"בי""ס לחינוך מיוחד אלרחמה",
482,בועיינה-נוג'ידאת,5,נוג'ידאת,"בי""ס יסודי אל זיתון",
482,בועיינה-נוג'ידאת,6,אלרחמה,גני ילדים ח'ולוד+תגריד,
482,בועיינה-נוג'ידאת,7,בועינה,"חט""ב מערבית",
482,בועיינה-נוג'ידאת,8,בועינה,"חט""ב מערבית",
482,בועיינה-נוג'ידאת,9,אלג'ורן,"בי""ס לחינוך מיוחד אלרחמה",
482,בועיינה-נוג'ידאת,10,בועינה,"חט""ב מערבית",
95,בית אלפא,1,בית אלפא,מועדון החבר,"(32.834214, 35.057468)"
242,בית השיטה,1,בית השיטה,מרחב - מרכז חברתי,
242,בית השיטה,2,בית השיטה,מרחב - מרכז חברתי,
353,בית זיד,1,"כפר תקווה,1 ",כפר התקווה,
265,בית יוסף,1,בית יוסף,מזכירות,"(31.7801337, 35.2201839)"
430,בית לחם הגלילית,1,בית לחם הגלילית,בית העם,"(32.734393, 35.185194)"
1162,בית רימון,1,בית רימון,מזכירות,"(32.2579131, 34.867559)"
9200,בית שאן,1,"מיזוג גלויות,12 ","מתנ""ס ד'","(32.5046065, 35.4913846)"
9200,בית שאן,2,"מיזוג גלויות,12 ","מתנ""ס ד'","(32.5046065, 35.4913846)"
9200,בית שאן,3,"מרקוס,22 ",בית הנערה,"(32.5033883, 35.4950651)"
9200,בית שאן,4,טולידנו,"בי""ס רמב""ם","(32.505159, 35.4900386)"
9200,בית שאן,5,הרב קוק,"בי""ס עתיד (לשעבר בי""ס מפתן)","(32.4971184, 35.4924523)"
9200,בית שאן,6,"שדרות הארבעה,6 ","בי""ס גלבוע","(32.4953031, 35.5025102)"
9200,בית שאן,7,"שכ אליהו,18 ","בי""ס נועם",
9200,בית שאן,8,"שכ אליהו,18 ","בי""ס נועם",
9200,בית שאן,9,"התומר,1 ","ביה""ס תחכמוני","(32.5001963, 35.493002)"
9200,בית שאן,10,"גולדה מאיר,1 ","בי""ס תומר","(32.4904362, 35.4914663)"
9200,בית שאן,11,"גולדה מאיר,1 ","בי""ס תומר","(32.4904362, 35.4914663)"
9200,בית שאן,12,שכ נוף גלעד,"בי""ס קשת יהונתן",
9200,בית שאן,13,"רמז,6 ",ספריה עירונית,"(32.4964763, 35.5028255)"
9200,בית שאן,14,"שדרות הארבעה,6 ","בי""ס גלבוע","(32.4953031, 35.5025102)"
9200,בית שאן,15,שכ נוף גלעד,"בי""ס קשת יהונתן",
9200,בית שאן,16,שכ נוף גלעד,"בי""ס קשת יהונתן",
9200,בית שאן,17,"ירושלים הבירה,2 ",עמותת הגיל השלישי,"(32.4931588, 35.49606)"
9200,בית שאן,18,"אחד העם,33 ",סניף ניצן,"(32.4942641, 35.4987389)"
9200,בית שאן,19,שכ אליהו,בית המוסיקה,
9200,בית שאן,20,שכ אליהו,בית המוסיקה,
9200,בית שאן,21,הרב קוק,"בי""ס עתיד (לשעבר בי""ס מפתן)","(32.4971184, 35.4924523)"
9200,בית שאן,22,"שדרות הארבעה,6 ","בי""ס גלבוע","(32.4953031, 35.5025102)"
9200,בית שאן,23,"שכ אליהו,18 ","בי""ס נועם",
9200,בית שאן,24,"גולדה מאיר,1 ","בי""ס תומר","(32.4904362, 35.4914663)"
9200,בית שאן,25,"גולדה מאיר,1 ","בי""ס תומר","(32.4904362, 35.4914663)"
9200,בית שאן,990,"שדרות הארבעה,6 ","בי""ס גלבוע","(32.4953031, 35.5025102)"
248,בית שערים,1,בית שערים,מועדון לחברים,"(31.7844342, 35.2248842)"
94,בלפוריה,1,בלפוריה,מועדון לחבר,
944,בסמת טבעון,1,בסמת טבעון,"ביה""ס יסודי ממלכתי בסמת-טבעון","(32.7447633, 35.1615245)"
944,בסמת טבעון,2,בסמת טבעון,"ביה""ס יסודי ממלכתי בסמת-טבעון","(32.7447633, 35.1615245)"
944,בסמת טבעון,3,חלף,"בי""ס ממלכתי יסודי",
944,בסמת טבעון,4,זובידאת,"ביה""ס היסודי המשותף",
944,בסמת טבעון,5,משאיח סעדיה,בית ספר תיכון,"(32.7422426, 35.1584985)"
944,בסמת טבעון,6,משאיח סעדיה,בית ספר תיכון,"(32.7422426, 35.1584985)"
944,בסמת טבעון,7,חלף,"בי""ס ממלכתי יסודי",
944,בסמת טבעון,8,זובידאת,"ביה""ס היסודי המשותף",
3612,בקעות,1,בקעות,מועדון פיס,
141,ברק,1,ברק,בית העם (צמוד למזכירות),"(31.9443058, 34.8916479)"
86,גבע,1,גבע,מועדון לחבר,"(32.565256, 35.372128)"
1288,גבעת אלה,1,גבעת אלה,אולם הספורט,"(32.72293, 35.244009)"
1288,גבעת אלה,2,גבעת אלה,אולם הספורט,"(32.72293, 35.244009)"
1288,גבעת אלה,3,גבעת אלה,אולם הספורט,"(32.72293, 35.244009)"
703,גבעת עוז,1,גבעת עוז,מועדון לחבר,"(32.5497232, 35.210401)"
133,גבת,1,גבת,אולם תרבות - בית הרשל,"(31.7729398, 35.197995)"
145,גדיש,1,גדיש,מועדון המושב,"(32.928004, 35.088273)"
442,גדעונה,1,גדעונה,מועדון,
457,גזית,1,גזית,מועדון לחבר,"(32.901269, 35.236671)"
92,גיניגר,1,גיניגר,מזכירות,
3613,גיתית,1,גיתית,מועדון חברים,
369,גלעד (אבן יצחק),1,גלעד (אבן יצחק),מועדון לחבר,
1274,גן נר,1,גן נר,"ביה""ס נר הגלבוע","(32.534466, 35.336296)"
1274,גן נר,2,גן נר,"ביה""ס נר הגלבוע","(32.534466, 35.336296)"
1274,גן נר,3,גן נר,"ביה""ס נר הגלבוע","(32.534466, 35.336296)"
146,דבורה,1,דבורה,מזכירות,"(31.2432687, 34.7798643)"
489,דבוריה,1,"אלטור,19 ","בי""ס יסודי אל קנדי",
489,דבוריה,2,"אלטור,19 ","בי""ס יסודי אל קנדי",
489,דבוריה,3,"אלדיר,5 ",מ.ע.ש - מרכז עבודה שיקומי,
489,דבוריה,4,"דבוריה,1 ","מתנ""ס חדש - שכ' מערבית",
489,דבוריה,5,"אלמסעודי,2 ","בי""ס אל-טור (חדרי כיתות)",
489,דבוריה,6,"אלמסרארה,2 ","מתנ""ס (אולם ספורט)",
489,דבוריה,7,אלטור,"בי""ס חטיבת ביניים",
489,דבוריה,8,דבוריה,"בי""ס אל-טור (א. ספורט)","(32.691129, 35.372281)"
489,דבוריה,9,"אליאסמין,7 ",מרכז בריאות המשפחה,
489,דבוריה,10,"דבוריה,1 ","מתנ""ס חדש - שכ' מערבית",
489,דבוריה,11,"דבוריה,1 ","מתנ""ס חדש - שכ' מערבית",
407,דברת,1,דברת,מועדון לחברים,"(32.645805, 35.350395)"
475,דחי,1,דחי,בניין המועצה,"(32.622947, 35.343419)"
300,דליה,1,דליה,מועדון בית מרים,"(32.6887666, 35.0561517)"
1186,הושעיה,1,הושעיה,מועדון - האולם הראשי,"(32.7567626, 35.2978338)"
1186,הושעיה,2,הושעיה,מועדון - האולם הראשי,"(32.7567626, 35.2978338)"
250,הזורע,1,הזורע,חדר ישיבות - המזכירות הטכנית,"(32.6330629, 35.1157982)"
250,הזורע,2,הזורע,חדר ישיבות - המזכירות הטכנית,"(32.6330629, 35.1157982)"
684,היוגב,1,היוגב,מועדון ותיקים,"(32.6119687, 35.2063565)"
677,הסוללים,1,הסוללים,מרכז קהילתי-לובי קומת קרקע,"(32.070435, 34.795579)"
975,זרזיר,1,זרזיר,"בי""הס יסודי זרזיר","(32.723521, 35.2193879)"
975,זרזיר,2,"אלנימר,22 ","בי""ס יסודי ממלכתי מזאריב",
975,זרזיר,3,"אלרשיד,72 ",ביס מקומי גריפאת,
975,זרזיר,4,"אלנימר,22 ","בי""ס יסודי ממלכתי מזאריב",
975,זרזיר,5,עיאדאת,גן ילדים עיאדאת,"(32.7192439, 35.222509)"
975,זרזיר,6,אלתוראת',גן ילדים שכונת ג'ואמיס,
975,זרזיר,7,"אלרשיד,72 ",ביס מקומי גריפאת,
975,זרזיר,9,זרזיר,"בי""הס יסודי זרזיר","(32.723521, 35.2193879)"
1110,חבר,1,חבר,מזכירות,"(31.2286021, 34.8184713)"
343,חמדיה,1,חמדיה,בית התרבות,
3646,חמדת,1,חמדת,מועדון,
3609,חמרה,1,חמרה,מועדון לחבר,
1257,חנתון,1,חנתון,בית הפיס לנוער,"(32.784433, 35.24454)"
90,חפצי-בה,1,חפצי-בה,בית העם - בית צבי,"(32.5143661, 35.4217834)"
498,טורעאן,1,טורעאן,חטיבת ביניים,"(32.7668533, 35.3624019)"
498,טורעאן,2,טורעאן,"בי""ס תיכון","(32.7668533, 35.3624019)"
498,טורעאן,3,טורעאן,חטיבת ביניים,"(32.7668533, 35.3624019)"
498,טורעאן,4,טורעאן,"בי""ס תיכון","(32.7668533, 35.3624019)"
498,טורעאן,5,"דרב אלנאסרה,32 ",בית פייס לחינוך גופני,
498,טורעאן,6,טורעאן,"בי""ס ממלכתי ג","(32.7668533, 35.3624019)"
498,טורעאן,7,"דרב אלנאסרה,32 ",בית פייס לחינוך גופני,
498,טורעאן,8,"דרב אלנאסרה,32 ",בית פייס לחינוך גופני,
498,טורעאן,9,טורעאן,"בי""ס ממלכתי א'","(32.7668533, 35.3624019)"
498,טורעאן,10,טורעאן,חטיבת ביניים,"(32.7668533, 35.3624019)"
498,טורעאן,11,טורעאן,"בי""ס ממלכתי ב'","(32.7668533, 35.3624019)"
498,טורעאן,12,טורעאן,"בי""ס ממלכתי ב'","(32.7668533, 35.3624019)"
498,טורעאן,13,טורעאן,"בי""ס ממלכתי א'","(32.7668533, 35.3624019)"
498,טורעאן,14,טורעאן,"בי""ס תיכון","(32.7668533, 35.3624019)"
497,טייבה (בעמק),1,טייבה (בעמק),"ביה""ס המקומי","(32.603881, 35.443679)"
497,טייבה (בעמק),2,טייבה (בעמק),"ביה""ס המקומי","(32.603881, 35.443679)"
268,טירת צבי,1,טירת צבי,מועדון הרצאות,"(32.422589, 35.527464)"
547,טמרה (יזרעאל),1,טמרה (יזרעאל),ביהס המקומי,"(32.633028, 35.401886)"
547,טמרה (יזרעאל),2,טמרה (יזרעאל),ביהס המקומי,"(32.633028, 35.401886)"
452,יזרעאל,1,יזרעאל,מועדון לחבר,"(32.70696, 35.128933)"
1117,יעל,1,יעל,מזכירות,"(32.0777289, 34.8315487)"
499,יפיע,1,יפיע,בית ספר איבדאע (חינוך מיוחד),"(32.689397, 35.275642)"
499,יפיע,2,יפיע,בית ספר איבדאע (חינוך מיוחד),"(32.689397, 35.275642)"
499,יפיע,3,יפיע,בית ספר ממלכתי ד אלחדיקה,"(32.689397, 35.275642)"
499,יפיע,4,יפיע,בית ספר ממלכתי ד אלחדיקה,"(32.689397, 35.275642)"
499,יפיע,5,"רח 310,18 ","בי""ס דתי מנזר הלטיני",
499,יפיע,6,"רח 601,1 ",בית ספר ממלכתי ג מראח אלגזלאן,
499,יפיע,7,"רח 601,1 ",בית ספר ממלכתי ג מראח אלגזלאן,
499,יפיע,8,"רח 601,1 ",בית ספר ממלכתי ג מראח אלגזלאן,
499,יפיע,9,"רח 310,18 ","בי""ס דתי מנזר הלטיני",
499,יפיע,10,מראח אלע'זלאן,"בי""ס יסודי ממלכתי ב",
499,יפיע,11,יפיע,בית ספר תיכון יפיע,"(32.689397, 35.275642)"
499,יפיע,12,יפיע,בית ספר ממלכתי ד אלחדיקה,"(32.689397, 35.275642)"
499,יפיע,13,מראח אלע'זלאן,"בי""ס יסודי ממלכתי ב",
499,יפיע,14,יפיע,בית ספר איבדאע (חינוך מיוחד),"(32.689397, 35.275642)"
499,יפיע,15,יפיע,בית ספר ממלכתי ד אלחדיקה,"(32.689397, 35.275642)"
499,יפיע,16,"רח 310,18 ","בי""ס דתי מנזר הלטיני",
499,יפיע,17,יפיע,בית ספר תיכון יפיע,"(32.689397, 35.275642)"
499,יפיע,18,יפיע,בית ספר תיכון יפיע,"(32.689397, 35.275642)"
499,יפיע,19,יפיע,בית ספר איבדאע (חינוך מיוחד),"(32.689397, 35.275642)"
499,יפיע,20,"רח 601,1 ",בית ספר ממלכתי ג מראח אלגזלאן,
3566,יפית,1,יפית,מועדון,
134,יפעת,1,"יפעת,1 ",מועדון דורות,"(32.0544547, 34.7560462)"
134,יפעת,2,"יפעת,1 ",מועדון דורות,"(32.0544547, 34.7560462)"
241,יקנעם (מושבה),1,יקנעם (מושבה),בית העם,
241,יקנעם (מושבה),2,יקנעם (מושבה),בית העם,
240,יקנעם עילית,2,"לילך,2 ","בי""ס אורנים","(32.659318, 35.1106516)"
240,יקנעם עילית,3,"לילך,2 ","בי""ס אורנים","(32.659318, 35.1106516)"
240,יקנעם עילית,4,"הגיא,11 ","בי""ס למדעים ואומנויות ע""ש נבון","(32.6381037, 35.0806899)"
240,יקנעם עילית,5,"הרימון,5 ",בית רימון,"(32.6582308, 35.1053145)"
240,יקנעם עילית,6,"שד יצחק רבין,4 ","בי""ס אורט-ליד אשכול פיס","(32.6402146, 35.0872742)"
240,יקנעם עילית,7,"האלונים,31 ","בי""ס ארזים","(32.6465435, 35.0919403)"
240,יקנעם עילית,8,"שד יצחק רבין,4 ","בי""ס אורט-ליד אשכול פיס","(32.6402146, 35.0872742)"
240,יקנעם עילית,9,"הערבה,1 ",גן ילדים חצב,"(32.6487272, 35.0922055)"
240,יקנעם עילית,10,"האורנים,2 ",מרכז טכנולוגי קהילתי,"(32.6537556, 35.1020831)"
240,יקנעם עילית,11,"שד יצחק רבין,4 ","בי""ס אורט-ליד אשכול פיס","(32.6402146, 35.0872742)"
240,יקנעם עילית,12,"האורנים,2 ",בית חם רווחה,"(32.6537556, 35.1020831)"
240,יקנעם עילית,13,"האלונים,31 ","בי""ס ארזים","(32.6465435, 35.0919403)"
240,יקנעם עילית,14,"יער אודם,29 ",גן אלה/זוהר,"(32.637253, 35.0860244)"
240,יקנעם עילית,15,"הגיא,11 ","בי""ס למדעים ואומנויות ע""ש נבון","(32.6381037, 35.0806899)"
240,יקנעם עילית,16,"דליות,15 ","בי""ס דליות","(32.642011, 35.0876262)"
240,יקנעם עילית,17,"דליות,15 ","בי""ס דליות","(32.642011, 35.0876262)"
240,יקנעם עילית,18,"דליות,15 ","בי""ס דליות","(32.642011, 35.0876262)"
240,יקנעם עילית,20,"בנטל,3 ","בי""ס תדהר","(32.6396442, 35.0903749)"
240,יקנעם עילית,21,"בנטל,3 ","בי""ס תדהר","(32.6396442, 35.0903749)"
240,יקנעם עילית,22,"יער אודם,29 ",גן אלה/זוהר,"(32.637253, 35.0860244)"
240,יקנעם עילית,23,"האלונים,31 ","בי""ס ארזים","(32.6465435, 35.0919403)"
240,יקנעם עילית,24,"האלונים,31 ","בי""ס ארזים","(32.6465435, 35.0919403)"
240,יקנעם עילית,25,"הרימון,5 ",בית רימון,"(32.6582308, 35.1053145)"
240,יקנעם עילית,26,"החרמון,89 ",גן ורד,
240,יקנעם עילית,27,"גלבוע,16 ",אשכול גני ילדים יסמין נופר ליל,
240,יקנעם עילית,28,"הגיא,11 ","בי""ס למדעים ואומנויות ע""ש נבון","(32.6381037, 35.0806899)"
240,יקנעם עילית,29,"גלבוע,16 ",אשכול גני ילדים יסמין נופר ליל,
240,יקנעם עילית,30,"גלבוע,16 ",אשכול גני ילדים יסמין נופר ליל,
240,יקנעם עילית,31,"הגיא,11 ","בי""ס למדעים ואומנויות ע""ש נבון","(32.6381037, 35.0806899)"
240,יקנעם עילית,32,"הגיא,11 ","בי""ס למדעים ואומנויות ע""ש נבון","(32.6381037, 35.0806899)"
240,יקנעם עילית,33,"הגיא,11 ","בי""ס למדעים ואומנויות ע""ש נבון","(32.6381037, 35.0806899)"
240,יקנעם עילית,990,"שד יצחק רבין,4 ","בי""ס אורט-ליד אשכול פיס","(32.6402146, 35.0872742)"
2026,ירדנה,1,ירדנה,מזכירות,
978,כעביה-טבאש-חג'אג'רה,1,כעביה,"מתנ""ס על יד בנין המועצה החדשה","(32.7483555, 35.183866)"
978,כעביה-טבאש-חג'אג'רה,2,טבאש,גן ילדים טבאש,"(32.7486692, 35.1696598)"
978,כעביה-טבאש-חג'אג'רה,3,חג'אג'רה,"בי""ס יסודי חג'גרה","(32.7463584, 35.1973751)"
978,כעביה-טבאש-חג'אג'רה,4,"חג'אג'רה,1 ","בי""ס יסודי כעביה","(32.7463584, 35.1973751)"
978,כעביה-טבאש-חג'אג'רה,5,חג'אג'רה,"בי""ס יסודי חג'גרה","(32.7463584, 35.1973751)"
978,כעביה-טבאש-חג'אג'רה,6,כעביה,"בי""ס תיכון כעביה","(32.7483555, 35.183866)"
132,כפר ברוך,1,כפר ברוך,בית - העם,"(32.644566, 35.195808)"
106,כפר גדעון,1,"כפר גדעון,1 ",מרכז פיס לקהילה,
192,כפר החורש,1,כפר החורש,הגלריה לשעבר צמוד לחדר חוגים,"(32.701998, 35.270315)"
140,כפר יהושע,1,כפר יהושע,מועדון לחבר,
140,כפר יהושע,2,כפר יהושע,מועדון לחבר,
85,כפר יחזקאל,1,כפר יחזקאל,בית העם,"(32.566902, 35.362093)"
509,כפר כנא,1,קאנא אל-ג'ליל,"בי""ס יסודי ב' - שכ אמארה",
509,כפר כנא,2,קאנא אל-ג'ליל,"בי""ס יסודי ב' - שכ אמארה",
509,כפר כנא,3,כפר כנא,"בי""ס יסודי ג' - שכ אלחי אלשרקי","(32.748982, 35.338062)"
509,כפר כנא,4,כפר כנא,"בי""ס יסודי ג' - שכ אלחי אלשרקי","(32.748982, 35.338062)"
509,כפר כנא,5,כפר כנא,"בי""ס תיכון","(32.748982, 35.338062)"
509,כפר כנא,6,כפר כנא,"בי""ס תיכון","(32.748982, 35.338062)"
509,כפר כנא,7,כפר כנא,"בי""ס חט""ב א' - השכונה הצפונית","(32.748982, 35.338062)"
509,כפר כנא,8,"שארע ענתר,2 ","בי""ס יסודי א' - שכ עואודה",
509,כפר כנא,9,"שארע ענתר,2 ","בי""ס יסודי א' - שכ עואודה",
509,כפר כנא,10,כפר כנא,"בי""ס חט""ב א' - השכונה הצפונית","(32.748982, 35.338062)"
509,כפר כנא,11,קאנא אל-ג'ליל,"בי""ס יסודי ב' - שכ אמארה",
509,כפר כנא,12,כפר כנא,"בי""ס תיכון","(32.748982, 35.338062)"
509,כפר כנא,13,"שארע ענתר,2 ","בי""ס יסודי א' - שכ עואודה",
509,כפר כנא,14,כפר כנא,"ביה""ס יסודי ממלכתי ד'","(32.748982, 35.338062)"
509,כפר כנא,15,כפר כנא,"בי""ס תיכון","(32.748982, 35.338062)"
509,כפר כנא,16,כפר כנא,"ביה""ס יסודי ממלכתי ד'","(32.748982, 35.338062)"
509,כפר כנא,17,כפר כנא,"ביה""ס יסודי ממלכתי ד'","(32.748982, 35.338062)"
509,כפר כנא,18,כפר כנא,"בי""ס חט""ב א' - השכונה הצפונית","(32.748982, 35.338062)"
509,כפר כנא,19,כפר כנא,"בי""ס חט""ב א' - השכונה הצפונית","(32.748982, 35.338062)"
509,כפר כנא,20,כפר כנא,"בי""ס יסודי ג' - שכ אלחי אלשרקי","(32.748982, 35.338062)"
509,כפר כנא,21,כפר כנא,"בי""ס יסודי ג' - שכ אלחי אלשרקי","(32.748982, 35.338062)"
512,כפר מצר,1,כפר מצר,"בי""ס יסודי ממלכתי",
512,כפר מצר,2,כפר מצר,"בי""ס יסודי ממלכתי",
512,כפר מצר,3,כפר מצר,"בי""ס יסודי ממלכתי",
295,כפר רופין,1,כפר רופין,מועדון לחבר,"(32.4567559, 35.5576214)"
874,מגדל העמק,1,"קרן היסוד,26 ","בי""ס גיורא יוספטל","(32.6721551, 35.2440569)"
874,מגדל העמק,2,"קרן היסוד,26 ","בי""ס גיורא יוספטל","(32.6721551, 35.2440569)"
874,מגדל העמק,3,"הנשיאים,11 ","בי""ס אורט רוגוזין","(32.6764434, 35.2428634)"
874,מגדל העמק,4,"הנשיאים,11 ","בי""ס אורט רוגוזין","(32.6764434, 35.2428634)"
874,מגדל העמק,5,"יפה נוף,4 ",מועדון פיס גיל הזהב,"(32.6729717, 35.2363566)"
874,מגדל העמק,6,"רמת יזרעאל,5 ","מתנ""ס אולם צוותא","(32.6742594, 35.2380406)"
874,מגדל העמק,7,"חב""ד","בי""ס חבד בנות","(32.6838701, 35.2306866)"
874,מגדל העמק,8,"שלום עליכם,4 ","בי""ס העילאי לחינוך מיוחד","(32.6789116, 35.2355302)"
874,מגדל העמק,9,"הרב בוסקילה רפאל,4 ",מועדון גלבוע,
874,מגדל העמק,10,"חב""ד","בי""ס חבד בנות","(32.6838701, 35.2306866)"
874,מגדל העמק,11,"הרב בוסקילה רפאל,4 ",מועדון גלבוע,
874,מגדל העמק,12,"זבולון,33 ","בי""ס מחשבה","(32.6795, 35.2319246)"
874,מגדל העמק,13,"חב""ד","בי""ס חבד בנות","(32.6838701, 35.2306866)"
874,מגדל העמק,14,"גלעד,1 ","בי""ס פסגות","(32.6735583, 35.2439039)"
874,מגדל העמק,15,"הנשיאים,11 ","בי""ס אורט רוגוזין","(32.6764434, 35.2428634)"
874,מגדל העמק,16,"השקד,1 ",גן תלתן,"(32.6716173, 35.2355755)"
874,מגדל העמק,17,"רמת יזרעאל,5 ","מתנ""ס אולם צוותא","(32.6742594, 35.2380406)"
874,מגדל העמק,18,"זבולון,33 ","בי""ס מחשבה","(32.6795, 35.2319246)"
874,מגדל העמק,19,"קריית חינוך,7 ","בי""ס קהילתי חט""ב ""יערת-העמק""",
874,מגדל העמק,21,"הניצנים,4 ","בי""ס ע""ש יגאל אלון",
874,מגדל העמק,22,"הניצנים,4 ","בי""ס ע""ש יגאל אלון",
874,מגדל העמק,23,"חב""ד","בי""ס חבד בנות","(32.6838701, 35.2306866)"
874,מגדל העמק,29,הקיצנית,מרכז שרותים לפרט ולמשפחה,"(32.6804209, 35.2540231)"
874,מגדל העמק,30,"החבצלת,3 ","בי""ס עליזה בגין",
874,מגדל העמק,31,"החבצלת,3 ","בי""ס עליזה בגין",
874,מגדל העמק,32,הקיצנית,מרכז שרותים לפרט ולמשפחה,"(32.6804209, 35.2540231)"
874,מגדל העמק,33,"השוהם,10 ",מועדון ברחוב שוהם,"(32.6797712, 35.2483424)"
874,מגדל העמק,34,"קריית חינוך,6 ","בי""ס נופים",
874,מגדל העמק,35,"החבצלת,3 ","בי""ס עליזה בגין",
874,מגדל העמק,36,"קריית חינוך,7 ","בי""ס קהילתי חט""ב ""יערת-העמק""",
874,מגדל העמק,37,"קריית חינוך,6 ","בי""ס נופים",
874,מגדל העמק,38,"ציפורי,23 ",גן ילדים שושן,"(32.6784582, 35.2478478)"
874,מגדל העמק,40,"אלי כהן,4 ",תיכון שלהבת,"(32.6747764, 35.2349854)"
874,מגדל העמק,41,"רמת יזרעאל,5 ","מתנ""ס אולם צוותא","(32.6742594, 35.2380406)"
874,מגדל העמק,42,"קריית חינוך,7 ","בי""ס קהילתי חט""ב ""יערת-העמק""",
874,מגדל העמק,43,"קריית חינוך,7 ","בי""ס קהילתי חט""ב ""יערת-העמק""",
874,מגדל העמק,44,"נחל הצבי,43 ",מועדון,"(32.6824525, 35.247347)"
874,מגדל העמק,875,"השקד,1 ",גן תלתן,"(32.6716173, 35.2355755)"
874,מגדל העמק,950,"הנשיאים,11 ","בי""ס אורט רוגוזין","(32.6764434, 35.2428634)"
874,מגדל העמק,951,"נחל הצבי,71א",גן ילדים אשל,"(32.6836591, 35.2390075)"
874,מגדל העמק,990,"הניצנים,4 ","בי""ס ע""ש יגאל אלון",
586,מגידו,1,"מגידו,1 ",חדר ישיבות - מזכירות טכנית,"(32.5786915, 35.1806937)"
1155,מגן שאול,1,מגן שאול,מועדון,
2029,מדרך עוז,1,מדרך עוז,מועדון ותיקים,"(32.6000182, 35.162272)"
269,מולדת,1,מולדת,בית העם,"(32.5864428, 35.4406793)"
269,מולדת,2,מולדת,בית העם,"(32.5864428, 35.4406793)"
635,מוקייבלה,1,מוקייבלה,בית הספר המקומי,
635,מוקייבלה,2,מוקייבלה,בית הספר המקומי,
635,מוקייבלה,3,מוקייבלה,"ביה""ס העמק-הירוק",
635,מוקייבלה,4,מוקייבלה,"ביה""ס העמק-הירוק",
104,מזרע,1,מזרע,מועדון לחבר,"(31.790804, 35.244605)"
3599,מחולה,1,מחולה,מועדון פיס לנוער,
1413,מחנה יהודית,1,מחנה יהודית,מועדון חוגים,
2054,מיטב,1,מיטב,מועדון לחבר,"(32.549108, 35.301121)"
1282,מירב,1,מירב,"מתנ""ס",
3614,מכורה,1,מכורה,מועדון חברים,
164,מלאה,1,מלאה,מועדון לחבר,"(30.9090538, 35.1316261)"
1154,מלכישוע,1,מלכישוע,מזכירות,
994,מנשית זבדה,1,מנשית זבדה,ביס יסודי אלרואא,
994,מנשית זבדה,2,מנשית זבדה,ביס יסודי אלרואא,
298,מסילות,1,מסילות,מועדון לחבר,
272,מעוז חיים,1,מעוז חיים,בית יבניאלי - מועדון לחבר,
3608,מעלה אפרים,1,מעלה אפרים,"מתנ""ס",
3608,מעלה אפרים,2,מעלה אפרים,"מתנ""ס",
1127,מעלה גלבוע,1,מעלה גלבוע,מועדון החבר,"(32.5525408, 35.3339459)"
97,מרחביה (מושב),1,מרחביה (מושב),בית הנוער,"(32.6035454, 35.3167775)"
66,מרחביה (קיבוץ),1,מרחביה (קיבוץ),מועדון יחדיו,"(32.60695, 35.30918)"
66,מרחביה (קיבוץ),2,מרחביה (קיבוץ),מועדון יחדיו,"(32.60695, 35.30918)"
520,משהד,1,"אלחארה אלפוקא,4 ","גן ילדים טרום חובה - בי""ס א'",
520,משהד,2,משהד,מועדון קשישים,"(32.742968, 35.32341)"
520,משהד,3,משהד,"בי""ס מקיף משהד","(32.742968, 35.32341)"
520,משהד,4,משהד,מועדון קשישים,"(32.742968, 35.32341)"
520,משהד,5,משהד,"בי""ס יסודי ממלכתי א","(32.742968, 35.32341)"
520,משהד,6,משהד,"בי""ס מקיף משהד","(32.742968, 35.32341)"
520,משהד,7,משהד,"בי""ס יסודי ממלכתי א","(32.742968, 35.32341)"
520,משהד,8,משהד,"בי""ס יסודי ממלכתי א","(32.742968, 35.32341)"
3605,משואה,1,משואה,מזכירות,"(31.9026412, 34.9988003)"
3785,משכיות,1,משכיות,מזכירות,
130,משמר העמק,1,משמר העמק,מועדון לחבר,"(32.6063793, 35.1303838)"
130,משמר העמק,2,משמר העמק,מועדון לחבר,"(32.6063793, 35.1303838)"
524,נאעורה,1,נאעורה,בית הספר המקומי,"(32.61434, 35.387306)"
524,נאעורה,2,נאעורה,בית הספר המקומי,"(32.61434, 35.387306)"
524,נאעורה,3,נאעורה,בית הספר המקומי,"(32.61434, 35.387306)"
80,נהלל,1,נהלל,מועדון לותיקים,"(32.6917984, 35.1995232)"
80,נהלל,2,נהלל,מועדון לותיקים,"(32.6917984, 35.1995232)"
590,נווה אור,1,"נווה אור,1 ",ספריה,
296,נווה איתן,1,נווה איתן,חדר אוכל,
1061,נוף הגליל,1,מגידו,גן הכרמים,"(32.7096777, 35.3096256)"
1061,נוף הגליל,2,מנחם אריאב,בית העירייה,"(32.7058465, 35.3231543)"
1061,נוף הגליל,3,"חרמון,3 ","מועדון עירוני לנכי צה""ל","(32.7090586, 35.3133215)"
1061,נוף הגליל,4,גולן,מרכז לצעירים,"(32.7109797, 35.3257241)"
1061,נוף הגליל,5,"עצמון,3 ",גן גנון - גפן,"(32.7082285, 35.3239791)"
1061,נוף הגליל,6,מנחם אריאב,מועדונית צפונית משפחתית,"(32.7058465, 35.3231543)"
1061,נוף הגליל,7,"מנחם אריאב,55 ","בי""ס עצמון","(32.7085209, 35.3270498)"
1061,נוף הגליל,8,מנחם אריאב,בית העירייה,"(32.7058465, 35.3231543)"
1061,נוף הגליל,9,"מנחם אריאב,55 ","בי""ס עצמון","(32.7085209, 35.3270498)"
1061,נוף הגליל,10,"עצמון,7 ","בית קק""ל למצוינות","(32.7082285, 35.3239791)"
1061,נוף הגליל,11,"עצמון,7 ","בית קק""ל למצוינות","(32.7082285, 35.3239791)"
1061,נוף הגליל,12,"חמניות,14 ",גן חמניות,
1061,נוף הגליל,13,גולן,מרכז לצעירים,"(32.7109797, 35.3257241)"
1061,נוף הגליל,14,מנחם אריאב,בית העירייה,"(32.7058465, 35.3231543)"
1061,נוף הגליל,15,"העליה,23 ","בי""ס חב""ד","(32.694638, 35.3174905)"
1061,נוף הגליל,16,גולן,מרכז לצעירים,"(32.7109797, 35.3257241)"
1061,נוף הגליל,17,"מנחם אריאב,55 ","בי""ס עצמון","(32.7085209, 35.3270498)"
1061,נוף הגליל,18,החיטה,בית הלהקות,"(32.6971646, 35.3151203)"
1061,נוף הגליל,19,"העליה,23 ","בי""ס חב""ד","(32.694638, 35.3174905)"
1061,נוף הגליל,20,"השקמה,9 ","בי""ס מנחם בגין",
1061,נוף הגליל,21,"תירוש,2 ",מרכז יום לקשיש,"(32.7005536, 35.3197238)"
1061,נוף הגליל,22,"השקמה,9 ","בי""ס מנחם בגין",
1061,נוף הגליל,23,"השקמה,6 ",גן מרגנית,
1061,נוף הגליל,24,"תירוש,2 ",מרכז יום לקשיש,"(32.7005536, 35.3197238)"
1061,נוף הגליל,25,"החצב,9ג","מתנ""ס גורדון","(32.690881, 35.3121252)"
1061,נוף הגליל,26,"השקמה,9 ","בי""ס מנחם בגין",
1061,נוף הגליל,27,"השקמה,9 ","בי""ס מנחם בגין",
1061,נוף הגליל,28,"שקד,41 ","בי""ס גולן","(32.7003498, 35.3195739)"
1061,נוף הגליל,29,"יזרעאל,17 ","מעון ילדים נעמ""ת","(32.689583, 35.3167752)"
1061,נוף הגליל,30,"שקד,41 ","בי""ס גולן","(32.7003498, 35.3195739)"
1061,נוף הגליל,31,"חרוב,15 ",גנון עליה,"(32.6952608, 35.3195012)"
1061,נוף הגליל,32,"שקד,41 ","בי""ס גולן","(32.7003498, 35.3195739)"
1061,נוף הגליל,33,"העליה,23 ","בי""ס חב""ד","(32.694638, 35.3174905)"
1061,נוף הגליל,34,"השקמה,1 ",גנון מורן,
1061,נוף הגליל,35,"דולב,8 ",גן ילדים דולב,"(32.6983772, 35.3236516)"
1061,נוף הגליל,36,ורדים,מקלט-חדר בטחון עליון,"(32.7001792, 35.3300042)"
1061,נוף הגליל,37,"גלעד,24 ",מועדון סבא נכד,"(32.7028554, 35.3259961)"
1061,נוף הגליל,38,גלעד,"בי""ס כסולות","(32.7032257, 35.3242133)"
1061,נוף הגליל,39,"דולב,8 ",גן ילדים דולב,"(32.6983772, 35.3236516)"
1061,נוף הגליל,40,גלעד,"בי""ס כסולות","(32.7032257, 35.3242133)"
1061,נוף הגליל,41,"סביון,1 ",תלמוד תורה - אומץ,"(32.694977, 35.3078778)"
1061,נוף הגליל,42,"אורה,2א",מקום לגדול טוב,"(32.6968206, 35.3118077)"
1061,נוף הגליל,43,"דרך אריאל שרון,2 ",גנון כח אלה,
1061,נוף הגליל,44,"סביון,1 ",תלמוד תורה - אומץ,"(32.694977, 35.3078778)"
1061,נוף הגליל,45,"סביון,1 ",תלמוד תורה - אומץ,"(32.694977, 35.3078778)"
1061,נוף הגליל,46,"סביון,1 ",תלמוד תורה - אומץ,"(32.694977, 35.3078778)"
1061,נוף הגליל,47,"סביון,1 ",תלמוד תורה - אומץ,"(32.694977, 35.3078778)"
1061,נוף הגליל,48,"השקמה,6 ",גן מרגנית,
1061,נוף הגליל,49,"שקד,41 ","בי""ס גולן","(32.7003498, 35.3195739)"
1061,נוף הגליל,50,"חמניות,14 ",גן חמניות,
1061,נוף הגליל,51,"חמניות,14 ",גן חמניות,
1061,נוף הגליל,52,"שומרון,10 ","בי""ס ארבל","(32.7060772, 35.3209382)"
1061,נוף הגליל,54,מנחם אריאב,בית העירייה,"(32.7058465, 35.3231543)"
1061,נוף הגליל,55,"יקינטון,7 ",מרכז קהילתי יקינטון,"(32.7276582, 35.338215)"
1061,נוף הגליל,56,"מורן,40 ",מועדון האירוסים,"(32.7238073, 35.3302407)"
1061,נוף הגליל,57,"יקינטון,7 ",מרכז קהילתי יקינטון,"(32.7276582, 35.338215)"
1061,נוף הגליל,58,יקינטון,"בי""ס נטופה","(32.7219438, 35.3385729)"
1061,נוף הגליל,59,"יזרעאל,17 ","מעון ילדים נעמ""ת","(32.689583, 35.3167752)"
1061,נוף הגליל,60,הרב אהרן ליב שטימן,גן 104-אגודת ישראל,
1061,נוף הגליל,61,מגידו,גן הכרמים,"(32.7096777, 35.3096256)"
1061,נוף הגליל,70,"אשוח,9 ","בי""ס יודפת","(32.7268412, 35.3341024)"
1061,נוף הגליל,71,"רותם,14 ",גן ברוש,"(32.7309923, 35.3309912)"
1061,נוף הגליל,72,"כרכום,12 ",גן כרכום,"(32.7293022, 35.3331232)"
1061,נוף הגליל,73,"אשוח,9 ","בי""ס יודפת","(32.7268412, 35.3341024)"
1061,נוף הגליל,74,"כליל החורש,16 ",גן סייפן,"(32.7310117, 35.3294637)"
1061,נוף הגליל,75,"אשוח,9 ","בי""ס יודפת","(32.7268412, 35.3341024)"
1061,נוף הגליל,76,"כליל החורש,16 ",גן סייפן,"(32.7310117, 35.3294637)"
1061,נוף הגליל,77,"מנחם אריאב,55 ","בי""ס עצמון","(32.7085209, 35.3270498)"
1061,נוף הגליל,950,יקינטון,"בי""ס נטופה","(32.7219438, 35.3385729)"
1061,נוף הגליל,951,"כרכום,12 ",גן כרכום,"(32.7293022, 35.3331232)"
1061,נוף הגליל,990,מנחם אריאב,בית העירייה,"(32.7058465, 35.3231543)"
833,נורית,1,נורית,מזכירות,"(32.793161, 34.998066)"
523,ניין,1,ניין,ביס יסודי ממלכתי,"(28.6016035, 77.2212445)"
523,ניין,2,ניין,ביס יסודי ממלכתי,"(28.6016035, 77.2212445)"
256,ניר דוד (תל עמל),1,ניר דוד (תל עמל),ספרייה,
165,ניר יפה,1,ניר יפה,בית העם,"(32.56758, 35.244295)"
7300,נצרת,1,"הגליל,10 ",בית ספר בפטיסטי,"(32.7076363, 35.3071873)"
7300,נצרת,2,"הגליל,10 ",בית ספר בפטיסטי,"(32.7076363, 35.3071873)"
7300,נצרת,3,"הגליל,10 ",בית ספר בפטיסטי,"(32.7076363, 35.3071873)"
7300,נצרת,4,"הגליל,10 ",בית ספר בפטיסטי,"(32.7076363, 35.3071873)"
7300,נצרת,5,"הגליל,10 ",בית ספר בפטיסטי,"(32.7076363, 35.3071873)"
7300,נצרת,6,"א-שוהדא',37 ","בי""ס אורט","(32.6984326, 35.3090522)"
7300,נצרת,7,"אניס כרדוש,8 ","בי""ס יסודי בפטיסטי",
7300,נצרת,8,"אניס כרדוש,8 ","בי""ס יסודי בפטיסטי",
7300,נצרת,9,"רח 6053,12 ", גן הבשורה ,
7300,נצרת,10,"רח 6053,12 ", גן הבשורה ,
7300,נצרת,11,"איכסאל,50 ","בי""ס יסודי אלשרק","(32.6971009, 35.3029069)"
7300,נצרת,12,"רח 4021,30 ","בי""ס יסודי אל חורש",
7300,נצרת,13,"רח 6053,12 ", גן הבשורה ,
7300,נצרת,14,"אניס כרדוש,8 ","בי""ס יסודי בפטיסטי",
7300,נצרת,15,"רח 1006,50 ","בי""ס יסודי-ביר אלאמיר-גנים",
7300,נצרת,16,"רח 5070,9 ","בי""ס אבן ח'לדון",
7300,נצרת,17,"אניס כרדוש,8 ","בי""ס יסודי בפטיסטי",
7300,נצרת,18,"רח 6098,10 ",תחנת לבריאות המשפחה - השוק,
7300,נצרת,19,"רח 5070,9 ","בי""ס אבן ח'לדון",
7300,נצרת,20,"רח 7039,3 ","בי""ס  אלקלעה",
7300,נצרת,21,"רח 5070,2 ","מרכז תרבות עירוני (ע""ש דרוויש)",
7300,נצרת,22,"רח 5070,9 ","בי""ס אבן ח'לדון",
7300,נצרת,23,"רח 5097,16 ",מועדון איבראהים טוקאן,
7300,נצרת,24,"רח 5097,16 ",מועדון איבראהים טוקאן,
7300,נצרת,25,"רח 5070,9 ","בי""ס אבן ח'לדון",
7300,נצרת,26,"רח 5070,9 ","בי""ס אבן ח'לדון",
7300,נצרת,27,"רח 5035,28 ","גנ""י אל כרום",
7300,נצרת,28,ש פועלי נצרת,"בי""ס יסודי מאי זיאדה",
7300,נצרת,29,"רח 5097,16 ",מרכז השכלת מבוגרים,
7300,נצרת,30,רח 4032,"בי""ס אבן סינא",
7300,נצרת,31,"איכסאל,50 ","בי""ס יסודי אלשרק","(32.6971009, 35.3029069)"
7300,נצרת,32,"רח 4021,30 ","בי""ס יסודי אל חורש",
7300,נצרת,33,"א-שוהדא',37 ","בי""ס אורט","(32.6984326, 35.3090522)"
7300,נצרת,34,"איכסאל,50 ","בי""ס יסודי אלשרק","(32.6971009, 35.3029069)"
7300,נצרת,35,"א-שוהדא',37 ","בי""ס אורט","(32.6984326, 35.3090522)"
7300,נצרת,36,"רח 4021,30 ","בי""ס יסודי אל חורש",
7300,נצרת,37,"חאלת א-דיר,22 ","בי""ס יסודי אלמגד",
7300,נצרת,38,"חאלת א-דיר,22 ","בי""ס יסודי אלמגד",
7300,נצרת,39,"איכסאל,50 ","בי""ס יסודי אלשרק","(32.6971009, 35.3029069)"
7300,נצרת,40,"רח 1006,50 ","בי""ס יסודי-ביר אלאמיר-גנים",
7300,נצרת,41,"רח 1006,50 ","בי""ס יסודי-ביר אלאמיר-גנים",
7300,נצרת,42,"רח 1006,50 ","בי""ס יסודי-ביר אלאמיר-גנים",
7300,נצרת,43,"רח 1006,50 ","בי""ס יסודי-ביר אלאמיר-גנים",
7300,נצרת,44,כרם אל-ג'מאל,"בי""ס חאלד סולימאן","(32.7145779, 35.2936886)"
7300,נצרת,45,רח 7025,"בי""ס אלקסטל ( פיס )",
7300,נצרת,46,רח 7025,"בי""ס אלקסטל ( פיס )",
7300,נצרת,47,רח 7025,"בי""ס אלקסטל ( פיס )",
7300,נצרת,48,כרם אל-ג'מאל,"בי""ס חאלד סולימאן","(32.7145779, 35.2936886)"
7300,נצרת,49,"רח 1006,50 ","בי""ס יסודי-ביר אלאמיר-גנים",
7300,נצרת,50,"רח 5035,12 ","בי""ס ממלכתי אלכרום",
7300,נצרת,51,"רח 5035,28 ","גנ""י אל כרום",
7300,נצרת,52,כרם א-סאחב,"בי""ס כארם אלסחאב חירשים ועיוור","(32.7099467, 35.28453)"
7300,נצרת,53,"רח 5035,12 ","בי""ס ממלכתי אלכרום",
7300,נצרת,54,"רח 5097,16 ",מרכז השכלת מבוגרים,
7300,נצרת,55,"רח 5097,14 ","גן בי""ס איברהים טוקאן",
7300,נצרת,56,"אל-פאח'ורה,14 ","בי""ס יסודי אבן עאמר","(32.6825411, 35.2854394)"
7300,נצרת,57,כרם אל-ג'מאל,"בי""ס חאלד סולימאן","(32.7145779, 35.2936886)"
7300,נצרת,58,"רח 7039,3 ","בי""ס  אלקלעה",
7300,נצרת,59,כרם אל-ג'מאל,"בי""ס חאלד סולימאן","(32.7145779, 35.2936886)"
7300,נצרת,60,"חאלת א-דיר,22 ","בי""ס יסודי אלמגד",
7300,נצרת,61,ש פועלי נצרת,"בי""ס יסודי מאי זיאדה",
7300,נצרת,62,"חאלת א-דיר,22 ","בי""ס יסודי אלמגד",
7300,נצרת,63,"רח 5070,9 ","בי""ס אבן ח'לדון",
7300,נצרת,64,"חאלת א-דיר,22 ","בי""ס יסודי אלמגד",
7300,נצרת,65,רח 4032,"בי""ס אבן סינא",
7300,נצרת,66,"א-שוהדא',37 ","בי""ס אורט","(32.6984326, 35.3090522)"
7300,נצרת,67,"רח 4021,30 ","בי""ס יסודי אל חורש",
7300,נצרת,68,"א-שוהדא',37 ","בי""ס אורט","(32.6984326, 35.3090522)"
7300,נצרת,69,רח 4032,"בי""ס אבן סינא",
7300,נצרת,70,כרם א-סאחב,"בי""ס כארם אלסחאב חירשים ועיוור","(32.7099467, 35.28453)"
7300,נצרת,71,"אניס כרדוש,8 ","בי""ס יסודי בפטיסטי",
7300,נצרת,72,"רח 5035,12 ","בי""ס ממלכתי אלכרום",
7300,נצרת,73,"אל-פאח'ורה,14 ","בי""ס יסודי אבן עאמר","(32.6825411, 35.2854394)"
7300,נצרת,74,שיכון שנלר,"חט""ב תאופיק זיאד",
7300,נצרת,75,"רח 1006,50 ","בי""ס יסודי-ביר אלאמיר-גנים",
7300,נצרת,76,רח 7025,"בי""ס אלקסטל ( פיס )",
7300,נצרת,77,"רח 5035,28 ","גנ""י אל כרום",
7300,נצרת,80,רח 7025,"בי""ס אלקסטל ( פיס )",
7300,נצרת,81,כרם אל-ג'מאל,"בי""ס חאלד סולימאן","(32.7145779, 35.2936886)"
7300,נצרת,82,"רח 7039,3 ","בי""ס  אלקלעה",
7300,נצרת,83,"רח 1006,50 ","בי""ס יסודי-ביר אלאמיר-גנים",
7300,נצרת,84,"הגליל,10 ",בית ספר בפטיסטי,"(32.7076363, 35.3071873)"
7300,נצרת,85,"רח 6135,6135 ",מועדונית השוק,
7300,נצרת,86,רח 7025,"בי""ס אלקסטל ( פיס )",
7300,נצרת,87,רח 7025,"בי""ס אלקסטל ( פיס )",
7300,נצרת,88,שיכון שנלר,"חט""ב תאופיק זיאד",
7300,נצרת,89,"רח 1006,50 ","בי""ס יסודי-ביר אלאמיר-גנים",
7300,נצרת,950,"אל-פאח'ורה,14 ","בי""ס יסודי אבן עאמר","(32.6825411, 35.2854394)"
7300,נצרת,990,"רח 6053,12 ", גן הבשורה ,
526,סולם,1,סולם,"בי""ס יסודי ממלכתי","(32.607011, 35.332332)"
526,סולם,2,סולם,"בי""ס יסודי ממלכתי","(32.607011, 35.332332)"
526,סולם,3,סולם,"בי""ס יסודי ממלכתי","(32.607011, 35.332332)"
528,עוזייר,1,עוזייר,"מתנ""ס עוזייר רומאנה",
528,עוזייר,2,עוזייר,"מתנ""ס עוזייר רומאנה",
528,עוזייר,3,עוזייר,"מתנ""ס עוזייר רומאנה",
511,עילוט,1,עילוט,תיכון מקיף,"(32.720798, 35.267391)"
511,עילוט,2,עילוט,גן ילדים מרכז,"(32.720798, 35.267391)"
511,עילוט,3,עילוט,תיכון מקיף,"(32.720798, 35.267391)"
511,עילוט,4,עילוט,מועדון פייס לקשיש,"(32.720798, 35.267391)"
511,עילוט,5,עילוט,מועדון פייס לקשיש,"(32.720798, 35.267391)"
511,עילוט,6,עילוט,גן ילדים מרכז,"(32.720798, 35.267391)"
511,עילוט,7,עילוט,גן ילדים מרכז,"(32.720798, 35.267391)"
511,עילוט,8,עילוט,גן ילדים מרכז,"(32.720798, 35.267391)"
511,עילוט,9,עילוט,גן ילדים מרכז,"(32.720798, 35.267391)"
436,עין דור,1,עין דור,מועדון לחבר,"(32.657099, 35.417432)"
436,עין דור,2,עין דור,מועדון לחבר,"(32.657099, 35.417432)"
383,"עין הנצי""ב",1,"עין הנצי""ב",חדר האוכל,"(32.4676158, 35.5019118)"
367,עין העמק,1,עין העמק,מועדון לנוער,"(32.6309775, 35.0826956)"
270,עין השופט,1,עין השופט,מועדון,"(32.597117, 35.100361)"
270,עין השופט,2,עין השופט,מועדון,"(32.597117, 35.100361)"
89,עין חרוד (איחוד),1,עין חרוד (איחוד),חדר אוכל,"(32.5673884, 35.3856565)"
82,עין חרוד (מאוחד),1,עין חרוד (מאוחד),חדר אוכל,"(32.563977, 35.386946)"
532,עין מאהל,1,עין מאהל,"בי""ס תיכון מקיף",
532,עין מאהל,2,עין מאהל,"בי""ס תיכון מקיף",
532,עין מאהל,3,עין מאהל,"בי""ס תיכון מקיף",
532,עין מאהל,4,עין מאהל,בית ספר יסודי ב',
532,עין מאהל,5,עין מאהל,"בי""ס יסודי א'",
532,עין מאהל,6,עין מאהל,בית ספר יסודי ב',
532,עין מאהל,7,עין מאהל,בית ספר יסודי ב',
532,עין מאהל,8,"אל-קודס,44 ","מתנ""ס קהילתי",
532,עין מאהל,9,"אל-קודס,44 ","מתנ""ס קהילתי",
532,עין מאהל,10,"אל-קודס,44 ","מתנ""ס קהילתי",
532,עין מאהל,11,עין מאהל,"בי""ס יסודי א'",
532,עין מאהל,12,עין מאהל,"בי""ס יסודי א'",
532,עין מאהל,13,עין מאהל,"בי""ס יסודי א'",
7700,עפולה,1,"סולד הנריטה,39 ",בית החינוך נועם מוריה,
7700,עפולה,2,"טשרניחובסקי,9 ",כרמים-בעמק,
7700,עפולה,3,"ז'בוטינסקי,8 ","בי""ס עמל","(32.6221996, 35.3236542)"
7700,עפולה,4,ש גבעת המורה,"בית ספר ""בן צבי""","(32.6156392, 35.3321669)"
7700,עפולה,5,קפלן,מ.קהילתי - בית אשכול,"(32.6308447, 35.3258045)"
7700,עפולה,6,עלית הנוער,מרכז קהילתי - בית פוזנק,
7700,עפולה,7,"סולד הנריטה,3 ",ספריה,
7700,עפולה,8,"שדה יצחק,6 ","בי""ס אלומות","(32.6332186, 35.3209321)"
7700,עפולה,9,"רש""י","מרכז עבודה שיקומי - מע""ש","(32.6329645, 35.3333392)"
7700,עפולה,10,"שדה יצחק,6 ","בי""ס אלומות","(32.6332186, 35.3209321)"
7700,עפולה,11,"שדה יצחק,6 ","בי""ס אלומות","(32.6332186, 35.3209321)"
7700,עפולה,12,קפלן,מ.קהילתי - בית אשכול,"(32.6308447, 35.3258045)"
7700,עפולה,13,"ז'בוטינסקי,8 ","בי""ס עמל","(32.6221996, 35.3236542)"
7700,עפולה,15,"סולד הנריטה,8 ",תלמוד תורה דרך אמת,
7700,עפולה,16,"האגס,4 ","בי""ס תיכון בן גוריון","(32.6185924, 35.2871992)"
7700,עפולה,17,"הצפצפות,1 ","חט""ב אורן",
7700,עפולה,18,"יצפור,4 ","מרכז פסג""ה","(32.609858, 35.2974797)"
7700,עפולה,19,"וולפסון,30 ",אולפנת צביה עפולה,"(32.605295, 35.2839908)"
7700,עפולה,20,"פקן,55 ","בי""ס תדהר","(32.6178904, 35.2847931)"
7700,עפולה,21,"חנקין יהושע,20 ","בי""ס אוהל מאיר","(32.6101418, 35.2812491)"
7700,עפולה,22,"הקישון,17 ",מרכז יום לקשיש,
7700,עפולה,23,"וולפסון,28 ","ב""ס גוונים","(32.605295, 35.2839908)"
7700,עפולה,24,"פקן,55 ","בי""ס תדהר","(32.6178904, 35.2847931)"
7700,עפולה,25,"וולפסון,30 ",אולפנת צביה עפולה,"(32.605295, 35.2839908)"
7700,עפולה,26,"חנקין יהושע,20 ","בי""ס אוהל מאיר","(32.6101418, 35.2812491)"
7700,עפולה,27,"הקונגרס הציוני,39 ","בי""ס זאב זבוטינסקי","(32.6103258, 35.2799503)"
7700,עפולה,28,"פקן,55 ","בי""ס תדהר","(32.6178904, 35.2847931)"
7700,עפולה,29,"וולפסון,28 ","ב""ס גוונים","(32.605295, 35.2839908)"
7700,עפולה,30,"חנקין יהושע,20 ","בי""ס אוהל מאיר","(32.6101418, 35.2812491)"
7700,עפולה,31,"האגס,4 ","בי""ס תיכון בן גוריון","(32.6185924, 35.2871992)"
7700,עפולה,32,"הרב ציוני פרץ,27 ","בי""ס חטיבת ביניים דתי","(32.6034016, 35.2916549)"
7700,עפולה,33,"האגס,4 ","בי""ס תיכון בן גוריון","(32.6185924, 35.2871992)"
7700,עפולה,34,"וולפסון,28 ","ב""ס גוונים","(32.605295, 35.2839908)"
7700,עפולה,35,"הקונגרס הציוני,39 ","בי""ס זאב זבוטינסקי","(32.6103258, 35.2799503)"
7700,עפולה,36,"סולד הנריטה,39 ",בית החינוך נועם מוריה,
7700,עפולה,37,"ז'בוטינסקי,8 ","בי""ס עמל","(32.6221996, 35.3236542)"
7700,עפולה,38,האלה,"בי""ס מעלות - עפולה עילית","(32.6359936, 35.3185176)"
7700,עפולה,39,האלה,"בי""ס מעלות - עפולה עילית","(32.6359936, 35.3185176)"
7700,עפולה,40,האלה,"בי""ס מעלות - עפולה עילית","(32.6359936, 35.3185176)"
7700,עפולה,41,"הקונגרס הציוני,39 ","בי""ס זאב זבוטינסקי","(32.6103258, 35.2799503)"
7700,עפולה,42,"הצפצפות,1 ","חט""ב אורן",
7700,עפולה,43,"וולפסון,28 ","ב""ס גוונים","(32.605295, 35.2839908)"
7700,עפולה,44,"שדה יצחק,6 ","בי""ס אלומות","(32.6332186, 35.3209321)"
7700,עפולה,45,ש גבעת המורה,"בית ספר ""בן צבי""","(32.6156392, 35.3321669)"
7700,עפולה,46,עלית הנוער,מרכז קהילתי - בית פוזנק,
7700,עפולה,47,ש גבעת המורה,"בית ספר ""בן צבי""","(32.6156392, 35.3321669)"
7700,עפולה,48,"וולפסון,30 ",אולפנת צביה עפולה,"(32.605295, 35.2839908)"
7700,עפולה,49,"האגס,4 ","בי""ס תיכון בן גוריון","(32.6185924, 35.2871992)"
7700,עפולה,50,"וולפסון,28 ","ב""ס גוונים","(32.605295, 35.2839908)"
7700,עפולה,51,"וולפסון,30 ",אולפנת צביה עפולה,"(32.605295, 35.2839908)"
7700,עפולה,52,"הצפצפות,1 ","חט""ב אורן",
7700,עפולה,53,"הקונגרס הציוני,39 ","בי""ס זאב זבוטינסקי","(32.6103258, 35.2799503)"
7700,עפולה,54,"הרב ציוני פרץ,27 ","בי""ס חטיבת ביניים דתי","(32.6034016, 35.2916549)"
7700,עפולה,55,"הקישון,17 ",מרכז יום לקשיש,
7700,עפולה,56,"האגס,4 ","בי""ס תיכון בן גוריון","(32.6185924, 35.2871992)"
7700,עפולה,57,"הצפצפות,1 ","חט""ב אורן",
7700,עפולה,58,"פקן,55 ","בי""ס תדהר","(32.6178904, 35.2847931)"
7700,עפולה,59,"הצפצפות,1 ","חט""ב אורן",
7700,עפולה,60,"וולפסון,30 ",אולפנת צביה עפולה,"(32.605295, 35.2839908)"
7700,עפולה,61,רובע יזרעאל,"בי""ס יהלום","(32.6133959, 35.3032505)"
7700,עפולה,62,אודם,"אולם ספורט בי""ס יהלום","(32.6117946, 35.3049936)"
7700,עפולה,63,"פקן,55 ","בי""ס תדהר","(32.6178904, 35.2847931)"
7700,עפולה,64,רובע יזרעאל,"בי""ס יהלום","(32.6133959, 35.3032505)"
7700,עפולה,65,רובע יזרעאל,"בי""ס יהלום","(32.6133959, 35.3032505)"
7700,עפולה,66,רובע יזרעאל,"בי""ס יהלום","(32.6133959, 35.3032505)"
7700,עפולה,67,אודם,"אולם ספורט בי""ס יהלום","(32.6117946, 35.3049936)"
7700,עפולה,68,"חביבה רייך,3 ","בי""ס רימונים",
7700,עפולה,69,"האגס,4 ","בי""ס תיכון בן גוריון","(32.6185924, 35.2871992)"
7700,עפולה,70,"וולפסון,30 ",אולפנת צביה עפולה,"(32.605295, 35.2839908)"
7700,עפולה,71,האלה,"בי""ס מעלות - עפולה עילית","(32.6359936, 35.3185176)"
7700,עפולה,72,רובע יזרעאל,"בי""ס יהלום","(32.6133959, 35.3032505)"
7700,עפולה,73,"חביבה רייך,3 ","בי""ס רימונים",
7700,עפולה,74,רובע יזרעאל,"בי""ס יהלום","(32.6133959, 35.3032505)"
7700,עפולה,950,"רש""י","מרכז עבודה שיקומי - מע""ש","(32.6329645, 35.3333392)"
7700,עפולה,952,"חביבה רייך,3 ","בי""ס רימונים",
7700,עפולה,990,"הצפצפות,1 ","חט""ב אורן",
3615,פצאל,1,פצאל,מועדון חברים,
2053,פרזון,1,פרזון,מזכירות,
613,ציפורי,1,"ציפורי,1 ",בית העם,"(32.7357218, 35.2673383)"
636,צנדלה,1,צנדלה,ביס מקומי,
636,צנדלה,2,צנדלה,ביס מקומי,
2016,רוויה,1,רוויה,מועדון,"(32.448617, 35.47473)"
539,רומאנה,1,רומאנה,גן ילדים,
539,רומאנה,2,רומאנה,תחנה לבריאות המשפחה,
997,רומת הייב,1,רומת הייב,מועדון נוער,
997,רומת הייב,2,רומת הייב,מועדון נוער,
3619,רועי,1,רועי,מועדון,
3782,רותם,1,רותם,מזכירות,"(31.790726, 35.135273)"
854,רחוב,1,רחוב,מועדון,"(32.4583321, 35.4972229)"
542,ריינה,1,ריינה,"בי""ס ממלכתי ב","(32.7288924, 35.3243172)"
542,ריינה,2,ריינה,"בי""ס ממלכתי ב","(32.7288924, 35.3243172)"
542,ריינה,3,ריינה,"בי""ס ממלכתי ב","(32.7288924, 35.3243172)"
542,ריינה,4,ריינה,"בי""ס ממלכתי ב","(32.7288924, 35.3243172)"
542,ריינה,5,ריינה,כותר פיס - שכונה עתיקה,"(32.7288924, 35.3243172)"
542,ריינה,6,ריינה,"בי""ס יסודי א","(32.7288924, 35.3243172)"
542,ריינה,7,ריינה,"בי""ס יסודי א","(32.7288924, 35.3243172)"
542,ריינה,8,ריינה,"בי""ס יסודי א","(32.7288924, 35.3243172)"
542,ריינה,9,ריינה,גני הילדים מול המסגד החדש,"(32.7288924, 35.3243172)"
542,ריינה,10,ריינה,גני הילדים מול המסגד החדש,"(32.7288924, 35.3243172)"
542,ריינה,11,"אל-ביאן,18 ","בי""ס תיכון מקיף",
542,ריינה,12,ריינה,"בי""ס ממלכתי ב","(32.7288924, 35.3243172)"
542,ריינה,13,ריינה,כותר פיס - שכונה עתיקה,"(32.7288924, 35.3243172)"
542,ריינה,14,"אל-ביאן,18 ","בי""ס תיכון מקיף",
542,ריינה,15,"אל-ביאן,18 ","בי""ס תיכון מקיף",
542,ריינה,16,ריינה,"בי""ס יסודי א","(32.7288924, 35.3243172)"
542,ריינה,17,"אל-ביאן,18 ","בי""ס תיכון מקיף",
1069,רם-און,1,רם-און,בית העם,"(32.528367, 35.258467)"
445,רמות מנשה,1,רמות מנשה,מועדון הצריף,"(32.6080848, 35.0466098)"
445,רמות מנשה,2,רמות מנשה,מועדון הצריף,"(32.6080848, 35.0466098)"
135,רמת דוד,1,רמת דוד,מועדון +60,"(32.67186, 35.193897)"
335,רמת השופט,1,רמת השופט,חדר אוכל / מועדון,
122,רמת ישי,1,"הארז,48 ",בית מרים,"(32.7057041, 35.1710017)"
122,רמת ישי,2,"הארז,48 ",בית מרים,"(32.7057041, 35.1710017)"
122,רמת ישי,3,"הפרגים,19 ",אשכול גני ילדים,"(32.7041777, 35.157634)"
122,רמת ישי,4,"הארז,48 ",ספריה עירונית,"(32.7057041, 35.1710017)"
122,רמת ישי,5,"הפרדס,12 ","חט""ב היובל - בניין אורן","(32.6999934, 35.1622437)"
122,רמת ישי,6,"הפרגים,19 ",אשכול גני ילדים,"(32.7041777, 35.157634)"
122,רמת ישי,7,"הפרדס,12 ","חט""ב היובל - בניין אורן","(32.6999934, 35.1622437)"
122,רמת ישי,8,"הארז,48 ",בית הנוער,"(32.7057041, 35.1710017)"
122,רמת ישי,9,"הפרדס,12 ","חט""ב היובל - בניין אורן","(32.6999934, 35.1622437)"
339,רמת צבי,1,רמת צבי,בית העם,"(31.9323562, 34.801954)"
437,רשפים,1,רשפים,מועדון לחבר,
913,שבלי - אום אל-גנם,1,שבלי - אום אל-גנם,"בנין המתנ""ס שיבלי",
913,שבלי - אום אל-גנם,2,"עין אלתינה,55 ",בית ספר יסודי מרכז הכפר,
913,שבלי - אום אל-גנם,3,"עין אלתינה,55 ",בית ספר יסודי מרכז הכפר,
913,שבלי - אום אל-גנם,4,שבלי - אום אל-גנם,"בנין המתנ""ס שיבלי",
913,שבלי - אום אל-גנם,5,אום אל-גנם,"בי""ס יסודי",
913,שבלי - אום אל-גנם,6,אום אל-גנם,"בי""ס יסודי",
913,שבלי - אום אל-גנם,8,"עין אלתינה,55 ",בית ספר יסודי מרכז הכפר,
304,שדה אליהו,1,שדה אליהו,בית תרבות,"(32.063825, 34.796455)"
142,שדה יעקב,1,שדה יעקב,מועדון,"(32.698917, 35.143479)"
259,שדה נחום,1,שדה נחום,מועדון לחבר,
2057,שדי תרומות,1,שדי תרומות,מועדון,"(32.439374, 35.487563)"
3578,שדמות מחולה,1,שדמות מחולה,ספרייה,
439,שלוחות,1,שלוחות,בית דורות,
1337,שמשית,1,"שמשית,1 ",בית הספר,
1337,שמשית,2,"שמשית,1 ",בית הספר,
1337,שמשית,3,"שמשית,1 ",בית הספר,
126,שריד,1,שריד,מועדון לחבר,
126,שריד,2,שריד,מועדון לחבר,
84,תל יוסף,1,תל יוסף,מועדון לחבר,"(32.1256566, 34.7982488)"
103,תל עדשים,1,תל עדשים,בית תרבות,
103,תל עדשים,2,תל עדשים,בית תרבות,
1283,תל תאומים,1,תל תאומים,מועדון,
1244,תמרת,1,תמרת,מרכז קהילתי,"(32.633028, 35.401886)"
1244,תמרת,3,תמרת,מרכז קהילתי,"(32.633028, 35.401886)"
473,אבו סנאן,1,אבו סנאן,"בי""ס ממלכתי ב","(32.958624, 35.168233)"
473,אבו סנאן,2,אבו סנאן,בית ספר חטיבת ביניים ב',"(32.958624, 35.168233)"
473,אבו סנאן,3,אבו סנאן,"בי""ס חטיבה א","(32.958624, 35.168233)"
473,אבו סנאן,4,אבו סנאן,"בי""ס ממלכתי א","(32.958624, 35.168233)"
473,אבו סנאן,5,אבו סנאן,"בי""ס ממלכתי א","(32.958624, 35.168233)"
473,אבו סנאן,6,אבו סנאן,"בי""ס תיכון","(32.958624, 35.168233)"
473,אבו סנאן,7,אבו סנאן,"בי""ס ממלכתי ג (אלתסאמח)","(32.958624, 35.168233)"
473,אבו סנאן,8,אבו סנאן,"בי""ס תיכון","(32.958624, 35.168233)"
473,אבו סנאן,9,אבו סנאן,"בי""ס חטיבה א","(32.958624, 35.168233)"
473,אבו סנאן,10,אבו סנאן,"בי""ס ממלכתי ג (אלתסאמח)","(32.958624, 35.168233)"
473,אבו סנאן,11,אבו סנאן,בית ספר חטיבת ביניים ב',"(32.958624, 35.168233)"
473,אבו סנאן,12,אבו סנאן,"בי""ס ממלכתי ג (אלתסאמח)","(32.958624, 35.168233)"
473,אבו סנאן,13,אבו סנאן,"בי""ס ממלכתי ג (אלתסאמח)","(32.958624, 35.168233)"
1220,אבירים,1,אבירים,מועדון,"(33.040504, 35.288831)"
1081,אבן מנחם,1,אבן מנחם,מזכירות,"(32.9315841, 35.0862394)"
1068,אדמית,1,אדמית,מועדון,
294,אילון,1,אילון,בית העם - חדר אוכל לשעבר,"(33.062959, 35.220146)"
294,אילון,2,אילון,בית העם - חדר אוכל לשעבר,"(33.062959, 35.220146)"
603,אלקוש,1,אלקוש,בית העם,
1256,אשרת,1,אשרת,מועדון,"(31.8224373, 34.7472556)"
559,בוסתן הגליל,1,בוסתן הגליל,מועדון תרבות,"(32.947325, 35.086304)"
572,בית העמק,1,בית העמק,מועדון לחבר,"(32.9804393, 35.1547757)"
712,בן עמי,1,בן עמי,בית העם,"(32.810096, 35.12834)"
589,בצת,1,בצת,מועדון לחבר,"(33.0656298, 35.1297259)"
1292,ג'דיידה-מכר,1,ג'דיידה,"בי""ס אל ראזי","(32.9148268, 35.1215931)"
1292,ג'דיידה-מכר,2,ג'דיידה,"בי""ס אל נור","(32.9148268, 35.1215931)"
1292,ג'דיידה-מכר,3,ג'דיידה,"בי""ס אל ראזי","(32.9148268, 35.1215931)"
1292,ג'דיידה-מכר,4,ג'דיידה,"בי""ס אל נור","(32.9148268, 35.1215931)"
1292,ג'דיידה-מכר,5,ג'דיידה,"בי""ס אל ראזי","(32.9148268, 35.1215931)"
1292,ג'דיידה-מכר,6,מכר,"בי""ס אבן סינא","(32.927663, 35.15174)"
1292,ג'דיידה-מכר,7,מכר,"בי""ס אבן סינא","(32.927663, 35.15174)"
1292,ג'דיידה-מכר,8,מכר,"בי""ס עומר אבן אל חטאב","(32.927663, 35.15174)"
1292,ג'דיידה-מכר,9,מכר,"בי""ס עומר אבן אל חטאב","(32.927663, 35.15174)"
1292,ג'דיידה-מכר,10,מכר,"בי""ס תיכון אל בירוני","(32.927663, 35.15174)"
1292,ג'דיידה-מכר,11,מכר,"בי""ס תיכון אל בירוני","(32.927663, 35.15174)"
1292,ג'דיידה-מכר,12,ג'דיידה,"בי""ס אל נור","(32.9148268, 35.1215931)"
1292,ג'דיידה-מכר,13,מכר,"בי""ס אבן סינא","(32.927663, 35.15174)"
1292,ג'דיידה-מכר,14,ג'דיידה-מכר,"מתנ""ס ג'דיידה-מכר","(32.9148268, 35.1215931)"
1292,ג'דיידה-מכר,15,ג'דיידה-מכר,"מתנ""ס ג'דיידה-מכר","(32.9148268, 35.1215931)"
1292,ג'דיידה-מכר,16,מכר,"בי""ס תיכון אל בירוני","(32.927663, 35.15174)"
1292,ג'דיידה-מכר,17,ג'דיידה,"בי""ס אל ראזי","(32.9148268, 35.1215931)"
1292,ג'דיידה-מכר,18,ג'דיידה,"בי""ס אל נור","(32.9148268, 35.1215931)"
1292,ג'דיידה-מכר,19,מכר,"בי""ס עומר אבן אל חטאב","(32.927663, 35.15174)"
1292,ג'דיידה-מכר,20,מכר,"בי""ס אבן סינא","(32.927663, 35.15174)"
1292,ג'דיידה-מכר,21,מכר,"בי""ס עומר אבן אל חטאב","(32.927663, 35.15174)"
485,ג'ולס,1,"ג'ולס,1 ","בי""ס ממלכתי ב'",
485,ג'ולס,2,"ג'ולס,1 ","בי""ס ממלכתי ב'",
485,ג'ולס,3,"אלאמל,2 ","בי""ס מקיף 6 שנתי",
485,ג'ולס,4,"אלאמל,2 ","בי""ס מקיף 6 שנתי",
485,ג'ולס,5,ג'ולס,"בי""ס ממלכתי א",
485,ג'ולס,6,ג'ולס,"בי""ס ממלכתי א",
485,ג'ולס,7,"אלאמל,2 ","בי""ס מקיף 6 שנתי",
755,גורן,1,גורן,מועדון,"(32.085831, 34.854237)"
1219,גורנות הגליל,1,גורנות הגליל,"מועדון ע""י המזכירות",
1206,גיתה,1,גיתה,"מועדון ע""ש אובריי ווינר","(32.967315, 35.249471)"
463,געתון,1,געתון,מועדון,"(31.896157, 35.022594)"
574,גשר הזיו,1,גשר הזיו,מועדון לחבר,"(33.0398727, 35.1098654)"
574,גשר הזיו,2,גשר הזיו,מועדון לחבר,"(33.0398727, 35.1098654)"
1208,הילה,1,הילה,מזכירות,"(33.038908, 35.245653)"
662,חוסן,1,חוסן,בית העם,"(31.9219616, 34.8098523)"
496,חורפיש,1,חורפיש,אשכול גנים מזרחי - גן האחווה,"(33.0222014, 35.3289422)"
496,חורפיש,2,חורפיש,אשכול גנים מזרחי -גן אל צדאקה,"(33.0222014, 35.3289422)"
496,חורפיש,3,חורפיש,חטיבת ביניים,"(33.0222014, 35.3289422)"
496,חורפיש,4,"חורפיש,1א",היכל התרבות,
496,חורפיש,5,"חורפיש,1א",היכל התרבות,
496,חורפיש,6,"חורפיש,1 ","בי""ס יסודי ב' -שכ' החיילים",
496,חורפיש,7,חורפיש,"ביה""ס תיכון","(33.0222014, 35.3289422)"
1272,חלוץ,1,חלוץ,מועדון חברים,"(32.950776, 35.312256)"
280,חניתה,1,חניתה,מועדון חברים,"(33.0874612, 35.1730261)"
1404,חצרות יסף,1,חצרות יסף,משרדי מנהלה,
1209,חרשים,1,חרשים,מועדון,"(32.954748, 35.329078)"
1181,טל-אל,1,הברוש,מועדון חברים,"(32.926444, 35.1810374)"
1181,טל-אל,2,טל-אל,מועדון תרבות ופנאי למבוגרים,"(32.9182451, 35.1694582)"
1295,יאנוח-ג'ת,1,נג'מת אל-מג'ד,בית הקשיש כפר ג'ת,
1295,יאנוח-ג'ת,2,יאנוח,"ביה""ס יסודי ב'","(32.9840642, 35.2487874)"
1295,יאנוח-ג'ת,3,יאנוח,"מתנ""ס יאנוח","(32.9840642, 35.2487874)"
1295,יאנוח-ג'ת,4,יאנוח,"ביה""ס יסודי א'","(32.9840642, 35.2487874)"
1295,יאנוח-ג'ת,5,ג'ת (בגליל),"בי""ס יסודי אלחקמה",
1295,יאנוח-ג'ת,6,מחמד סעד,בית הקשיש יאנוח,
1295,יאנוח-ג'ת,7,ג'ת (בגליל),"מתנ""ס ג'ת",
1295,יאנוח-ג'ת,8,נג'מת אל-מג'ד,בית הקשיש כפר ג'ת,
409,יחיעם,1,יחיעם,מועדון לחבר,"(32.9942934, 35.2218722)"
795,יערה,1,יערה,בית העם,"(32.729903, 35.142399)"
502,ירכא,1,ירכא,"בי""ס החדשני","(32.949509, 35.174243)"
502,ירכא,2,ירכא,"בי""ס החדשני","(32.949509, 35.174243)"
502,ירכא,3,"אלענקור,20 ","בי""ס אלנהדא",
502,ירכא,4,"אלסהלאת,5 ",יסודי ב,
502,ירכא,5,"אלענקור,20 ","בי""ס אלנהדא",
502,ירכא,6,ירכא,"בי""ס ממלכתי א","(32.949509, 35.174243)"
502,ירכא,7,ירכא,"בי""ס ממלכתי א","(32.949509, 35.174243)"
502,ירכא,8,ירכא,"בי""ס יסודי אל-נור","(32.949509, 35.174243)"
502,ירכא,9,ירכא,"בי""ס יסודי אל-נור","(32.949509, 35.174243)"
502,ירכא,10,ירכא,"בי""ס החדשני","(32.949509, 35.174243)"
502,ירכא,11,"רח 198,1 ",בית ספר סריסי,
502,ירכא,12,"אלסהלאת,5 ",יסודי ב,
502,ירכא,13,ירכא,"בי""ס ממלכתי א","(32.949509, 35.174243)"
502,ירכא,14,"רח 198,1 ",בית ספר סריסי,
502,ירכא,15,"אלסהלאת,5 ",יסודי ב,
576,כברי,1,כברי,מזכירות - חדר אוכל,"(33.020204, 35.148256)"
576,כברי,2,כברי,מזכירות - חדר אוכל,"(33.020204, 35.148256)"
1153,כישור,1,כישור,מועדון,
1183,כליל,1,כליל,פעוטון,"(32.78341, 35.526044)"
1296,כסרא-סמיע,1,כסרא,"בי""ס יסודי א אלמנאר",
1296,כסרא-סמיע,2,כסרא,מועדונית האחים,
1296,כסרא-סמיע,3,כפר סמיע,טיפת חלב,
1296,כסרא-סמיע,4,כפר סמיע,מועדון נוער,
1296,כסרא-סמיע,5,כסרא-סמיע,גן הדבש,
1296,כסרא-סמיע,6,כסרא,בי'ס אלחרובה,
1296,כסרא-סמיע,7,כפר סמיע,מועדון נוער,
1296,כסרא-סמיע,8,כסרא,אולם כנסים-בניין המועצה,
1296,כסרא-סמיע,9,כסרא,אולם כנסים-בניין המועצה,
1296,כסרא-סמיע,10,כסרא,אולם כנסים-בניין המועצה,
1263,כפר ורדים,1,תבור,"בי""ס אמירים חט""ב","(32.9978431, 35.2720577)"
1263,כפר ורדים,2,"אשכר,55 ",מועדון 50+ (מ. מסחרי),
1263,כפר ורדים,3,תבור,"בי""ס אמירים חט""ב","(32.9978431, 35.2720577)"
1263,כפר ורדים,4,תבור,"בי""ס אמירים חט""ב","(32.9978431, 35.2720577)"
1263,כפר ורדים,5,אשכר,"בי""ס יסודי קשת","(32.994067, 35.278133)"
1263,כפר ורדים,6,אשכר,"בי""ס יסודי קשת","(32.994067, 35.278133)"
1263,כפר ורדים,7,"אשכר,55 ",מועדון 50+ (מ. מסחרי),
1263,כפר ורדים,8,אשכר,"בי""ס יסודי קשת","(32.994067, 35.278133)"
507,כפר יאסיף,1,"כפר יאסיף,3 ","בי""ס תיכון יאני",
507,כפר יאסיף,2,"כפר יאסיף,3 ","בי""ס תיכון יאני",
507,כפר יאסיף,3,כפר יאסיף,"בי""ס חטיבת ביניים","(32.957155, 35.159845)"
507,כפר יאסיף,4,כפר יאסיף,"בי""ס חטיבת ביניים","(32.957155, 35.159845)"
507,כפר יאסיף,5,כפר יאסיף,"בי""ס חטיבת ביניים","(32.957155, 35.159845)"
507,כפר יאסיף,6,כפר יאסיף,"בי""ס יסודי ב' אלבוסתאן","(32.957155, 35.159845)"
507,כפר יאסיף,7,כפר יאסיף,"בי""ס יסודי ב' אלבוסתאן","(32.957155, 35.159845)"
507,כפר יאסיף,8,כפר יאסיף,"בי""ס יסודי א'","(32.957155, 35.159845)"
507,כפר יאסיף,9,כפר יאסיף,"בי""ס יסודי א'","(32.957155, 35.159845)"
507,כפר יאסיף,10,"כפר יאסיף,3 ","בי""ס תיכון יאני",
507,כפר יאסיף,11,כפר יאסיף,"בי""ס יסודי א'","(32.957155, 35.159845)"
297,כפר מסריק,1,כפר מסריק,קפה בצוותא,
579,כפר ראש הנקרה,1,"כפר ראש הנקרה,1 ",בית תרבות,
579,כפר ראש הנקרה,2,"כפר ראש הנקרה,1 ",בית תרבות,
1130,כפר רוזנואלד (זרעית),1,כפר רוזנואלד,בית העם,
1207,לבון,1,לבון,מזכירות,"(32.045706, 34.772189)"
595,לוחמי הגיטאות,1,לוחמי הגיטאות,מזכירות הקיבוץ,
674,לימן,1,לימן,בית העם,"(33.063932, 35.112845)"
1173,לפידות,1,לפידות,מועדון נוער,
517,מזרעה,1,"מזרעה,1 ",בית ספר יסודי מזרעה,"(32.983238, 35.0985056)"
517,מזרעה,2,מזרעה,בנין רב תכליתי-אולם כנסים גדול,"(32.983238, 35.0985056)"
517,מזרעה,3,"מזרעה,1 ",בית ספר יסודי מזרעה,"(32.983238, 35.0985056)"
517,מזרעה,4,מזרעה,בנין רב תכליתי-אולם כנסים גדול,"(32.983238, 35.0985056)"
517,מזרעה,5,"מזרעה,1 ",בית ספר יסודי מזרעה,"(32.983238, 35.0985056)"
1205,מנות,1,מנות,מזכירות,"(33.0346062, 35.1924115)"
570,מעונה,1,מעונה,בית פיס קהילתי,"(33.01174, 35.263794)"
518,מעיליא,1,מעיליא,"מתנ""ס","(33.028013, 35.2570371)"
518,מעיליא,2,מעיליא,"מתנ""ס","(33.028013, 35.2570371)"
518,מעיליא,3,מעיליא,"ביה""ס יסודי מעיליא","(33.028013, 35.2570371)"
518,מעיליא,4,מעיליא,"ביה""ס יסודי מעיליא","(33.028013, 35.2570371)"
1063,מעלות-תרשיחא,1,"הארזים,87 ",מחלקת רווחה ע. מעלות,"(33.0133821, 35.2849753)"
1063,מעלות-תרשיחא,2,"אשכולות,35 ",מועדון נוער יפה נוף - מעלות,"(33.0073898, 35.2812006)"
1063,מעלות-תרשיחא,3,אבו אלעלא אלמערי,מועדון פיס לנוער תרשיחא,
1063,מעלות-תרשיחא,4,"ז'בוטינסקי,455 ",בית יד לבנים - מעלות,"(33.0131419, 35.2829322)"
1063,מעלות-תרשיחא,5,"מעלה המסגד,23 ","בי""ס יסודי תרשיחא","(33.0114293, 35.2682304)"
1063,מעלות-תרשיחא,6,"קרן היסוד,50 ",גן ילדים צמרת - מעלות,"(33.0174525, 35.2856783)"
1063,מעלות-תרשיחא,7,"השלושה,13 ",מועדונית חוג אומנות,"(33.0069571, 35.2614793)"
1063,מעלות-תרשיחא,8,"הרב קוק,3 ",מרכז פיס אולם ספורט - מעלות,"(33.0129361, 35.2826361)"
1063,מעלות-תרשיחא,9,"לוי אשכול,444 ",מרכז צעירים,"(33.0150689, 35.2796299)"
1063,מעלות-תרשיחא,10,"שז""ר זלמן,5 ",גן יצהר - מעלות,"(33.0163517, 35.2800725)"
1063,מעלות-תרשיחא,11,"המעפילים,1 ","בי""ס אורט - מעלות","(33.0081554, 35.2833636)"
1063,מעלות-תרשיחא,12,"שד ירושלים,1 ","מתנ""ס לדור ודור - מעלות",
1063,מעלות-תרשיחא,13,"שד ירושלים,1 ","מתנ""ס לדור ודור - מעלות",
1063,מעלות-תרשיחא,14,"מרווה,8 ",גן תאנה - מעלות,"(33.0216613, 35.2896876)"
1063,מעלות-תרשיחא,15,"שד ירושלים,24 ","בי""ס הראשונים - מעלות",
1063,מעלות-תרשיחא,16,"הרקפת,732 ",גן דורון - מעלות,
1063,מעלות-תרשיחא,17,"המעפילים,1 ","בי""ס אורט - מעלות","(33.0081554, 35.2833636)"
1063,מעלות-תרשיחא,18,"שד ירושלים,24 ","בי""ס הראשונים - מעלות",
1063,מעלות-תרשיחא,19,"ספיר,9 ","מתנ""ס סביונים - מעלות","(33.0238393, 35.2810191)"
1063,מעלות-תרשיחא,20,"התאנה,4 ",בית חם לנערות,"(33.0150923, 35.2869511)"
1063,מעלות-תרשיחא,21,"אתרוג,22 ",גן חבצלת,"(33.0054401, 35.2796101)"
1063,מעלות-תרשיחא,22,"שד ירושלים,1 ","מתנ""ס לדור ודור - מעלות",
1063,מעלות-תרשיחא,23,"ספיר,9 ","מתנ""ס סביונים - מעלות","(33.0238393, 35.2810191)"
1063,מעלות-תרשיחא,24,"ספיר,9 ","מתנ""ס סביונים - מעלות","(33.0238393, 35.2810191)"
1063,מעלות-תרשיחא,25,"אלמותנבי,3 ",בית הקשיש - תרשיחא,
1063,מעלות-תרשיחא,26,הצבעוני,גן חכמת שלמה,"(33.0272725, 35.2703586)"
1063,מעלות-תרשיחא,28,"מעלה המסגד,23 ","בי""ס יסודי תרשיחא","(33.0114293, 35.2682304)"
1063,מעלות-תרשיחא,30,"הארזים,815 ",בית המוזיקה,"(33.0133821, 35.2849753)"
1063,מעלות-תרשיחא,31,"הרקפת,731 ",גן ילדים אילנות - מעלות,
1063,מעלות-תרשיחא,32,"אתרוג,22 ",גן נורית,"(33.0054401, 35.2796101)"
1063,מעלות-תרשיחא,33,"ספיר,1 ","בי""ס יסודי מצפור הסביונים","(33.0238393, 35.2810191)"
1063,מעלות-תרשיחא,990,"מעלה ההר,6 ","מתנ""ס תרשיחא","(33.0072729, 35.2668258)"
325,מצובה,1,מצובה,מועדון לחבר,
325,מצובה,2,מצובה,מועדון לחבר,
1184,מתת,1,מתת,מועדון פיס לנוער,
9100,נהריה,1,נווה אלון,"בי""ס רמז - בנין דרומי","(33.0217477, 35.095156)"
9100,נהריה,2,"ההגנה,22 ",מועדון נוער איילון,"(33.0176943, 35.0964357)"
9100,נהריה,3,נווה אלון,"בי""ס רמז - בנין דרומי","(33.0217477, 35.095156)"
9100,נהריה,4,"וולפסון,68 ","מועדון ע""ש אלי כהן","(33.0125313, 35.0974054)"
9100,נהריה,5,"ההגנה,22 ",מועדון נוער איילון,"(33.0176943, 35.0964357)"
9100,נהריה,6,"הרצל,18 ",גן אלמוגן,"(32.9954889, 35.0924881)"
9100,נהריה,7,נווה אלון,"בי""ס רמז - בנין דרומי","(33.0217477, 35.095156)"
9100,נהריה,8,"ההגנה,22 ",מועדון נוער איילון,"(33.0176943, 35.0964357)"
9100,נהריה,9,"וולפסון,68 ","מועדון ע""ש אלי כהן","(33.0125313, 35.0974054)"
9100,נהריה,10,"גולומב,4 ","מתנ""ס גולומב","(33.008401, 35.0955759)"
9100,נהריה,11,טרומפלדור,גן יהודה הלוי,"(33.0186999, 35.1039831)"
9100,נהריה,12,טרומפלדור,"בי""ס טרומפלדור (לשעבר)","(33.0186999, 35.1039831)"
9100,נהריה,13,טרומפלדור,"בי""ס טרומפלדור (לשעבר)","(33.0186999, 35.1039831)"
9100,נהריה,14,טרומפלדור,"בי""ס טרומפלדור (לשעבר)","(33.0186999, 35.1039831)"
9100,נהריה,15,קבוץ גלויות,"בי""ס רמב""ם",
9100,נהריה,16,קבוץ גלויות,"בי""ס רמב""ם",
9100,נהריה,17,"רמב""ם,2 ",ישיבת אור חיים,"(33.0091963, 35.1083739)"
9100,נהריה,18,"הר תבור,1 ",מידעטק 2000,"(33.0135647, 35.1030032)"
9100,נהריה,19,"אביר יעקב,15 ","בי""ס כצנלסון","(33.0086961, 35.1039911)"
9100,נהריה,20,"ש קרית יוספטל,56 ","בי""ס אילנות",
9100,נהריה,21,"ש קרית יוספטל,56 ","בי""ס אילנות",
9100,נהריה,22,"רמב""ם,2 ",ישיבת אור חיים,"(33.0091963, 35.1083739)"
9100,נהריה,23,"הר תבור,1 ",מידעטק 2000,"(33.0135647, 35.1030032)"
9100,נהריה,24,"אביר יעקב,15 ","בי""ס כצנלסון","(33.0086961, 35.1039911)"
9100,נהריה,25,"הר תבור,1 ",מידעטק 2000,"(33.0135647, 35.1030032)"
9100,נהריה,26,"רמז,44 ",מרכז קהילתי,"(33.0015727, 35.0904185)"
9100,נהריה,27,"איריס,44 ","בי""ס ע""ש מנחם בגין","(32.9912867, 35.0896985)"
9100,נהריה,29,"הזמיר,16 ",גן סנונית,"(33.0073026, 35.1095259)"
9100,נהריה,30,"הזמיר,1 ",גן כנרית,"(33.0032611, 35.1089534)"
9100,נהריה,31,"שריר אפרים,33 ","מרכז קהילתי ע""ש קלימיאן","(33.0002445, 35.0995939)"
9100,נהריה,32,"עזרא,1 ","בי""ס אוסישקין","(33.002362, 35.103142)"
9100,נהריה,33,"עזרא,1 ","בי""ס אוסישקין","(33.002362, 35.103142)"
9100,נהריה,34,"שריר אפרים,33 ","מרכז קהילתי ע""ש קלימיאן","(33.0002445, 35.0995939)"
9100,נהריה,35,"נחליאלי,9 ",מועדון נוער נוה רבין,"(33.0049438, 35.1085296)"
9100,נהריה,36,"שפרינצק,11 ","מועדון מופ""ת - לשעבר מתנ""ס","(33.0028196, 35.1051836)"
9100,נהריה,37,"שפרינצק,11 ","מועדון מופ""ת - לשעבר מתנ""ס","(33.0028196, 35.1051836)"
9100,נהריה,38,"רמז,21 ",מרכז פיס - אולם ספורט,"(33.0015727, 35.0904185)"
9100,נהריה,39,"איריס,44 ","בי""ס ע""ש מנחם בגין","(32.9912867, 35.0896985)"
9100,נהריה,40,"איריס,44 ","בי""ס ע""ש מנחם בגין","(32.9912867, 35.0896985)"
9100,נהריה,41,"רמז,21 ",מרכז פיס - אולם ספורט,"(33.0015727, 35.0904185)"
9100,נהריה,42,"רמז,44 ",מרכז קהילתי,"(33.0015727, 35.0904185)"
9100,נהריה,43,"ז'בוטינסקי,12 ",מוזיאון מגדל המים,"(33.0116612, 35.0918236)"
9100,נהריה,44,"ז'בוטינסקי,12 ",מוזיאון מגדל המים,"(33.0116612, 35.0918236)"
9100,נהריה,45,"רמז,21 ",מרכז פיס - אולם ספורט,"(33.0015727, 35.0904185)"
9100,נהריה,46,"גולומב,4 ","מתנ""ס גולומב","(33.008401, 35.0955759)"
9100,נהריה,47,"שטינמץ מקס,1 ","ביה""ס הרב תחומי (עמל)",
9100,נהריה,48,"שטינמץ מקס,1 ","ביה""ס הרב תחומי (עמל)",
9100,נהריה,49,"אחד העם,8 ",משרדי עיר ללא אלימות,"(33.0025403, 35.0941996)"
9100,נהריה,50,"ויצמן,88 ",אולפנת הראל לבנות,"(33.0050064, 35.0923965)"
9100,נהריה,51,"שקד,17 ",מועדון נוער,"(32.9881627, 35.0884139)"
9100,נהריה,52,"שטינמץ מקס,1 ","בי""ס הרב תחומי (עמל) בניין גפן",
9100,נהריה,53,"וולפסון,68 ","מועדון ע""ש אלי כהן","(33.0125313, 35.0974054)"
9100,נהריה,54,"ויצמן,88 ",אולפנת הראל לבנות,"(33.0050064, 35.0923965)"
9100,נהריה,55,"רמז,21 ",מרכז פיס - אולם ספורט,"(33.0015727, 35.0904185)"
9100,נהריה,56,"רמז,21 ",מרכז פיס - אולם ספורט,"(33.0015727, 35.0904185)"
9100,נהריה,57,"שפירא,1 ",גן השלום,"(33.0159958, 35.0971512)"
9100,נהריה,58,"וולפסון,68 ","מועדון ע""ש אלי כהן","(33.0125313, 35.0974054)"
9100,נהריה,59,"שטינמץ מקס,1 ","בי""ס הרב תחומי (עמל) בניין גפן",
9100,נהריה,60,"גרינבוים,14 ",גן ילדים שיבולים,"(33.0140533, 35.095408)"
9100,נהריה,61,"איריס,44 ","בי""ס ע""ש מנחם בגין","(32.9912867, 35.0896985)"
9100,נהריה,62,"וולפסון,68 ","מועדון ע""ש אלי כהן","(33.0125313, 35.0974054)"
9100,נהריה,63,"שקד,17 ",מועדון נוער,"(32.9881627, 35.0884139)"
9100,נהריה,64,"שקד,17 ",מועדון נוער,"(32.9881627, 35.0884139)"
9100,נהריה,65,"בלפור,71 ","בי""ס גולדה מאיר","(33.0067427, 35.090661)"
9100,נהריה,66,"איריס,65 ","מרכז קהילתי האיריס ליד ביה""כ","(32.9912867, 35.0896985)"
9100,נהריה,67,"איריס,44 ","בי""ס ע""ש מנחם בגין","(32.9912867, 35.0896985)"
9100,נהריה,68,"איריס,65 ","מרכז קהילתי האיריס ליד ביה""כ","(32.9912867, 35.0896985)"
9100,נהריה,69,"שקד,17 ",מועדון נוער,"(32.9881627, 35.0884139)"
9100,נהריה,70,"ויצמן,88 ",אולפנת הראל לבנות,"(33.0050064, 35.0923965)"
9100,נהריה,71,"איריס,44 ","בי""ס ע""ש מנחם בגין","(32.9912867, 35.0896985)"
9100,נהריה,72,"גרינבוים,14 ",גן ילדים האורן,"(33.0140533, 35.095408)"
9100,נהריה,73,"הרצל,18 ",גן אלון,"(32.9954889, 35.0924881)"
9100,נהריה,74,"שטינמץ מקס,1 ","בי""ס הרב תחומי (עמל) בניין גפן",
9100,נהריה,75,"גולומב,4 ","מתנ""ס גולומב","(33.008401, 35.0955759)"
9100,נהריה,76,"רמז,21 ",מרכז פיס - אולם ספורט,"(33.0015727, 35.0904185)"
9100,נהריה,77,"ויצמן,88 ",אולפנת הראל לבנות,"(33.0050064, 35.0923965)"
9100,נהריה,78,"שטינמץ מקס,1 ","ביה""ס הרב תחומי (עמל)",
9100,נהריה,79,"איריס,65 ","מרכז קהילתי האיריס ליד ביה""כ","(32.9912867, 35.0896985)"
9100,נהריה,80,"נחליאלי,9 ",מועדון נוער נוה רבין,"(33.0049438, 35.1085296)"
9100,נהריה,81,"נחליאלי,9 ",מועדון נוער נוה רבין,"(33.0049438, 35.1085296)"
9100,נהריה,82,טרומפלדור,"בי""ס טרומפלדור (לשעבר)","(33.0186999, 35.1039831)"
9100,נהריה,83,"איריס,44 ","בי""ס ע""ש מנחם בגין","(32.9912867, 35.0896985)"
9100,נהריה,84,"הזמיר,16 ",גן נשר,"(33.0073026, 35.1095259)"
9100,נהריה,85,"גרינבוים,2 ",גן כלנית,"(33.0140533, 35.095408)"
9100,נהריה,86,"הזמיר,1 ",גן כנרית,"(33.0032611, 35.1089534)"
9100,נהריה,90,"עזרא,1 ","בי""ס אוסישקין","(33.002362, 35.103142)"
9100,נהריה,950,"ההגנה,22 ",גן ילדים הדרור,"(33.0176943, 35.0964357)"
9100,נהריה,951,הצדף,"מתנ""ס שכונת אכזיב -ים","(33.0412137, 35.1065481)"
9100,נהריה,990,"ההגנה,22 ",גן ילדים הדרור,"(33.0176943, 35.0964357)"
1314,נווה זיו,1,נווה זיו,מבנה רב תכליתי,"(33.0272311, 35.1812972)"
1147,נטועה,1,נטועה,מועדון (חדר כושר),
1143,נס עמים,1,נס עמים,מועדון לחבר,"(32.9651879, 35.1211833)"
792,נתיב השיירה,1,נתיב השיירה,מועדון חברים,"(32.996168, 35.136171)"
454,סער,1,סער,מועדון לחבר,"(32.1884159, 34.8618269)"
892,עבדון,1,עבדון,מועדון האזרח הבוגר,
376,עברון,1,עברון,מועדון לחבר,"(32.089545, 34.880945)"
289,עין המפרץ,1,עין המפרץ,חדר מוסיקה במועדון,
813,עין יעקב,1,"עין יעקב,1 ",מועדון אוהל עזרה,
7600,עכו,2,"דרך הארבעה,22 ",גן ארגמן,
7600,עכו,3,בורלא,"בי""ס עליה שניה אורט","(32.9330636, 35.0909423)"
7600,עכו,5,"הרב נסים,15 ",גן ילדים התמרים (מס' 23),"(32.9192408, 35.0909984)"
7600,עכו,6,"העלייה,2 ","ביה""ס בית-יעקב","(32.9278344, 35.0925803)"
7600,עכו,7,"הרב לופס,2 ","בי""ס אייל","(32.9289003, 35.0848588)"
7600,עכו,8,"הרב לופס,2 ","בי""ס אייל","(32.9289003, 35.0848588)"
7600,עכו,9,"הלימון,2 ",גן אלמוגן (מס' 19),"(32.9231754, 35.0946649)"
7600,עכו,10,"הלימון,2 ",גן סביון (מס' 20),"(32.9231754, 35.0946649)"
7600,עכו,11,"יל""ג,2 ","בי""ס ממלכתי גורדון","(32.9265939, 35.0927453)"
7600,עכו,12,"יל""ג,2 ","בי""ס ממלכתי גורדון","(32.9265939, 35.0927453)"
7600,עכו,13,"יל""ג,2 ","בי""ס ממלכתי גורדון","(32.9265939, 35.0927453)"
7600,עכו,14,"אברהם בן-שושן,72 ","מתנ""ס בית העם","(32.9244545, 35.0920479)"
7600,עכו,15,"בורלא,2 ","בי""ס אורט בנין רוז","(32.9327398, 35.0902378)"
7600,עכו,16,"בורלא,2 ","בי""ס אורט בנין רוז","(32.9327398, 35.0902378)"
7600,עכו,17,בורלא,"בי""ס עליה שניה אורט","(32.9330636, 35.0909423)"
7600,עכו,18,"אברהם בן-שושן,72 ","מתנ""ס בית העם","(32.9244545, 35.0920479)"
7600,עכו,19,בורלא,"בי""ס עליה שניה אורט","(32.9330636, 35.0909423)"
7600,עכו,20,אחד העם,"בי""ס אשכול","(32.93641, 35.0918193)"
7600,עכו,21,"הרצוג,16 ",מרכז קהילתי - בית היימן,"(32.933561, 35.0759413)"
7600,עכו,22,"אבות ובנים,2 ","בי""ס אורט ק. חינוך","(32.9332003, 35.0747147)"
7600,עכו,23,"אבות ובנים,2 ","בי""ס אורט ק. חינוך","(32.9332003, 35.0747147)"
7600,עכו,24,"משה שרת,4 ","בי""ס נועם הרצוג בנות","(32.9321303, 35.0780944)"
7600,עכו,25,"אבות ובנים,2 ","בי""ס אורט ק. חינוך","(32.9332003, 35.0747147)"
7600,עכו,26,"משה שרת,5 ","בי""ס שובו","(32.9321303, 35.0780944)"
7600,עכו,27,"משה שרת,5 ","בי""ס שובו","(32.9321303, 35.0780944)"
7600,עכו,28,"משה שרת,12 ","בי""ס יסודי התורה - צפון","(32.9321303, 35.0780944)"
7600,עכו,29,"משה שרת,4 ","בי""ס נועם הרצוג בנות","(32.9321303, 35.0780944)"
7600,עכו,30,"דרך הארבעה,38 ",גן ילדים צבר (מס' 30),
7600,עכו,31,"יהושפט,30 ","בי""ס התומר","(32.9264836, 35.0768003)"
7600,עכו,32,"יהושפט,30 ","בי""ס התומר","(32.9264836, 35.0768003)"
7600,עכו,33,"העצמאות,12 ","בי""ס ממלכתי ויצמן למדעים","(32.9291636, 35.0736521)"
7600,עכו,34,"שני אליהו,7 ","אורט ע""ש חלמי שאפעי","(32.9263256, 35.0702648)"
7600,עכו,35,"העצמאות,12 ","בי""ס ממלכתי ויצמן למדעים","(32.9291636, 35.0736521)"
7600,עכו,36,"יהושפט,24 ",גן נחליאלי,"(32.9264836, 35.0768003)"
7600,עכו,37,"דרך הארבעה,38 ",גן עפרוני (מס' 92),
7600,עכו,38,"דרך הארבעה,22 ",גן פרחי נוי,
7600,עכו,39,"העצמאות,12 ","בי""ס ממלכתי ויצמן למדעים","(32.9291636, 35.0736521)"
7600,עכו,40,"יהושפט,30 ","בי""ס התומר","(32.9264836, 35.0768003)"
7600,עכו,41,"אל ג'זאר,13 ","מתנ""ס חדש עכו","(32.9232025, 35.0705207)"
7600,עכו,42,"שני אליהו,7 ","אורט ע""ש חלמי שאפעי","(32.9263256, 35.0702648)"
7600,עכו,43,"ההגנה,11 ",מרכז יום לקשיש,"(32.9357647, 35.0730725)"
7600,עכו,44,"ההגנה,11 ",מרכז יום לקשיש,"(32.9357647, 35.0730725)"
7600,עכו,45,פנקס,בית ספר אל- מנארה,"(32.9254628, 35.0725274)"
7600,עכו,46,"אל ג'זאר,13 ","מתנ""ס חדש עכו","(32.9232025, 35.0705207)"
7600,עכו,47,"הרב נסים,15 ",גן ילדים הדקלים,"(32.9192408, 35.0909984)"
7600,עכו,48,"יל""ג,2 ","בי""ס ממלכתי גורדון","(32.9265939, 35.0927453)"
7600,עכו,49,"בורלא,2 ","בי""ס אורט בנין רוז","(32.9327398, 35.0902378)"
7600,עכו,50,"האשל,9 ",גן דוכיפת,"(32.9349351, 35.0796192)"
7600,עכו,51,"האורן,4 ","בי""ס שזר","(32.9369149, 35.0782039)"
7600,עכו,52,"הדקל,1 ",גן הדקל (מס' 32),"(32.9387856, 35.0775508)"
7600,עכו,53,"הרימון,35 ",גן אלמחבה (לשעבר עינבלים),"(32.9360831, 35.0763412)"
7600,עכו,54,"האורן,4 ","בי""ס שזר","(32.9369149, 35.0782039)"
7600,עכו,55,"עפרוני,10 ",המרכז לגיל הרך,"(32.9048471, 35.2914719)"
7600,עכו,56,"האורן,4 ","בי""ס שזר","(32.9369149, 35.0782039)"
7600,עכו,57,"הדקל,1 ",גן צפרירים (מס' 33),"(32.9387856, 35.0775508)"
7600,עכו,58,"משה שרת,12 ","בי""ס יסודי התורה - צפון","(32.9321303, 35.0780944)"
7600,עכו,59,"האורן,4 ","בי""ס שזר","(32.9369149, 35.0782039)"
7600,עכו,60,"האשל,9 ",גן חוחית,"(32.9349351, 35.0796192)"
7600,עכו,61,"האורן,4 ","בי""ס שזר","(32.9369149, 35.0782039)"
7600,עכו,62,"הכרם,2 ","גן חב""ד הכרם","(32.9399371, 35.077284)"
7600,עכו,63,"הדקל,1 ",גן יסמין (מס' 34),"(32.9387856, 35.0775508)"
7600,עכו,64,"הכרם,2 ",גן ילדים - הכרם (מס' 31),"(32.9399371, 35.077284)"
7600,עכו,65,"בורלא,2 ","בי""ס אורט בנין רוז","(32.9327398, 35.0902378)"
7600,עכו,66,"יהושפט,30 ","בי""ס התומר","(32.9264836, 35.0768003)"
7600,עכו,70,"יל""ג,2 ","בי""ס ממלכתי גורדון","(32.9265939, 35.0927453)"
7600,עכו,71,"יל""ג,2 ","בי""ס ממלכתי גורדון","(32.9265939, 35.0927453)"
7600,עכו,72,"העלייה,2 ","ביה""ס בית-יעקב","(32.9278344, 35.0925803)"
7600,עכו,73,אחד העם,"בי""ס אשכול","(32.93641, 35.0918193)"
7600,עכו,74,"העלייה,2 ","ביה""ס בית-יעקב","(32.9278344, 35.0925803)"
7600,עכו,75,בורלא,"בי""ס עליה שניה אורט","(32.9330636, 35.0909423)"
7600,עכו,80,"משה שרת,12 ","בי""ס יסודי התורה - צפון","(32.9321303, 35.0780944)"
7600,עכו,81,"עפרוני,10 ",המרכז לגיל הרך,"(32.9048471, 35.2914719)"
7600,עכו,990,"יהושפט,24 ",גן נחליאלי,"(32.9264836, 35.0768003)"
708,עמקה,1,עמקה,מועדון פיס לנוער,"(32.976383, 35.160625)"
1246,עראמשה,1,עראמשה,"מתנ""ס","(33.084963, 35.222259)"
1246,עראמשה,2,עראמשה,בית הספר היסודי,"(33.084963, 35.222259)"
1185,פלך,1,פלך,מזכירות,
535,פסוטה,1,פסוטה,מועדון לקשיש בית פיס לגיל הזהב,"(33.0472696, 35.3124302)"
535,פסוטה,2,פסוטה,"בי""ס ממלכתי יסודי","(33.0472696, 35.3124302)"
535,פסוטה,3,פסוטה,"בי""ס ממלכתי יסודי","(33.0472696, 35.3124302)"
535,פסוטה,4,פסוטה,"בי""ס ממלכתי יסודי","(33.0472696, 35.3124302)"
536,פקיעין (בוקייעה),1,נאדי אלאחווה,מועדון גיל הזהב נאדי אל אחווה,
536,פקיעין (בוקייעה),2,פקיעין (בוקייעה),"ביה""ס מ""מ א' - אל חיכמה","(32.9795816, 35.3334842)"
536,פקיעין (בוקייעה),3,"פקיעין (בוקייעה),1 ",מועדונית,"(32.9916616, 35.3097276)"
536,פקיעין (בוקייעה),4,פקיעין (בוקייעה),"בי""ס ממלכתי ב'","(32.9795816, 35.3334842)"
536,פקיעין (בוקייעה),5,פקיעין (בוקייעה),"בי""ס ממלכתי ב'","(32.9795816, 35.3334842)"
536,פקיעין (בוקייעה),6,"פקיעין (בוקייעה),1 ",מועדונית,"(32.9916616, 35.3097276)"
536,פקיעין (בוקייעה),7,פקיעין (בוקייעה),"ביה""ס מ""מ א' - אל חיכמה","(32.9795816, 35.3334842)"
281,פקיעין חדשה,1,פקיעין חדשה,בית העם,
774,צוריאל,1,צוריאל,בית העם,"(33.0081891, 35.3083376)"
390,רגבה,1,רגבה,מועדון בית העם,"(32.9730941, 35.0969035)"
390,רגבה,2,רגבה,מועדון בית העם,"(32.9730941, 35.0969035)"
282,שבי ציון,1,שבי ציון,אולם לווינגרט,"(31.808104, 34.645763)"
282,שבי ציון,2,שבי ציון,אולם לווינגרט,"(31.808104, 34.645763)"
614,שומרה,1,שומרה,בית העם,"(33.0816557, 35.2805439)"
658,שייח' דנון,1,שייח' דנון,"בי""ס מקיף השלום","(32.993333, 35.144867)"
658,שייח' דנון,2,שייח' דנון,"מתנ""ס","(32.993333, 35.144867)"
658,שייח' דנון,3,שייח' דנון,"מתנ""ס","(32.993333, 35.144867)"
812,שלומי,1,הרב מימון,"ביה""ס הרב מימון","(33.0704205, 35.1423437)"
812,שלומי,2,"שד בן גוריון,236 ",מרכז יום גיל הזהב,
812,שלומי,3,אלבז נתן,"בי""ס בן צבי","(33.0718209, 35.1441548)"
812,שלומי,4,אלבז נתן,"בי""ס בן צבי","(33.0718209, 35.1441548)"
812,שלומי,5,שכ שלומית,גן סנונית ליד בית הכנסת,
812,שלומי,6,"סחלב,1 ",גן ילדים אורן,"(33.0809394, 35.1551337)"
812,שלומי,7,האלון,מעון יום הגן הקסום,"(33.0764181, 35.1534058)"
812,שלומי,8,"סחלב,1 ",גן ברוש,"(33.0809394, 35.1551337)"
812,שלומי,9,שכ שלומית,גן סנונית ליד בית הכנסת,
432,שמרת,1,שמרת,מזכירות הקבוץ - אולם הישיבות,
1045,שתולה,1,שתולה,מועדון חברים,
1172,תובל,1,תובל,חדר אוכל,"(32.929815, 35.24492)"
4000,חיפה,1,"הזית,5 ",מועדון גמלאים סכנין,"(32.8284086, 34.9792048)"
4000,חיפה,2,"התשעים ושלוש,8 ","בי""ס טכנולוגי אורט הכרמל","(32.8167412, 34.9977514)"
4000,חיפה,3,"שד הרא""ה,10 ","בי""ס אהרן הרואה",
4000,חיפה,4,"פיכמן יעקב,15 ","בי""ס פיכמן","(32.7768458, 35.0083459)"
4000,חיפה,5,"גלאל אל דין,3 ","בי""ס אחמדיה",
4000,חיפה,6,"ביכורים,27 ","בי""ס תיכון עירוני ה","(32.8006694, 34.986517)"
4000,חיפה,13,"שד הרא""ה,10 ","בי""ס אהרן הרואה",
4000,חיפה,14,"שטרן יוסף,9 ",ישיבת פרחי אהרן,"(32.839472, 35.0698801)"
4000,חיפה,15,"שטרן יוסף,9 ",ישיבת פרחי אהרן,"(32.839472, 35.0698801)"
4000,חיפה,21,"לוטוס,16 ",בית ספר הרצל - שלוחה,"(32.7984314, 34.9816089)"
4000,חיפה,31,"פרומר דב,15 ","בי""ס ממ'ד אהרון הרואה - בנים",
4000,חיפה,32,"הים התיכון,2 ","חט""ב פרחי אהרון - עירוני ב'","(32.8362342, 35.0675623)"
4000,חיפה,33,"שד הרא""ה,10 ","בי""ס אהרן הרואה",
4000,חיפה,34,"פרומר דב,15 ","בי""ס ממ'ד אהרון הרואה - בנים",
4000,חיפה,37,"הים התיכון,2 ","חט""ב פרחי אהרון - עירוני ב'","(32.8362342, 35.0675623)"
4000,חיפה,50,"קיסריה,20 ","בי""ס אחוה","(32.8163008, 34.9958991)"
4000,חיפה,52,"הגבורים,17 ","בי""ס שערי תורה",
4000,חיפה,54,"הגבורים,17 ","בי""ס שערי תורה",
4000,חיפה,57,"מרכוס הרב,9 ",אגף חינוך של העירייה,"(32.8102773, 35.0028728)"
4000,חיפה,58,"מרכוס הרב,9 ",אגף חינוך של העירייה,"(32.8102773, 35.0028728)"
4000,חיפה,71,"הגנים,21 ",המכללה האקדמית ויצו,"(32.8229269, 34.9908125)"
4000,חיפה,72,"הגנים,21 ",המכללה האקדמית ויצו,"(32.8229269, 34.9908125)"
4000,חיפה,74,"התשעים ושלוש,8 ","בי""ס טכנולוגי אורט הכרמל","(32.8167412, 34.9977514)"
4000,חיפה,75,"צהיון,5 ","מתחם אלחיוואל גן + בי""ס","(32.817552, 34.9953654)"
4000,חיפה,77,"צהיון,5 ","מתחם אלחיוואל גן + בי""ס","(32.817552, 34.9953654)"
4000,חיפה,79,"קיסריה,20 ","בי""ס אחוה","(32.8163008, 34.9958991)"
4000,חיפה,80,"קיסריה,20 ","בי""ס אחוה","(32.8163008, 34.9958991)"
4000,חיפה,81,"פרץ י. ל.,20 ",בית ארדשטיין,"(32.8147832, 34.9949509)"
4000,חיפה,83,"שד הציונות,33 ","מרכז ""ערבי יהודי"" תיאטרון",
4000,חיפה,85,"אנילביץ מרדכי,26 ","בי""ס מוריה","(32.820579, 34.9893356)"
4000,חיפה,86,"הגנים,21 ",המכללה האקדמית ויצו,"(32.8229269, 34.9908125)"
4000,חיפה,87,"אנילביץ מרדכי,26 ","בי""ס מוריה","(32.820579, 34.9893356)"
4000,חיפה,88,"שומאכר גוטליב,4 ",מועדון הנוער הנוצרי,"(32.820208, 34.9885744)"
4000,חיפה,89,"שדה יצחק,26 ","בי""ס שלווה","(32.8213547, 34.9862614)"
4000,חיפה,90,"תל אביב,27 ","בי""ס תיכון עירוני א","(32.824538, 34.9899023)"
4000,חיפה,93,"דרור,19 ","בי""ס דרור","(32.8228672, 34.9821014)"
4000,חיפה,96,"שדה יצחק,26 ","בי""ס שלווה","(32.8213547, 34.9862614)"
4000,חיפה,101,"העליה השניה,27 ","בי""ס האונטרופוסופי","(32.8318265, 34.9818492)"
4000,חיפה,102,"ליבריה,11 ",גני ילדים הוד כרמל,"(32.7691868, 35.003767)"
4000,חיפה,120,"שדה יצחק,26 ","בי""ס שלווה","(32.8213547, 34.9862614)"
4000,חיפה,121,"דרור,19 ","בי""ס דרור","(32.8228672, 34.9821014)"
4000,חיפה,122,"תל אביב,27 ","בי""ס תיכון עירוני א","(32.824538, 34.9899023)"
4000,חיפה,123,"תל אביב,27 ","בי""ס תיכון עירוני א","(32.824538, 34.9899023)"
4000,חיפה,124,"תל אביב,27 ","בי""ס תיכון עירוני א","(32.824538, 34.9899023)"
4000,חיפה,125,"שדה יצחק,26 ","בי""ס שלווה","(32.8213547, 34.9862614)"
4000,חיפה,126,"דרור,19 ","בי""ס דרור","(32.8228672, 34.9821014)"
4000,חיפה,127,"דרור,19 ","בי""ס דרור","(32.8228672, 34.9821014)"
4000,חיפה,128,"דרור,19 ","בי""ס דרור","(32.8228672, 34.9821014)"
4000,חיפה,129,"שדה יצחק,26 ","בי""ס שלווה","(32.8213547, 34.9862614)"
4000,חיפה,130,"דרור,19 ","בי""ס דרור","(32.8228672, 34.9821014)"
4000,חיפה,131,"העליה השניה,45 ",מרכז קהילתי בת גלים,"(32.8319894, 34.9837486)"
4000,חיפה,132,"צה""ל,41 ",אשכול פייס,"(32.8279943, 34.9754636)"
4000,חיפה,133,"נח""ל,2 ","בי""ס חטיבת בינים רעות","(32.8266355, 34.9781753)"
4000,חיפה,134,"יואב,5 ","בי""ס יבניאלי","(32.8290166, 34.9765038)"
4000,חיפה,135,"יואב,5 ","בי""ס יבניאלי","(32.8290166, 34.9765038)"
4000,חיפה,136,"יואב,5 ","בי""ס יבניאלי","(32.8290166, 34.9765038)"
4000,חיפה,137,"הזית,5 ",מועדון גמלאים סכנין,"(32.8284086, 34.9792048)"
4000,חיפה,138,"נח""ל,2 ","בי""ס חטיבת בינים רעות","(32.8266355, 34.9781753)"
4000,חיפה,139,"הזית,5 ",מועדון גמלאים סכנין,"(32.8284086, 34.9792048)"
4000,חיפה,140,"העוגן,39 ",גן ילדים שחר,"(32.8256456, 34.9616498)"
4000,חיפה,141,"העליה השניה,45 ",מרכז קהילתי בת גלים,"(32.8319894, 34.9837486)"
4000,חיפה,142,"העליה השניה,27 ","בי""ס האונטרופוסופי","(32.8318265, 34.9818492)"
4000,חיפה,143,"העליה השניה,45 ",מרכז קהילתי בת גלים,"(32.8319894, 34.9837486)"
4000,חיפה,144,"העליה השניה,27 ","בי""ס האונטרופוסופי","(32.8318265, 34.9818492)"
4000,חיפה,145,"העליה השניה,27 ","בי""ס האונטרופוסופי","(32.8318265, 34.9818492)"
4000,חיפה,146,"העליה השניה,45 ",מרכז קהילתי בת גלים,"(32.8319894, 34.9837486)"
4000,חיפה,147,"יציאת אירופה,19 ",גן ילדים עין הים - אורות,"(32.5699244, 34.9581693)"
4000,חיפה,148,"שטרן יאיר,20 ","מתנ""ס קלור",
4000,חיפה,149,"דרך צרפת,85 ","בי""ס רמות",
4000,חיפה,150,"דרך צרפת,85 ","בי""ס רמות",
4000,חיפה,151,"דוד המלך,28 ","בי""ס בסמת - חטיבה עליונה","(32.8074118, 34.9599212)"
4000,חיפה,152,"יהושפט המלך,6א",מרכז קהילתי נווה דוד,"(32.8072648, 34.9612261)"
4000,חיפה,153,"יהושפט המלך,6 ","בי""ס נירים","(32.8072648, 34.9612261)"
4000,חיפה,154,"דוד המלך,29 ","בי""ס עופרים","(32.8074118, 34.9599212)"
4000,חיפה,155,"יציאת אירופה,17 ","בי""ס עין הים","(32.8195674, 34.9585778)"
4000,חיפה,156,"יציאת אירופה,17 ","בי""ס עין הים","(32.8195674, 34.9585778)"
4000,חיפה,157,"יהושפט המלך,6 ","בי""ס נירים","(32.8072648, 34.9612261)"
4000,חיפה,158,"יציאת אירופה,17 ","בי""ס עין הים","(32.8195674, 34.9585778)"
4000,חיפה,159,"צה""ל,41 ",אשכול פייס,"(32.8279943, 34.9754636)"
4000,חיפה,160,"יציאת אירופה,17 ","בי""ס עין הים","(32.8195674, 34.9585778)"
4000,חיפה,161,"דוד המלך,28 ","בי""ס בסמת - חטיבה עליונה","(32.8074118, 34.9599212)"
4000,חיפה,162,"החיננית,3 ","בי""ס חופית","(32.8166169, 34.9587936)"
4000,חיפה,163,"החיננית,3 ","בי""ס חופית","(32.8166169, 34.9587936)"
4000,חיפה,164,"דוד המלך,28 ","בי""ס בסמת - חטיבה עליונה","(32.8074118, 34.9599212)"
4000,חיפה,165,"הרותם,1 ","בית תרבות ע""ש פאני קפלן","(32.8197999, 34.9566347)"
4000,חיפה,166,"הרותם,1 ","בית תרבות ע""ש פאני קפלן","(32.8197999, 34.9566347)"
4000,חיפה,167,"דוד המלך,29 ","בי""ס עופרים","(32.8074118, 34.9599212)"
4000,חיפה,168,"הרותם,1 ","בית תרבות ע""ש פאני קפלן","(32.8197999, 34.9566347)"
4000,חיפה,169,"שוויצר אלברט ד""ר,64 ",גן ילדים קטלב,
4000,חיפה,170,"סורוקה משה,22 ","בי""ס נופים","(32.773298, 34.9909512)"
4000,חיפה,171,"לסקוב חיים רא""ל,26 ",גן ילדים מיתר,"(32.7727263, 35.0041399)"
4000,חיפה,172,"אינשטיין אלברט,52 ","גן ""אתרוג""",
4000,חיפה,173,"ליבריה,42 ","גן ילדים עירוני ""חצב""","(32.7680414, 35.0072216)"
4000,חיפה,174,"חוף השנהב,39 ",מועדון צופים,"(32.7675588, 35.0027348)"
4000,חיפה,175,"סורוקה משה,22 ","בי""ס נופים","(32.773298, 34.9909512)"
4000,חיפה,176,"שד אבא חושי,15 ","ביה""ס הריאלי - בנין וולפסון",
4000,חיפה,177,"חוף השנהב,39 ",מועדון צופים,"(32.7675588, 35.0027348)"
4000,חיפה,178,"שד אבא חושי,15 ","ביה""ס הריאלי - בנין וולפסון",
4000,חיפה,179,"אינשטיין אלברט,94 ","שלוחת בי""ס אינשטיין",
4000,חיפה,180,"אורן,27 ","בי""ס רוממה","(32.7846559, 34.995948)"
4000,חיפה,181,"שד אבא חושי,15 ","בי""ס הריאלי - בנין לנדס",
4000,חיפה,182,"שד סיני,13 ","ביה""ס אחוזה (זכרון יוסף)",
4000,חיפה,183,"אינשטיין אלברט,52 ","גן ""אתרוג""",
4000,חיפה,184,"אורן,27 ","בי""ס רוממה","(32.7846559, 34.995948)"
4000,חיפה,185,"קריית ספר,27 ","בי""ס ""ריאלי"" יסודי",
4000,חיפה,186,"אורן,27 ","בי""ס רוממה","(32.7846559, 34.995948)"
4000,חיפה,187,"אינשטיין אלברט,94 ","שלוחת בי""ס אינשטיין",
4000,חיפה,188,"ולנברג ראול,11 ",מרכז קהילתי,"(32.7784654, 34.9805598)"
4000,חיפה,189,"ליבריה,11 ",גני ילדים הוד כרמל,"(32.7691868, 35.003767)"
4000,חיפה,190,"שוויצר אלברט ד""ר,64 ",גן ילדים אמנון ותמר,
4000,חיפה,191,"שד אבא חושי,15 ","בי""ס הריאלי - בנין לנדס",
4000,חיפה,192,"שד אבא חושי,15 ","ביה""ס הריאלי - בנין וולפסון",
4000,חיפה,193,"קריית ספר,27 ","בי""ס ""ריאלי"" יסודי",
4000,חיפה,194,"שד סיני,13 ","ביה""ס אחוזה (זכרון יוסף)",
4000,חיפה,195,"אורן,27 ","בי""ס רוממה","(32.7846559, 34.995948)"
4000,חיפה,196,"שד סיני,13 ","ביה""ס אחוזה (זכרון יוסף)",
4000,חיפה,197,"ולנברג ראול,11 ",מרכז קהילתי,"(32.7784654, 34.9805598)"
4000,חיפה,198,"פיכמן יעקב,15 ","בי""ס פיכמן","(32.7768458, 35.0083459)"
4000,חיפה,199,"קריית ספר,27 ","בי""ס ""ריאלי"" יסודי",
4000,חיפה,200,"הצלפים,5 ",גן ילדים רוממה כלנית,"(32.7879362, 34.9952815)"
4000,חיפה,201,"ביכורים,27 ","בי""ס תיכון עירוני ה","(32.8006694, 34.986517)"
4000,חיפה,202,"צדקיהו,6 ","בי""ס הרצל","(32.7989637, 34.9810422)"
4000,חיפה,203,"מגידו,7 ","בי""ס דוד ילין","(32.8039563, 34.9887993)"
4000,חיפה,204,"ביכורים,27 ","בי""ס תיכון עירוני ה","(32.8006694, 34.986517)"
4000,חיפה,205,"שד הנשיא,142 ",בית הכט,"(32.511751, 34.919206)"
4000,חיפה,206,"ביכורים,27 ","בי""ס תיכון עירוני ה","(32.8006694, 34.986517)"
4000,חיפה,207,"שד סיני,13 ","ביה""ס אחוזה (זכרון יוסף)",
4000,חיפה,208,"אהוד,18 ","בי""ס אהוד","(32.7917812, 34.9889316)"
4000,חיפה,209,"אהוד,18 ","בי""ס אהוד","(32.7917812, 34.9889316)"
4000,חיפה,210,"צדקיהו,6 ","בי""ס הרצל","(32.7989637, 34.9810422)"
4000,חיפה,211,"לוטוס,16 ",בית ספר הרצל - שלוחה,"(32.7984314, 34.9816089)"
4000,חיפה,212,"לוטוס,16 ",בית ספר הרצל - שלוחה,"(32.7984314, 34.9816089)"
4000,חיפה,213,"צדקיהו,6 ","בי""ס הרצל","(32.7989637, 34.9810422)"
4000,חיפה,214,"צדקיהו,6 ","בי""ס הרצל","(32.7989637, 34.9810422)"
4000,חיפה,215,"שד הנשיא,142 ",בית הכט,"(32.511751, 34.919206)"
4000,חיפה,216,"הלילך,26 ",גן שקמה,"(32.8018169, 34.9808741)"
4000,חיפה,217,"גלאל אל דין,3 ","בי""ס אחמדיה",
4000,חיפה,218,"גלאל אל דין,3 ","בי""ס אחמדיה",
4000,חיפה,219,"דרך הים,44 ","בי""ס אילנשיל אופקים","(32.807096, 34.9801822)"
4000,חיפה,220,"דרך הים,44 ","בי""ס אילנשיל אופקים","(32.807096, 34.9801822)"
4000,חיפה,221,"התשבי,34 ","בי""ס גיל","(32.8162779, 34.9784116)"
4000,חיפה,222,"שד הנשיא,142 ",בית הכט,"(32.511751, 34.919206)"
4000,חיפה,223,"מגידו,7 ","בי""ס דוד ילין","(32.8039563, 34.9887993)"
4000,חיפה,224,"התשבי,34 ","בי""ס גיל","(32.8162779, 34.9784116)"
4000,חיפה,225,"עובדיה,5 ",גן גלבוע,"(32.8135819, 34.9748348)"
4000,חיפה,226,"התשבי,34 ","בי""ס גיל","(32.8162779, 34.9784116)"
4000,חיפה,227,"החיננית,3 ","בי""ס חופית","(32.8166169, 34.9587936)"
4000,חיפה,228,"בודנהיימר מקס ד""ר,7 ","בי""ס אבן גבירול",
4000,חיפה,229,"בודנהיימר מקס ד""ר,7 ","בי""ס אבן גבירול",
4000,חיפה,230,"דרך צרפת,85 ","בי""ס רמות",
4000,חיפה,231,"טשרניחובסקי,71 ","בי""ס ליאו בק + מתנ""ס","(32.8166752, 34.9791125)"
4000,חיפה,232,"חכים אליהו,6 ",מרכז קריגר,"(32.5654544, 34.9579974)"
4000,חיפה,233,"טשרניחובסקי,34 ","בי""ס טשרניחובסקי","(32.8164711, 34.9793741)"
4000,חיפה,234,"טשרניחובסקי,34 ","בי""ס טשרניחובסקי","(32.8164711, 34.9793741)"
4000,חיפה,235,"הרקפות,11 ",מתחם גני ילדים,"(32.8081631, 34.9769959)"
4000,חיפה,236,"התשבי,34 ","בי""ס גיל","(32.8162779, 34.9784116)"
4000,חיפה,237,"יציאת אירופה,17 ","בי""ס עין הים","(32.8195674, 34.9585778)"
4000,חיפה,238,"דרך צרפת,85 ","בי""ס רמות",
4000,חיפה,239,"טשרניחובסקי,71 ","בי""ס ליאו בק + מתנ""ס","(32.8166752, 34.9791125)"
4000,חיפה,240,"קרן היסוד,33 ","בי""ס בן גוריון","(32.7876636, 34.998189)"
4000,חיפה,241,"לאה,11 ",גן מעין,"(32.7974918, 34.9742685)"
4000,חיפה,242,"הסנה,8 ","בי""ס אילנות","(32.8120905, 34.9695314)"
4000,חיפה,243,"הסנה,8 ","בי""ס אילנות","(32.8120905, 34.9695314)"
4000,חיפה,244,"בודנהיימר מקס ד""ר,7 ","בי""ס אבן גבירול",
4000,חיפה,245,"החיננית,3 ","בי""ס חופית","(32.8166169, 34.9587936)"
4000,חיפה,246,"קרן היסוד,33 ","בי""ס בן גוריון","(32.7876636, 34.998189)"
4000,חיפה,247,"קרן היסוד,33 ","בי""ס בן גוריון","(32.7876636, 34.998189)"
4000,חיפה,248,"הסנה,8 ","בי""ס אילנות","(32.8120905, 34.9695314)"
4000,חיפה,249,"אהוד,18 ","בי""ס אהוד","(32.7917812, 34.9889316)"
4000,חיפה,250,"ביכורים,27 ","בי""ס תיכון עירוני ה","(32.8006694, 34.986517)"
4000,חיפה,251,"לאה,39 ",גן ציפורן,"(32.798888, 34.9742768)"
4000,חיפה,252,"טשרניחובסקי,34 ","בי""ס טשרניחובסקי","(32.8164711, 34.9793741)"
4000,חיפה,253,"לאה,39 ",גן ציפורן,"(32.798888, 34.9742768)"
4000,חיפה,254,"לאה,37 ",גן מנדרין,"(32.7976587, 34.9735696)"
4000,חיפה,255,"גלאל אל דין,3 ","בי""ס אחמדיה",
4000,חיפה,256,"צדקיהו,6 ","בי""ס הרצל","(32.7989637, 34.9810422)"
4000,חיפה,257,"הרקפות,11 ",מתחם גני ילדים,"(32.8081631, 34.9769959)"
4000,חיפה,258,"הסנה,8 ","בי""ס אילנות","(32.8120905, 34.9695314)"
4000,חיפה,259,"שד הנשיא,142 ",בית הכט,"(32.511751, 34.919206)"
4000,חיפה,260,"הטנא,2 ",עירוני ה חטיבת בינים,"(32.8003129, 34.9893652)"
4000,חיפה,261,"בודנהיימר מקס ד""ר,7 ","בי""ס אבן גבירול",
4000,חיפה,262,"אורן,27 ","בי""ס רוממה","(32.7846559, 34.995948)"
4000,חיפה,263,"שד סיני,13 ","ביה""ס אחוזה (זכרון יוסף)",
4000,חיפה,264,"יציאת אירופה,17 ","בי""ס עין הים","(32.8195674, 34.9585778)"
4000,חיפה,265,"טשרניחובסקי,34 ","בי""ס טשרניחובסקי","(32.8164711, 34.9793741)"
4000,חיפה,266,"שד אבא חושי,15 ","בי""ס הריאלי - בנין לנדס",
4000,חיפה,267,"מונטיפיורי,15 ","בי""ס אורים","(32.8060917, 34.9929975)"
4000,חיפה,268,"בלום לאון,9 ","תיכון חוגים ע""ש רחל מתוקי","(32.7987454, 34.9972877)"
4000,חיפה,269,"אינשטיין אלברט,94 ","שלוחת בי""ס אינשטיין",
4000,חיפה,270,"יהושפט המלך,6 ","בי""ס נירים","(32.8072648, 34.9612261)"
4000,חיפה,271,"גלאל אל דין,3 ","בי""ס אחמדיה",
4000,חיפה,272,"שונית,12 ",אשכול גני ילדים,"(32.8159153, 34.9628056)"
4000,חיפה,273,"אהוד,18 ","בי""ס אהוד","(32.7917812, 34.9889316)"
4000,חיפה,274,"הבישוף חג'אר,1 ","בי""ס שיזף","(32.8201922, 34.9797936)"
4000,חיפה,275,"הבישוף חג'אר,1 ","בי""ס שיזף","(32.8201922, 34.9797936)"
4000,חיפה,276,"הבישוף חג'אר,1 ","בי""ס שיזף","(32.8201922, 34.9797936)"
4000,חיפה,277,"שד הציונות,33 ","מרכז ""ערבי יהודי"" תיאטרון",
4000,חיפה,278,"הבישוף חג'אר,1 ","בי""ס שיזף","(32.8201922, 34.9797936)"
4000,חיפה,279,"שומאכר גוטליב,4 ",מועדון הנוער הנוצרי,"(32.820208, 34.9885744)"
4000,חיפה,280,"שבתאי לוי,24 ",בית המהנדס,"(32.8138106, 34.9937416)"
4000,חיפה,281,"שבתאי לוי,24 ",בית המהנדס,"(32.8138106, 34.9937416)"
4000,חיפה,282,"בית אל,3 ","מתנ""ס לאו בק שלוחת בית אל","(32.8155739, 34.9767321)"
4000,חיפה,283,"שד גולומב אליהו,4 ","בי""ס ליאו בק",
4000,חיפה,284,"מונטיפיורי,15 ","בי""ס אורים","(32.8060917, 34.9929975)"
4000,חיפה,285,"שד גולומב אליהו,4 ","בי""ס ליאו בק",
4000,חיפה,286,"מגידו,7 ","בי""ס דוד ילין","(32.8039563, 34.9887993)"
4000,חיפה,287,"מסדה,8 ","בי""ס למחוננים","(32.8090967, 34.994556)"
4000,חיפה,288,"מסדה,8 ","בי""ס למחוננים","(32.8090967, 34.994556)"
4000,חיפה,289,"שד גולומב אליהו,4 ","בי""ס ליאו בק",
4000,חיפה,290,"טבריה,15 ","מתנ""ס הדר ע""ש גולד ושנפלד","(32.8116005, 34.9905751)"
4000,חיפה,291,"טבריה,15 ","מתנ""ס הדר ע""ש גולד ושנפלד","(32.8116005, 34.9905751)"
4000,חיפה,292,"מסדה,8 ","בי""ס למחוננים","(32.8090967, 34.994556)"
4000,חיפה,293,"שמריהו לוין,15 ","בי""ס הריאלי","(32.8109626, 34.9961207)"
4000,חיפה,294,"שמריהו לוין,15 ","בי""ס הריאלי","(32.8109626, 34.9961207)"
4000,חיפה,295,"מסדה,8 ","בי""ס למחוננים","(32.8090967, 34.994556)"
4000,חיפה,296,"שד גולומב אליהו,4 ","בי""ס ליאו בק",
4000,חיפה,297,"שד הציונות,33 ","מרכז ""ערבי יהודי"" תיאטרון",
4000,חיפה,298,"שפרעם,10 ",עיריית חיפה - אגף הביטחון,"(32.8128295, 34.9923065)"
4000,חיפה,299,"שד הציונות,33 ","מרכז ""ערבי יהודי"" תיאטרון",
4000,חיפה,300,"שונית,12 ",אשכול גני ילדים,"(32.8159153, 34.9628056)"
4000,חיפה,301,"פרץ י. ל.,20 ",בית ארדשטיין,"(32.8147832, 34.9949509)"
4000,חיפה,302,"הלילך,26 ",גן שקמה,"(32.8018169, 34.9808741)"
4000,חיפה,303,"ברוואלד,5 ",ערית חיפה אגף האכיפה והגביה,"(32.8126328, 34.9984922)"
4000,חיפה,304,"ברוואלד,5 ",ערית חיפה אגף האכיפה והגביה,"(32.8126328, 34.9984922)"
4000,חיפה,305,"חסן שוקרי,11 ",עיריית חיפה - מרכז שירות לתושב,"(32.8121222, 35.0004939)"
4000,חיפה,306,"אימבר נפתלי,1 ",מועדונית יודפת,"(32.8096702, 35.0029791)"
4000,חיפה,307,"ירושלים,29 ","מתנ""ס הדר-ביתנו","(32.8075979, 34.9993056)"
4000,חיפה,308,"חסן שוקרי,11 ",עיריית חיפה - מרכז שירות לתושב,"(32.8121222, 35.0004939)"
4000,חיפה,309,"שד אבא חושי,15 ","ביה""ס הריאלי - בנין וולפסון",
4000,חיפה,310,"פבזנר,54 ","ספריה עירונית ""פבזנר""","(32.8085974, 34.9975411)"
4000,חיפה,311,"שמריהו לוין,15 ","בי""ס הריאלי","(32.8109626, 34.9961207)"
4000,חיפה,312,"שד דגניה,33 ","בי""ס דגניה",
4000,חיפה,313,"סנש חנה,12 ","בי""ס תיכון לאומנויות רעות","(32.8022166, 34.994056)"
4000,חיפה,314,"רבי עקיבא,40 ",אולפנת צביה,"(32.802093, 35.0011361)"
4000,חיפה,315,"שמריהו לוין,15 ","בי""ס הריאלי","(32.8109626, 34.9961207)"
4000,חיפה,316,"ירושלים,29 ","מתנ""ס הדר-ביתנו","(32.8075979, 34.9993056)"
4000,חיפה,317,"שמריהו לוין,15 ","בי""ס הריאלי","(32.8109626, 34.9961207)"
4000,חיפה,318,"פבזנר,54 ","ספריה עירונית ""פבזנר""","(32.8085974, 34.9975411)"
4000,חיפה,319,"המימוני,2 ","בי""ס בית יעקב לבנות",
4000,חיפה,320,"ברכת משה,35 ",התחנה לבריאות המשפחה,"(32.8015777, 35.0025518)"
4000,חיפה,321,"מסדה,8 ","בי""ס למחוננים","(32.8090967, 34.994556)"
4000,חיפה,322,"הטנא,2 ",עירוני ה חטיבת בינים,"(32.8003129, 34.9893652)"
4000,חיפה,323,"סנש חנה,12 ","בי""ס תיכון לאומנויות רעות","(32.8022166, 34.994056)"
4000,חיפה,324,"מגידו,7 ","בי""ס דוד ילין","(32.8039563, 34.9887993)"
4000,חיפה,325,"המימוני,2 ","בי""ס בית יעקב לבנות",
4000,חיפה,326,"רבי עקיבא,40 ",אולפנת צביה,"(32.802093, 35.0011361)"
4000,חיפה,327,"בית""ר,8 ","מתנ""ס הדר","(32.8133941, 35.1254037)"
4000,חיפה,328,"בית""ר,8 ","מתנ""ס הדר","(32.8133941, 35.1254037)"
4000,חיפה,329,"בצלאל,5 ",ת.דתי לבנות בית יעקב,"(32.80353, 35.0000656)"
4000,חיפה,330,"הבישוף חג'אר,1 ","בי""ס שיזף","(32.8201922, 34.9797936)"
4000,חיפה,331,"בצלאל,5 ",ת.דתי לבנות בית יעקב,"(32.80353, 35.0000656)"
4000,חיפה,332,"בצלאל,5 ",ת.דתי לבנות בית יעקב,"(32.80353, 35.0000656)"
4000,חיפה,333,"בצלאל,5 ",ת.דתי לבנות בית יעקב,"(32.80353, 35.0000656)"
4000,חיפה,334,"דרך הים,44 ","בי""ס אילנשיל אופקים","(32.807096, 34.9801822)"
4000,חיפה,335,"יל""ג,7 ","מרכז קהילתי ""עציון""","(32.8070451, 35.0028161)"
4000,חיפה,336,"יל""ג,7 ","מרכז קהילתי ""עציון""","(32.8070451, 35.0028161)"
4000,חיפה,337,"ירושלים,29 ","מתנ""ס הדר-ביתנו","(32.8075979, 34.9993056)"
4000,חיפה,338,"הגבורים,17 ","בי""ס שערי תורה",
4000,חיפה,339,"חטיבת כרמלי,42א",מרכז הנוער בית מגנצא,"(32.7950336, 35.0191531)"
4000,חיפה,340,"בן בבא,4 ",תלמוד תורה תורת אמת,"(32.8035016, 35.0023729)"
4000,חיפה,341,"בן בבא,4 ",תלמוד תורה תורת אמת,"(32.8035016, 35.0023729)"
4000,חיפה,342,"בן בבא,4 ",תלמוד תורה תורת אמת,"(32.8035016, 35.0023729)"
4000,חיפה,343,"בן בבא,4 ",תלמוד תורה תורת אמת,"(32.8035016, 35.0023729)"
4000,חיפה,344,"שמריהו לוין,15 ","בי""ס הריאלי","(32.8109626, 34.9961207)"
4000,חיפה,345,"סנש חנה,12 ","בי""ס תיכון לאומנויות רעות","(32.8022166, 34.994056)"
4000,חיפה,346,"צ'רניאבסקי אהרון,20 ","בי""ס יזרעאליה","(32.7902089, 35.0129284)"
4000,חיפה,347,"בלום לאון,9 ","תיכון חוגים ע""ש רחל מתוקי","(32.7987454, 34.9972877)"
4000,חיפה,348,"בלום לאון,9 ","תיכון חוגים ע""ש רחל מתוקי","(32.7987454, 34.9972877)"
4000,חיפה,349,"משאש הרב,1 ","מתנ""ס נווה יוסף (אגף חדש)","(32.7914201, 35.0225786)"
4000,חיפה,350,"מימון הרב,23 ",עירוני ג חטיבת בינים בנין מצדה,"(32.7848546, 35.0225176)"
4000,חיפה,351,"דרך יד לבנים,97 ","בי""ס תיכון עירוני ו",
4000,חיפה,352,"מימון הרב,23 ",עירוני ג חטיבת בינים בנין מצדה,"(32.7848546, 35.0225176)"
4000,חיפה,353,"דרך יד לבנים,97 ","בי""ס תיכון עירוני ו",
4000,חיפה,354,"רבי עקיבא,40 ",אולפנת צביה,"(32.802093, 35.0011361)"
4000,חיפה,355,"ציון,7 ","בי""ס רמב""ם בניין כיתות ג'","(32.7904388, 35.0148773)"
4000,חיפה,356,"משאש הרב,1 ","מתנ""ס נווה יוסף (אגף חדש)","(32.7914201, 35.0225786)"
4000,חיפה,357,"ציון,7 ","בי""ס רמב""ם בניין כיתות ג'","(32.7904388, 35.0148773)"
4000,חיפה,358,"ליבריה,11 ",גני ילדים הוד כרמל,"(32.7691868, 35.003767)"
4000,חיפה,359,"אינשטיין אלברט,94 ","שלוחת בי""ס אינשטיין",
4000,חיפה,360,"לוין גוטל,22 ",גן ילדים אודם,"(32.7876462, 35.004374)"
4000,חיפה,361,"לוין גוטל,22א",מרכז קהילתי רמת ספיר,"(32.7876462, 35.004374)"
4000,חיפה,362,"לוין גוטל,22א",מרכז קהילתי רמת ספיר,"(32.7876462, 35.004374)"
4000,חיפה,363,"אינשטיין אלברט,94 ","שלוחת בי""ס אינשטיין",
4000,חיפה,364,"אורן,27 ","בי""ס רוממה","(32.7846559, 34.995948)"
4000,חיפה,365,"אורן,27 ","אולם ספורט ביה""ס רוממה","(32.7846559, 34.995948)"
4000,חיפה,366,"שד אבא חושי,15 ","בי""ס הריאלי - בנין לנדס",
4000,חיפה,368,"בירם ד""ר,35 ","בי""ס עירוני כי""ח","(32.7700866, 35.0071353)"
4000,חיפה,369,"אלתר אליעזר,34 ","ישיבה תיכונית עירונית ""יבנה""","(32.7758187, 35.0125205)"
4000,חיפה,370,"אלתר אליעזר,34 ","ישיבה תיכונית עירונית ""יבנה""","(32.7758187, 35.0125205)"
4000,חיפה,371,"בירם ד""ר,35 ","בי""ס עירוני כי""ח","(32.7700866, 35.0071353)"
4000,חיפה,372,"יגאל אלון,8 ","בי""ס יגאל אלון","(32.5799626, 34.9480798)"
4000,חיפה,373,"ליבריה,11 ",גני ילדים הוד כרמל,"(32.7691868, 35.003767)"
4000,חיפה,374,"דרך יד לבנים,97 ","בי""ס תיכון עירוני ו",
4000,חיפה,375,"הירדן,23 ",מרכז קהילתי,"(32.8007667, 35.0101456)"
4000,חיפה,376,"החשמל,8 ","בי""ס תהילת שלמה","(32.7948886, 35.0212311)"
4000,חיפה,377,"החשמל,22 ",המכללה להכשרת מורים,"(32.8001609, 35.0131872)"
4000,חיפה,378,"קליבנוב,20 ","בי""ס דינור","(32.7925624, 35.0106962)"
4000,חיפה,379,"חטיבת כרמלי,42א",מרכז הנוער בית מגנצא,"(32.7950336, 35.0191531)"
4000,חיפה,380,"משאש הרב,1 ","מתנ""ס נווה יוסף (אגף חדש)","(32.7914201, 35.0225786)"
4000,חיפה,381,"חטיבת כרמלי,42א",מרכז הנוער בית מגנצא,"(32.7950336, 35.0191531)"
4000,חיפה,382,"החשמל,22 ",המכללה להכשרת מורים,"(32.8001609, 35.0131872)"
4000,חיפה,383,"ברכת משה,35 ",התחנה לבריאות המשפחה,"(32.8015777, 35.0025518)"
4000,חיפה,384,"גוש עציון,24 ","בי""ס עבד אל רחמן אלחאג'","(32.8016979, 35.007083)"
4000,חיפה,385,"פרץ מרקיש,5 ","גן ילדים עירוני ""רקפת""","(32.7938317, 35.0085373)"
4000,חיפה,386,"הגבורים,17 ","בי""ס שערי תורה",
4000,חיפה,387,"החשמל,8 ","בי""ס תהילת שלמה","(32.7948886, 35.0212311)"
4000,חיפה,388,"הירדן,23 ",מרכז קהילתי,"(32.8007667, 35.0101456)"
4000,חיפה,389,"פרץ מרקיש,22 ","גן ילדים ""דוכיפת""","(32.7941043, 35.0084939)"
4000,חיפה,390,"דרך יד לבנים,97 ","בי""ס תיכון עירוני ו",
4000,חיפה,391,"דרך יד לבנים,97 ","בי""ס תיכון עירוני ו",
4000,חיפה,392,"הגליל,107 ","בי""ס תל חי","(32.7895822, 35.0185504)"
4000,חיפה,393,"קליבנוב,20 ","בי""ס דינור","(32.7925624, 35.0106962)"
4000,חיפה,394,"ציון,7 ","בי""ס רמב""ם","(32.7904388, 35.0148773)"
4000,חיפה,395,"משאש הרב,1 ","מתנ""ס נווה יוסף (אגף חדש)","(32.7914201, 35.0225786)"
4000,חיפה,396,"ציון,7 ","בי""ס רמב""ם","(32.7904388, 35.0148773)"
4000,חיפה,397,"ציון,7 ","בי""ס רמב""ם","(32.7904388, 35.0148773)"
4000,חיפה,398,"ציון,7 ","בי""ס רמב""ם","(32.7904388, 35.0148773)"
4000,חיפה,399,"הגליל,107 ","בי""ס תל חי","(32.7895822, 35.0185504)"
4000,חיפה,400,"הגליל,107 ","בי""ס תל חי","(32.7895822, 35.0185504)"
4000,חיפה,401,"מימון הרב,23 ",עירוני ג חטיבת בינים בנין מצדה,"(32.7848546, 35.0225176)"
4000,חיפה,402,"הגליל,107 ","בי""ס תל חי","(32.7895822, 35.0185504)"
4000,חיפה,403,"גדליהו,22 ","בי""ס תיכון עירוני ג","(32.7833634, 35.023062)"
4000,חיפה,404,"הגליל,107 ","בי""ס תל חי","(32.7895822, 35.0185504)"
4000,חיפה,405,"ברל כצנלסון,48 ","בי""ס בארי","(32.7874783, 35.0123308)"
4000,חיפה,406,"ברל כצנלסון,48 ","בי""ס בארי","(32.7874783, 35.0123308)"
4000,חיפה,407,"צ'רניאבסקי אהרון,20 ","בי""ס יזרעאליה","(32.7902089, 35.0129284)"
4000,חיפה,408,"צ'רניאבסקי אהרון,20 ","בי""ס יזרעאליה","(32.7902089, 35.0129284)"
4000,חיפה,409,"חביבה רייך,16 ","בי""ס הבונים","(32.7815747, 35.0091437)"
4000,חיפה,410,"חביבה רייך,16 ","בי""ס הבונים","(32.7815747, 35.0091437)"
4000,חיפה,411,"גדליהו,22 ","בי""ס תיכון עירוני ג","(32.7833634, 35.023062)"
4000,חיפה,412,"צ'רניאבסקי אהרון,14 ",גן פריאל,"(32.7902089, 35.0129284)"
4000,חיפה,413,"פיכמן יעקב,15 ","בי""ס פיכמן","(32.7768458, 35.0083459)"
4000,חיפה,414,"צ'רניאבסקי אהרון,20 ","בי""ס יזרעאליה","(32.7902089, 35.0129284)"
4000,חיפה,415,"פיכמן יעקב,15 ","בי""ס פיכמן","(32.7768458, 35.0083459)"
4000,חיפה,416,"מימון הרב,23 ",עירוני ג חטיבת בינים בנין מצדה,"(32.7848546, 35.0225176)"
4000,חיפה,417,"צ'רניאבסקי אהרון,20 ","בי""ס יזרעאליה","(32.7902089, 35.0129284)"
4000,חיפה,418,"סילבר אבא הלל,71 ",בית אבא חושי,"(32.7908115, 35.0099946)"
4000,חיפה,419,"סילבר אבא הלל,71 ",בית אבא חושי,"(32.7908115, 35.0099946)"
4000,חיפה,420,"יגאל אלון,8 ","בי""ס יגאל אלון","(32.5799626, 34.9480798)"
4000,חיפה,421,"פרץ מרקיש,5 ","גן ילדים עירוני ""רקפת""","(32.7938317, 35.0085373)"
4000,חיפה,422,"קליבנוב,20 ","בי""ס דינור","(32.7925624, 35.0106962)"
4000,חיפה,423,"סילבר אבא הלל,71 ",בית אבא חושי,"(32.7908115, 35.0099946)"
4000,חיפה,424,"קליבנוב,20 ","בי""ס דינור","(32.7925624, 35.0106962)"
4000,חיפה,425,"ורדיה,15 ",גן ורדיה א' - ורד,"(32.7941448, 34.9961037)"
4000,חיפה,426,"טשרניחובסקי,73 ",מכללת גורדון,"(32.8174272, 34.977976)"
4000,חיפה,427,"אהוד,18 ","בי""ס אהוד","(32.7917812, 34.9889316)"
4000,חיפה,428,"ורדיה,15 ",גן ורדיה א' - ורד,"(32.7941448, 34.9961037)"
4000,חיפה,429,"צבעוני,17 ",גן ילדים נחל,"(32.7952946, 34.9958229)"
4000,חיפה,430,"גוש עציון,24 ","בי""ס עבד אל רחמן אלחאג'","(32.8016979, 35.007083)"
4000,חיפה,431,"צ'רניאבסקי אהרון,20 ","בי""ס יזרעאליה","(32.7902089, 35.0129284)"
4000,חיפה,432,"קליבנוב,20 ","בי""ס דינור","(32.7925624, 35.0106962)"
4000,חיפה,433,"סילבר אבא הלל,71 ",בית אבא חושי,"(32.7908115, 35.0099946)"
4000,חיפה,434,"צבעוני,17 ",גן ילדים נחל,"(32.7952946, 34.9958229)"
4000,חיפה,435,"גדליהו,22 ","בי""ס תיכון עירוני ג","(32.7833634, 35.023062)"
4000,חיפה,436,"הגליל,107 ","בי""ס תל חי","(32.7895822, 35.0185504)"
4000,חיפה,437,"ציון,7 ","בי""ס רמב""ם","(32.7904388, 35.0148773)"
4000,חיפה,438,"בירם ד""ר,35 ","בי""ס עירוני כי""ח","(32.7700866, 35.0071353)"
4000,חיפה,439,כיכר ואצלב האוול,"בי""ס נאות פרס",
4000,חיפה,440,כיכר ואצלב האוול,"בי""ס נאות פרס",
4000,חיפה,441,כיכר ואצלב האוול,"בי""ס נאות פרס",
4000,חיפה,445,"פיכמן יעקב,15 ","בי""ס פיכמן","(32.7768458, 35.0083459)"
4000,חיפה,446,"חביבה רייך,16 ","בי""ס הבונים","(32.7815747, 35.0091437)"
4000,חיפה,449,"סורוקה משה,22 ","בי""ס נופים","(32.773298, 34.9909512)"
4000,חיפה,450,"מאיר גולדה,29 ",גן ילדים צבעוני,"(32.7720763, 35.0039518)"
4000,חיפה,451,"סורוקה משה,22 ","בי""ס נופים","(32.773298, 34.9909512)"
4000,חיפה,452,"סורוקה משה,22 ","בי""ס נופים","(32.773298, 34.9909512)"
4000,חיפה,453,"רבין אסתר ד""ר,80 ","גן ילדים עירוני ""אשל""",
4000,חיפה,454,"חוף השנהב,39 ",מועדון צופים,"(32.7675588, 35.0027348)"
4000,חיפה,455,"רבין אסתר ד""ר,80 ","גן ילדים עירוני ""אשל""",
4000,חיפה,456,"ליבריה,11 ",גני ילדים הוד כרמל,"(32.7691868, 35.003767)"
4000,חיפה,460,"לוין גוטל,22א",מרכז קהילתי רמת ספיר,"(32.7876462, 35.004374)"
4000,חיפה,461,"קרן היסוד,33 ","בי""ס בן גוריון","(32.7876636, 34.998189)"
4000,חיפה,462,"חביבה רייך,16 ","בי""ס הבונים","(32.7815747, 35.0091437)"
4000,חיפה,463,"הסנה,8 ","בי""ס אילנות","(32.8120905, 34.9695314)"
4000,חיפה,464,"טשרניחובסקי,71 ","בי""ס ליאו בק + מתנ""ס","(32.8166752, 34.9791125)"
4000,חיפה,465,"חביבה רייך,16 ","בי""ס הבונים","(32.7815747, 35.0091437)"
4000,חיפה,466,"שונית,12 ",אשכול גני ילדים,"(32.8159153, 34.9628056)"
4000,חיפה,701,"בית אלפא,80 ",מרכז יום לקשיש,"(32.8366019, 35.0600374)"
4000,חיפה,702,"הקונגרס,43 ",מדע קט,"(32.8345473, 35.0567863)"
4000,חיפה,703,"הקונגרס,43 ",מדע קט,"(32.8345473, 35.0567863)"
4000,חיפה,704,"שד דגניה,53 ","בי""ס רגבים",
4000,חיפה,705,"שד דגניה,53 ","בי""ס רגבים",
4000,חיפה,706,"ארן זלמן,43 ","בי""ס גורדון","(32.8330497, 35.0598476)"
4000,חיפה,707,"הקונגרס,43א",בית היינה,"(32.8345473, 35.0567863)"
4000,חיפה,708,"הקונגרס,43א",בית היינה,"(32.8345473, 35.0567863)"
4000,חיפה,711,"ארן זלמן,43 ","בי""ס גורדון","(32.8330497, 35.0598476)"
4000,חיפה,712,"ארן זלמן,43 ","בי""ס גורדון","(32.8330497, 35.0598476)"
4000,חיפה,713,"שד דגניה,33 ","בי""ס דגניה",
4000,חיפה,714,"שד דגניה,33 ","בי""ס דגניה",
4000,חיפה,715,"שד דגניה,33 ","בי""ס דגניה",
4000,חיפה,716,"שד הרא""ה,10 ","בי""ס אהרן הרואה",
4000,חיפה,717,"בית אלפא,80 ",מרכז יום לקשיש,"(32.8366019, 35.0600374)"
4000,חיפה,720,"בן צבי יצחק,6 ","חט""ב דגן","(32.7523214, 34.9716721)"
4000,חיפה,721,"הגדוד העברי,48 ",תיכון ק.חיים בניין שקד,"(32.8243569, 35.0685844)"
4000,חיפה,722,"הקבוצים,65 ","בי""ס ארלוזורוב",
4000,חיפה,723,"הגדוד העברי,48 ","בי""ס תיכון קרית חיים","(32.8243569, 35.0685844)"
4000,חיפה,724,"הגדוד העברי,48 ",תיכון ק.חיים בניין שקד,"(32.8243569, 35.0685844)"
4000,חיפה,725,"בן צבי יצחק,6 ","חט""ב דגן","(32.7523214, 34.9716721)"
4000,חיפה,726,"בן צבי יצחק,14 ",מרכז קהילתי בית נגלר,"(32.7523214, 34.9716721)"
4000,חיפה,727,"בן צבי יצחק,14 ",מרכז קהילתי בית נגלר,"(32.7523214, 34.9716721)"
4000,חיפה,728,"בן צבי יצחק,6 ","חט""ב דגן","(32.7523214, 34.9716721)"
4000,חיפה,729,"הגדוד העברי,48 ","בי""ס תיכון קרית חיים","(32.8243569, 35.0685844)"
4000,חיפה,730,"בן צבי יצחק,6 ","חט""ב דגן","(32.7523214, 34.9716721)"
4000,חיפה,731,"הקבוצים,65 ","בי""ס ארלוזורוב",
4000,חיפה,732,"הגדוד העברי,48 ",תיכון ק.חיים בניין שקד,"(32.8243569, 35.0685844)"
4000,חיפה,733,"בן צבי יצחק,14 ",מרכז קהילתי בית נגלר,"(32.7523214, 34.9716721)"
4000,חיפה,734,"הקבוצים,65 ","בי""ס ארלוזורוב",
4000,חיפה,735,"בן צבי יצחק,12 ",בית ספר המגינים,"(32.7523214, 34.9716721)"
4000,חיפה,736,"הקבוצים,65 ","בי""ס ארלוזורוב",
4000,חיפה,737,"הגדוד העברי,48 ",תיכון ק.חיים בניין שקד,"(32.8243569, 35.0685844)"
4000,חיפה,738,"הגדוד העברי,48 ","בי""ס תיכון קרית חיים","(32.8243569, 35.0685844)"
4000,חיפה,739,"בן צבי יצחק,14 ",מרכז קהילתי בית נגלר,"(32.7523214, 34.9716721)"
4000,חיפה,740,"בן צבי יצחק,12 ",בית ספר המגינים,"(32.7523214, 34.9716721)"
4000,חיפה,741,"הקבוצים,65 ","בי""ס ארלוזורוב",
4000,חיפה,742,"הקבוצים,63 ","גן ""כוכבית""",
4000,חיפה,743,"הגדוד העברי,48 ","בי""ס תיכון קרית חיים","(32.8243569, 35.0685844)"
4000,חיפה,744,"בן צבי יצחק,12 ",בית ספר המגינים,"(32.7523214, 34.9716721)"
4000,חיפה,745,"הקבוצים,65 ","בי""ס ארלוזורוב",
4000,חיפה,746,"בן צבי יצחק,6 ","חט""ב דגן","(32.7523214, 34.9716721)"
4000,חיפה,950,"הגבורים,17 ","בי""ס שערי תורה",
4000,חיפה,951,"הגבורים,17 ","בי""ס שערי תורה",
4000,חיפה,952,"הגבורים,17 ","בי""ס שערי תורה",
4000,חיפה,953,"הגבורים,17 ","בי""ס שערי תורה",
4000,חיפה,954,"הגבורים,17 ","בי""ס שערי תורה",
4000,חיפה,955,"הגבורים,17 ","בי""ס שערי תורה",
4000,חיפה,956,"הגבורים,17 ","בי""ס שערי תורה",
4000,חיפה,957,"הגבורים,17 ","בי""ס שערי תורה",
4000,חיפה,958,"גדליהו,22 ","בי""ס תיכון עירוני ג","(32.7833634, 35.023062)"
4000,חיפה,959,"ליבריה,11 ",גני ילדים הוד כרמל,"(32.7691868, 35.003767)"
4000,חיפה,960,"יהושפט המלך,6 ","בי""ס נירים","(32.8072648, 34.9612261)"
4000,חיפה,961,"חביבה רייך,16 ","בי""ס הבונים","(32.7815747, 35.0091437)"
4000,חיפה,962,"לוין גוטל,22 ",גן ילדים ספיר,"(32.7876462, 35.004374)"
4000,חיפה,963,"גדליהו,22 ","בי""ס תיכון עירוני ג","(32.7833634, 35.023062)"
4000,חיפה,965,"יהושפט המלך,6 ","בי""ס נירים","(32.8072648, 34.9612261)"
4000,חיפה,966,כיכר ואצלב האוול,"בי""ס נאות פרס",
4000,חיפה,968,כיכר ואצלב האוול,"בי""ס נאות פרס",
4000,חיפה,990,"חסן שוקרי,11 ",עיריית חיפה - מרכז שירות לתושב,"(32.8121222, 35.0004939)"
652,אבטין,1,אבטין,"בי""ס יסודי אבטין","(31.2894178, 34.8829358)"
652,אבטין,2,אבטין,"בי""ס יסודי אבטין","(31.2894178, 34.8829358)"
652,אבטין,3,"אבטין,1 ","מועדון הפי""ס","(31.2894178, 34.8829358)"
882,אורנים,1,אורנים,מזכירות,"(32.0670723, 34.8461934)"
278,אושה,1,אושה,מועדון לחבר,"(32.7967609, 35.1168496)"
313,אפק,1,אפק,מועדון לחבר - באולם המרכזי,"(31.243512, 34.767074)"
494,דאלית אל-כרמל,1,דאלית אל-כרמל,"בי""ס למדעים ומנהיגות","(32.6954423, 35.0512976)"
494,דאלית אל-כרמל,2,דאלית אל-כרמל,מרכז מית'ר- בית ספר טכנולוגי,"(32.6954423, 35.0512976)"
494,דאלית אל-כרמל,3,דאלית אל-כרמל,"בי""ס יסודי ב' ע""ש קאסם חלבי","(32.6954423, 35.0512976)"
494,דאלית אל-כרמל,4,דאלית אל-כרמל,"בי""ס ע""ש עבד קדור","(32.6954423, 35.0512976)"
494,דאלית אל-כרמל,5,רח 18,"בי""ס חדשני למדעים","(32.6922393, 35.0482785)"
494,דאלית אל-כרמל,6,דאלית אל-כרמל,"מרכז תרבות ע""ש נזיה ח'יר","(32.6954423, 35.0512976)"
494,דאלית אל-כרמל,7,דאלית אל-כרמל,"בי""ס ע""ש עבד קדור","(32.6954423, 35.0512976)"
494,דאלית אל-כרמל,8,דאלית אל-כרמל,"בי""ס ע""ש עבד קדור","(32.6954423, 35.0512976)"
494,דאלית אל-כרמל,9,רח 18,"בי""ס חדשני למדעים","(32.6922393, 35.0482785)"
494,דאלית אל-כרמל,10,דאלית אל-כרמל,"בי""ס חט""ב ע""ש קופטן חלבי","(32.6954423, 35.0512976)"
494,דאלית אל-כרמל,12,דאלית אל-כרמל,"בי""ס למדעים ומנהיגות","(32.6954423, 35.0512976)"
494,דאלית אל-כרמל,13,דאלית אל-כרמל,"בי""ס חט""ב ע""ש קופטן חלבי","(32.6954423, 35.0512976)"
494,דאלית אל-כרמל,14,דאלית אל-כרמל,"מרכז תרבות ע""ש נזיה ח'יר","(32.6954423, 35.0512976)"
494,דאלית אל-כרמל,16,דאלית אל-כרמל,"בי""ס יסודי ב' ע""ש קאסם חלבי","(32.6954423, 35.0512976)"
494,דאלית אל-כרמל,18,דאלית אל-כרמל,"מרכז תרבות ע""ש נזיה ח'יר","(32.6954423, 35.0512976)"
494,דאלית אל-כרמל,19,דאלית אל-כרמל,"מרכז תרבות ע""ש נזיה ח'יר","(32.6954423, 35.0512976)"
494,דאלית אל-כרמל,20,דאלית אל-כרמל,"מרכז תרבות ע""ש נזיה ח'יר","(32.6954423, 35.0512976)"
494,דאלית אל-כרמל,21,דאלית אל-כרמל,"מרכז תרבות ע""ש נזיה ח'יר","(32.6954423, 35.0512976)"
494,דאלית אל-כרמל,22,דאלית אל-כרמל,"בי""ס יסודי ב' ע""ש קאסם חלבי","(32.6954423, 35.0512976)"
494,דאלית אל-כרמל,23,דאלית אל-כרמל,"בי""ס חט""ב ע""ש קופטן חלבי","(32.6954423, 35.0512976)"
1321,ח'ואלד,1,ח'ואלד,מועדון נוער ח'ואלד,
986,ח'ואלד (שבט),1,ח'ואלד (שבט),התחנה לבריאות המשפחה/טיפת חלב,
2100,טירת כרמל,1,"הרב קוק,6 ","ביה""ס זבולון (קונסבטוריום)","(32.7642876, 34.9727043)"
2100,טירת כרמל,3,"עוגן,14 ","בי""ס ברזני",
2100,טירת כרמל,4,"הרב קוק,6 ","ביה""ס זבולון (קונסבטוריום)","(32.7642876, 34.9727043)"
2100,טירת כרמל,5,"הכלניות,20 ","בי""ס צמח","(32.7589676, 34.9668605)"
2100,טירת כרמל,6,"האלה,8 ","מועדון עולים מע""ש-לשעבר","(32.7550477, 34.9746007)"
2100,טירת כרמל,7,"הדקל,7 ",גן ילדים סביון,"(32.7598699, 34.976333)"
2100,טירת כרמל,8,"הצנחנים,15 ",גן ילדים רותם,"(32.7576177, 34.973643)"
2100,טירת כרמל,9,"הצנחנים,13 ",גן ילדים רקפת,"(32.7576177, 34.973643)"
2100,טירת כרמל,10,"ויצמן,19 ","בי""ס יגאל אלון","(32.75617, 34.9705924)"
2100,טירת כרמל,11,"ז'בוטינסקי,43 ","מתנ""ס קהילתי ע""ש פירסט","(32.7603268, 34.9677533)"
2100,טירת כרמל,12,"אלבז נתן,28 ",גן ילדים תמר,"(32.7554187, 34.9723698)"
2100,טירת כרמל,13,"אצ""ל,42 ","בית יה""ל","(32.7604063, 34.967447)"
2100,טירת כרמל,14,"בן צבי,24א",מרכז הפעוט שלוחת בן צבי,"(32.7523214, 34.9716721)"
2100,טירת כרמל,15,"הרב ברזני סולימן,14 ",גן ילדים חבצלת,
2100,טירת כרמל,16,"הורדים,5 ","בי""ס דגניה א","(32.7653351, 34.9723465)"
2100,טירת כרמל,17,"ככר י""א הספורטאים,8 ",גן ילדים דקל,
2100,טירת כרמל,18,"אלבז נתן,28 ",גן כלנית,"(32.7554187, 34.9723698)"
2100,טירת כרמל,19,"הרב קוק,6 ","ביה""ס זבולון (קונסבטוריום)","(32.7642876, 34.9727043)"
2100,טירת כרמל,20,"אצ""ל,17 ",גן גפן,"(32.7604063, 34.967447)"
2100,טירת כרמל,21,"הכלניות,20 ","בי""ס צמח","(32.7589676, 34.9668605)"
2100,טירת כרמל,22,"אצ""ל,42 ","בית יה""ל","(32.7604063, 34.967447)"
2100,טירת כרמל,23,"הכלניות,20 ","בי""ס צמח","(32.7589676, 34.9668605)"
2100,טירת כרמל,24,"אצ""ל,17 ",גן ילדים אתרוג,"(32.7604063, 34.967447)"
2100,טירת כרמל,25,"הרב קוק,6 ","ביה""ס זבולון (קונסבטוריום)","(32.7642876, 34.9727043)"
2100,טירת כרמל,26,"חצב,5 ",גן הרדוף,
2100,טירת כרמל,27,"הורדים,5 ","בי""ס דגניה א","(32.7653351, 34.9723465)"
2100,טירת כרמל,28,"עוגן,14 ","בי""ס ברזני",
2100,טירת כרמל,29,"הכלניות,20 ","בי""ס צמח","(32.7589676, 34.9668605)"
2100,טירת כרמל,30,"ז'בוטינסקי,43 ","מתנ""ס קהילתי ע""ש פירסט","(32.7603268, 34.9677533)"
2100,טירת כרמל,31,"חצב,5 ",גן ילדים אשל,
2100,טירת כרמל,32,"עוגן,14 ","בי""ס ברזני",
2100,טירת כרמל,33,"עוגן,14 ","בי""ס ברזני",
2100,טירת כרמל,34,"הכלניות,20 ","בי""ס צמח","(32.7589676, 34.9668605)"
2100,טירת כרמל,35,"הכלניות,20 ","בי""ס צמח","(32.7589676, 34.9668605)"
2100,טירת כרמל,36,"עוגן,14 ","בי""ס ברזני",
2100,טירת כרמל,37,"הכלניות,20 ","בי""ס צמח","(32.7589676, 34.9668605)"
2100,טירת כרמל,950,"חצב,6 ",בית מרדכי (בני עקיבא),
2100,טירת כרמל,951,"עוגן,14 ","בי""ס ברזני",
2100,טירת כרמל,990,"הורדים,5 ","בי""ס דגניה א","(32.7653351, 34.9723465)"
96,יגור,1,יגור,בית בר יהודה,"(32.7434182, 35.0765245)"
96,יגור,3,יגור,בית בר יהודה,"(32.7434182, 35.0765245)"
220,כפר ביאליק,1,"מיכאל,25 ",בית הועד המקומי,"(32.8223577, 35.087451)"
427,כפר גלים,1,כפר גלים,אולם הישיבות,
254,כפר המכבי,1,כפר המכבי,מועדון לחבר,
890,כפר הנוער הדתי,1,כפר הנוער הדתי,מועדון בית רוטשילד,
112,כפר חסידים א',1,כפר חסידים א',גן ילדים גפן,"(32.7521424, 35.0958849)"
889,כפר חסידים ב',1,כפר חסידים ב',גן גפן,
1284,נופית,1,נופית,"בי""ס נופית","(32.759165, 35.1485)"
1284,נופית,2,נופית,"בי""ס נופית","(32.759165, 35.1485)"
1284,נופית,3,נופית,"בי""ס נופית","(32.759165, 35.1485)"
2500,נשר,1,"אורח חיים,1 ",בית לנדאו,"(32.7640618, 35.0483317)"
2500,נשר,2,"אורח חיים,1 ",בית לנדאו,"(32.7640618, 35.0483317)"
2500,נשר,3,"התשבי,30 ",בית יהושע - בית ספר,"(32.7656482, 35.051281)"
2500,נשר,4,"אורח חיים,1 ",בית לנדאו,"(32.7640618, 35.0483317)"
2500,נשר,5,"שקד,19 ",מכללה טכנולוגית נשר,
2500,נשר,6,"שקד,19 ",מכללה טכנולוגית נשר,
2500,נשר,7,"דרך השלום,26 ",היכל התרבות,"(32.7708293, 35.0465194)"
2500,נשר,8,"פרץ אברהם,27 ","בי""ס גבעון",
2500,נשר,9,"פרץ אברהם,27 ","בי""ס גבעון",
2500,נשר,10,"דרך הטכניון,6 ","בי""ס כנפי נשרים","(32.7754669, 35.0343177)"
2500,נשר,11,"עמוס,26א",גן ילדים רימון,"(32.7751743, 35.0308847)"
2500,נשר,12,"דרך הטכניון,6 ","בי""ס כנפי נשרים","(32.7754669, 35.0343177)"
2500,נשר,13,"עמוס,26 ",גן ילדים שלהבת,"(32.7751743, 35.0308847)"
2500,נשר,14,"המתמיד,12 ",מועדון קשישים,"(32.77434, 35.0341935)"
2500,נשר,16,"התשבי,30 ",בית יהושע - בית ספר,"(32.7656482, 35.051281)"
2500,נשר,17,"השיטה,15 ","בי""ס רמות יצחק ב'ע""ש יצחק רבין","(32.7678425, 35.0378031)"
2500,נשר,19,"החצב,28 ","מתנ""ס החצב","(32.7677663, 35.0434784)"
2500,נשר,20,"נתיב הארזים,12 ","בי""ס רמות יצחק א'",
2500,נשר,21,"הלוטם,6 ",גן ילדים הלוטם,"(32.7645438, 35.0437585)"
2500,נשר,22,"החצב,1 ",מועדון אדמס מול החצב 41,"(32.7677663, 35.0434784)"
2500,נשר,23,"נתיב הארזים,12 ","בי""ס רמות יצחק א'",
2500,נשר,24,"חבצלת,2 ",גן ילדים מרגנית,"(32.7718279, 35.0344974)"
2500,נשר,25,"השיטה,15 ","בי""ס רמות יצחק ב'ע""ש יצחק רבין","(32.7678425, 35.0378031)"
2500,נשר,26,"השיטה,15 ","בי""ס רמות יצחק ב'ע""ש יצחק רבין","(32.7678425, 35.0378031)"
2500,נשר,27,"נתיב הארזים,12 ","בי""ס רמות יצחק א'",
2500,נשר,28,"הלוטם,6 ",גן ילדים אופירה,"(32.7645438, 35.0437585)"
2500,נשר,29,"השיטה,15 ","בי""ס רמות יצחק ב'ע""ש יצחק רבין","(32.7678425, 35.0378031)"
2500,נשר,30,"השיטה,15 ","בי""ס רמות יצחק ב'ע""ש יצחק רבין","(32.7678425, 35.0378031)"
2500,נשר,31,"השיטה,19 ",אשכול הפיס,"(32.7678425, 35.0378031)"
2500,נשר,32,"יעל,20 ",גן האשל,"(32.7729616, 35.0427361)"
2500,נשר,33,"האלון,23 ",גן הערבה,"(32.7694408, 35.0331021)"
2500,נשר,34,"נתיב הארזים,12 ","בי""ס רמות יצחק א'",
2500,נשר,35,"התאנה,7 ","מועדון ע""י בית הכנסת","(32.7676999, 35.0163266)"
2500,נשר,36,"התאנה,7 ","מועדון ע""י בית הכנסת","(32.7676999, 35.0163266)"
2500,נשר,37,"השיטה,19 ",אשכול הפיס,"(32.7678425, 35.0378031)"
2500,נשר,990,"דרך השלום,26 ",היכל התרבות,"(32.7708293, 35.0465194)"
534,עספיא,1,שכ מזרחית,"בי""ס יסודי א שכונה מזרחית",
534,עספיא,2,שכ מזרחית,"בי""ס יסודי א שכונה מזרחית",
534,עספיא,3,עספיא,בית ספר יסודי ג,"(32.717291, 35.0651106)"
534,עספיא,4,עספיא,בית ספר יסודי ג,"(32.717291, 35.0651106)"
534,עספיא,5,עספיא,"בי""ס יסודי ע""ש פארוק שחידם","(32.717291, 35.0651106)"
534,עספיא,6,עספיא,לשכת הרווחה (חדש),"(32.717291, 35.0651106)"
534,עספיא,7,עספיא,מרכז יום לקשיש,"(32.717291, 35.0651106)"
534,עספיא,8,עספיא,"בי""ס אורט-חט""ב","(32.717291, 35.0651106)"
534,עספיא,9,עספיא,מרכז יום לקשיש,"(32.717291, 35.0651106)"
534,עספיא,10,עספיא,"בי""ס אורט-חט""ב","(32.717291, 35.0651106)"
534,עספיא,11,עספיא,"בי""ס יסודי ע""ש פארוק שחידם","(32.717291, 35.0651106)"
534,עספיא,12,שכ מזרחית,"בי""ס יסודי א שכונה מזרחית",
534,עספיא,13,עספיא,"בי""ס אורט-חט""ב","(32.717291, 35.0651106)"
6800,קרית אתא,1,המכבים,בית הקשיש,"(32.8084224, 35.1261603)"
6800,קרית אתא,3,"קיש,1 ","בי""ס ישיבה תיכונית","(32.8119185, 35.1254017)"
6800,קרית אתא,4,"פלמ""ח,11 ","מתנ""ס","(32.8092025, 35.1221771)"
6800,קרית אתא,5,"בן יוסף אהרון,1 ",מקלט ציבורי- מס' 128,"(32.8155793, 35.1155914)"
6800,קרית אתא,6,"מימון,3 ",גן שיטה,"(32.8080613, 35.1272286)"
6800,קרית אתא,7,המכבים,בית הקשיש,"(32.8084224, 35.1261603)"
6800,קרית אתא,8,"ראשונים,3 ","בי""ס פינסקר",
6800,קרית אתא,9,"מימון,3 ",גן ורד,"(32.8080613, 35.1272286)"
6800,קרית אתא,10,"עזאר שמואל,18 ",שירות פסיכולוגי (לוחמי הגטאות),"(32.8138601, 35.1197386)"
6800,קרית אתא,11,"שד בורוכוב,34 ",בית יד לבנים,
6800,קרית אתא,12,"עזאר שמואל,18 ",שירות פסיכולוגי (לוחמי הגטאות),"(32.8138601, 35.1197386)"
6800,קרית אתא,13,"זמנהוף,1 ",מקלט עילי,"(32.8155378, 35.1151099)"
6800,קרית אתא,14,"שדה בוקר,32 ",גן חוכמה,"(32.8140465, 35.1118379)"
6800,קרית אתא,15,"ראשונים,3 ","בי""ס פינסקר",
6800,קרית אתא,16,"ברנר,2 ","בי""ס גורדון","(32.808227, 35.1149787)"
6800,קרית אתא,17,"רמז,9 ","בי""ס רוגוזין א","(32.8062813, 35.1101588)"
6800,קרית אתא,18,"טביב אברהם,14 ",גן ילדים קשת,"(32.8095751, 35.1196281)"
6800,קרית אתא,19,"רופין,30 ",גן ילדים מרום,"(32.8155268, 35.1106668)"
6800,קרית אתא,20,"רופין,7 ",גן ילדים רקפת,"(32.8155268, 35.1106668)"
6800,קרית אתא,21,"ברנר,2 ","בי""ס גורדון","(32.808227, 35.1149787)"
6800,קרית אתא,22,"מורדי הגטאות,24 ",מועדון נוער,"(32.8044493, 35.1034345)"
6800,קרית אתא,23,"המיסדים,9 ",מוזיאון בית פישר,"(32.8014382, 35.1056293)"
6800,קרית אתא,24,"שד הציונות,75 ",גן דוכיפת,
6800,קרית אתא,25,"פינסקר,31 ",גן ערבה,"(32.8115301, 35.1072943)"
6800,קרית אתא,26,"מורדי הגטאות,24 ",מועדון נוער,"(32.8044493, 35.1034345)"
6800,קרית אתא,27,"ברנר,2 ","בי""ס גורדון","(32.808227, 35.1149787)"
6800,קרית אתא,28,"פינסקר,11 ",תחנה לבריאות המשפחה,"(32.8115301, 35.1072943)"
6800,קרית אתא,29,"רמז,14 ","בי""ס ממלכתי הצבי ישראל","(32.8062813, 35.1101588)"
6800,קרית אתא,30,"פינסקר,18 ","בי""ס תיכון דתי-אולפנית שח""ם","(32.8103874, 35.1075936)"
6800,קרית אתא,31,"קלאוזנר,5 ","בי""ס שפרינצק",
6800,קרית אתא,32,"שיבת ציון,19 ",גן ברוש,"(32.8064803, 35.0934727)"
6800,קרית אתא,33,"קלאוזנר,5 ",מרכז פיס קרית בנימין,
6800,קרית אתא,34,"קלאוזנר,5 ","בי""ס שפרינצק",
6800,קרית אתא,35,"קלאוזנר,5 ","בי""ס שפרינצק",
6800,קרית אתא,36,"מורדי הגטאות,24 ",מועדון נוער,"(32.8044493, 35.1034345)"
6800,קרית אתא,37,"קארו יוסף,5 ","ביה""ס נועם תורני","(32.7870314, 35.0856848)"
6800,קרית אתא,38,"קלאוזנר,3 ",גן בנימין,
6800,קרית אתא,39,"שד בית וגן,7 ",גן ילדים הדס,
6800,קרית אתא,40,"האסיף,3 ","מועדון פיס מתנ""ס נווה חן","(32.8040345, 35.0853639)"
6800,קרית אתא,41,"האסיף,3 ","מועדון פיס מתנ""ס נווה חן","(32.8040345, 35.0853639)"
6800,קרית אתא,42,"שיבת ציון,19 ",גן צליל,"(32.8064803, 35.0934727)"
6800,קרית אתא,43,"פינסקר,18 ","בי""ס תיכון דתי-אולפנית שח""ם","(32.8103874, 35.1075936)"
6800,קרית אתא,44,"ירושלים,19 ","ביה""ס בית יעקב","(32.8012949, 35.1099432)"
6800,קרית אתא,45,"ירושלים,19 ","ביה""ס בית יעקב","(32.8012949, 35.1099432)"
6800,קרית אתא,46,"שד כצנלסון,40 ",גן ילדים ארז,
6800,קרית אתא,47,"קלאוזנר,5 ",מרכז פיס קרית בנימין,
6800,קרית אתא,48,"שד בית וגן,7 ",גן ילדים דקל,
6800,קרית אתא,49,"שבטי ישראל,6 ",גן כלניות,"(32.804572, 35.1047933)"
6800,קרית אתא,50,"פלמ""ח,11 ","מתנ""ס","(32.8092025, 35.1221771)"
6800,קרית אתא,51,"טביב אברהם,14 ",גן שיר,"(32.8095751, 35.1196281)"
6800,קרית אתא,52,"עזאר שמואל,18 ",שירות פסיכולוגי (לוחמי הגטאות),"(32.8138601, 35.1197386)"
6800,קרית אתא,53,"מקור ברוך,13 ",גן צבר,"(32.8027065, 35.102742)"
6800,קרית אתא,54,"ברדיצ'בסקי,27 ","ביה""ס תלמוד תורה","(32.812517, 35.1035685)"
6800,קרית אתא,55,"ברדיצ'בסקי,27 ","ביה""ס תלמוד תורה","(32.812517, 35.1035685)"
6800,קרית אתא,56,"פינסקר,18 ","בי""ס תיכון דתי-אולפנית שח""ם","(32.8103874, 35.1075936)"
6800,קרית אתא,57,"פינסקר,18 ","בי""ס תיכון דתי-אולפנית שח""ם","(32.8103874, 35.1075936)"
6800,קרית אתא,58,"ברנר,2 ","בי""ס גורדון","(32.808227, 35.1149787)"
6800,קרית אתא,59,"רמז,14 ","בי""ס ממלכתי הצבי ישראל","(32.8062813, 35.1101588)"
6800,קרית אתא,61,"ירושלים,19 ","ביה""ס בית יעקב","(32.8012949, 35.1099432)"
6800,קרית אתא,62,"בעל שם טוב,2 ",גן ילדים סיגליות,"(32.8020736, 35.1105868)"
6800,קרית אתא,63,"רמז,9 ","בי""ס רוגוזין א","(32.8062813, 35.1101588)"
6800,קרית אתא,64,"רמז,9 ","בי""ס רוגוזין א","(32.8062813, 35.1101588)"
6800,קרית אתא,65,גבעת טל,"בי""ס יסודי גבעת טל","(32.8066398, 35.1388184)"
6800,קרית אתא,66,"האלה,35 ",גן ילדים אלמוגן,"(32.8046015, 35.1318585)"
6800,קרית אתא,67,"האלה,35 ",גן ילדים אלה,"(32.8046015, 35.1318585)"
6800,קרית אתא,68,"ברדיצ'בסקי,27 ","ביה""ס תלמוד תורה","(32.812517, 35.1035685)"
6800,קרית אתא,69,"האלה,6 ",מועדון נוער גבעת רם,"(32.8046015, 35.1318585)"
6800,קרית אתא,70,גבעת טל,"בי""ס יסודי גבעת טל","(32.8066398, 35.1388184)"
6800,קרית אתא,71,גבעת טל,"בי""ס יסודי גבעת טל","(32.8066398, 35.1388184)"
6800,קרית אתא,72,"המיסדים,9 ",מוזיאון בית פישר,"(32.8014382, 35.1056293)"
6800,קרית אתא,73,גבעת טל,"בי""ס יסודי גבעת טל","(32.8066398, 35.1388184)"
6800,קרית אתא,74,גבעת טל,"בי""ס יסודי גבעת טל","(32.8066398, 35.1388184)"
6800,קרית אתא,75,"פלמ""ח,11 ","מתנ""ס","(32.8092025, 35.1221771)"
6800,קרית אתא,76,"פינסקר,31 ",גן ניצן,"(32.8115301, 35.1072943)"
6800,קרית אתא,77,שכ גבעת אלונים,"בי""ס גבעת אלונים",
6800,קרית אתא,78,"שד הציונות,75 ",גן דוכיפת,
6800,קרית אתא,79,"עבודה,5 ",גן ציפורן,"(32.8071813, 35.1020353)"
6800,קרית אתא,80,שכ גבעת אלונים,"בי""ס גבעת אלונים",
6800,קרית אתא,950,"האסיף,3 ","מועדון פיס מתנ""ס נווה חן","(32.8040345, 35.0853639)"
6800,קרית אתא,990,"ראשונים,3 ","בי""ס פינסקר",
9500,קרית ביאליק,1,"יוסף,29 ","בי""ס ""פסגות""","(32.8643942, 35.0961097)"
9500,קרית ביאליק,2,"נפתלי,6 ","בי""ס קדימה מבנה כיתות א' וב'","(32.8397671, 35.0920016)"
9500,קרית ביאליק,3,"נפתלי,6 ","בי""ס קדימה מבנה ראשי","(32.8397671, 35.0920016)"
9500,קרית ביאליק,4,"דן,2 ",מועדון תרבות דן,"(32.8390007, 35.0896225)"
9500,קרית ביאליק,5,"דפנה,54 ","בי""ס אורט חט""ב","(32.8333403, 35.0902177)"
9500,קרית ביאליק,6,"דפנה,49 ","בי""ס הבונים","(32.8333403, 35.0902177)"
9500,קרית ביאליק,7,"אפרים,28 ",בית יד לבנים,"(32.8286854, 35.0820115)"
9500,קרית ביאליק,8,"אפרים,28 ",בית יד לבנים,"(32.8286854, 35.0820115)"
9500,קרית ביאליק,9,"סולד,24 ","בי""ס ביאליק","(32.8228698, 35.0825851)"
9500,קרית ביאליק,10,"סולד,24 ","בי""ס ביאליק","(32.8228698, 35.0825851)"
9500,קרית ביאליק,11,"סולד,24 ","בי""ס ביאליק","(32.8228698, 35.0825851)"
9500,קרית ביאליק,12,"ניר עם,3 ","בי""ס אורט חטיבה עליונה","(32.8138383, 35.0755516)"
9500,קרית ביאליק,13,"ניר עם,3 ","בי""ס אורט חטיבה עליונה","(32.8138383, 35.0755516)"
9500,קרית ביאליק,14,"העליה,4 ",מרכז קהילתי צור שלום,"(32.8561722, 35.0958386)"
9500,קרית ביאליק,15,"יוסף,29 ","בי""ס ""פסגות""","(32.8643942, 35.0961097)"
9500,קרית ביאליק,16,"דרור,2 ","בי""ס אורט חטיבת ביניים - אפק","(32.8471487, 35.0933376)"
9500,קרית ביאליק,17,"דן,2 ",מועדון תרבות דן,"(32.8390007, 35.0896225)"
9500,קרית ביאליק,18,"דפנה,49 ","בי""ס הבונים","(32.8333403, 35.0902177)"
9500,קרית ביאליק,19,"דפנה,49 ","בי""ס הבונים","(32.8333403, 35.0902177)"
9500,קרית ביאליק,20,"קרן קיימת לישראל,75 ","מד""א - ת.לבריאות המשפחה לשעבר","(32.8265765, 35.0810688)"
9500,קרית ביאליק,21,"העליה,4 ",מרכז קהילתי צור שלום,"(32.8561722, 35.0958386)"
9500,קרית ביאליק,22,"ז'בוטינסקי,11 ","בי""ס ""צלילים""","(32.8567056, 35.0958612)"
9500,קרית ביאליק,23,"ז'בוטינסקי,11 ","בי""ס ""צלילים""","(32.8567056, 35.0958612)"
9500,קרית ביאליק,24,"ז'בוטינסקי,11 ","בי""ס ""צלילים""","(32.8567056, 35.0958612)"
9500,קרית ביאליק,25,"ז'בוטינסקי,11 ","בי""ס ""צלילים""","(32.8567056, 35.0958612)"
9500,קרית ביאליק,26,"ניר עם,3 ","בי""ס אורט חטיבה עליונה","(32.8138383, 35.0755516)"
9500,קרית ביאליק,27,"דרור,2 ","בי""ס אורט חטיבת ביניים - אפק","(32.8471487, 35.0933376)"
9500,קרית ביאליק,28,"דפנה,54 ","בי""ס אורט חט""ב","(32.8333403, 35.0902177)"
9500,קרית ביאליק,29,"נפתלי,6 ","בי""ס קדימה מבנה ראשי","(32.8397671, 35.0920016)"
9500,קרית ביאליק,30,"דפנה,54 ","בי""ס אורט חט""ב","(32.8333403, 35.0902177)"
9500,קרית ביאליק,31,"דפנה,54 ","בי""ס אורט חט""ב","(32.8333403, 35.0902177)"
9500,קרית ביאליק,32,"דפנה,54 ","בי""ס אורט חט""ב","(32.8333403, 35.0902177)"
9500,קרית ביאליק,33,"דפנה,54 ","בי""ס אורט חט""ב","(32.8333403, 35.0902177)"
9500,קרית ביאליק,34,"דפנה,49 ","בי""ס הבונים","(32.8333403, 35.0902177)"
9500,קרית ביאליק,35,"דפנה,49 ","בי""ס הבונים -מבנה ראשי","(32.8333403, 35.0902177)"
9500,קרית ביאליק,36,"דפנה,52 ","מתנ""ס אשכול פיס","(32.8333403, 35.0902177)"
9500,קרית ביאליק,37,"דפנה,49 ","בי""ס הבונים -מבנה ראשי","(32.8333403, 35.0902177)"
9500,קרית ביאליק,38,"דפנה,49 ","בי""ס הבונים -מבנה ראשי","(32.8333403, 35.0902177)"
9500,קרית ביאליק,39,"דפנה,49 ","בי""ס הבונים -מבנה ראשי","(32.8333403, 35.0902177)"
9500,קרית ביאליק,40,"סולד,24 ","בי""ס ביאליק","(32.8228698, 35.0825851)"
9500,קרית ביאליק,41,"בנימין,3 ","בי""ס נעורים","(32.8361958, 35.0879411)"
9500,קרית ביאליק,42,"בנימין,3 ","בי""ס נעורים","(32.8361958, 35.0879411)"
9500,קרית ביאליק,43,"בנימין,3 ","בי""ס נעורים","(32.8361958, 35.0879411)"
9500,קרית ביאליק,44,"דפנה,52 ","מתנ""ס אשכול פיס","(32.8333403, 35.0902177)"
9500,קרית ביאליק,45,"נפתלי,6 ","בי""ס קדימה מבנה כיתות א' וב'","(32.8397671, 35.0920016)"
9500,קרית ביאליק,46,"נפתלי,6 ","בי""ס קדימה מבנה כיתות א' וב'","(32.8397671, 35.0920016)"
9500,קרית ביאליק,47,"נפתלי,6 ","בי""ס קדימה מבנה כיתות א' וב'","(32.8397671, 35.0920016)"
9500,קרית ביאליק,48,"דפנה,52 ","מתנ""ס אשכול פיס","(32.8333403, 35.0902177)"
9500,קרית ביאליק,49,"העליה,4 ",מרכז קהילתי צור שלום,"(32.8561722, 35.0958386)"
9500,קרית ביאליק,50,"העליה,4 ",מרכז קהילתי צור שלום,"(32.8561722, 35.0958386)"
9500,קרית ביאליק,51,"יוסף,29 ","בי""ס ""פסגות""","(32.8643942, 35.0961097)"
9500,קרית ביאליק,52,"דרור,2 ","בי""ס אורט חטיבת ביניים - אפק","(32.8471487, 35.0933376)"
9500,קרית ביאליק,53,"יוסף,29 ","בי""ס ""פסגות""","(32.8643942, 35.0961097)"
9500,קרית ביאליק,54,"אפרים,28 ",בית יד לבנים,"(32.8286854, 35.0820115)"
9500,קרית ביאליק,55,"נפתלי,6 ","בי""ס קדימה מבנה ראשי","(32.8397671, 35.0920016)"
9500,קרית ביאליק,56,"חיננית,3 ","בי""ס רקפות","(32.8329469, 35.1012685)"
9500,קרית ביאליק,57,"נעמי שמר,23 ","בי""ס מיתרים - נוה אפק","(32.8532727, 35.103858)"
9500,קרית ביאליק,58,"נעמי שמר,23 ","בי""ס מיתרים - נוה אפק","(32.8532727, 35.103858)"
9500,קרית ביאליק,59,"נעמי שמר,23 ","בי""ס מיתרים - נוה אפק","(32.8532727, 35.103858)"
9500,קרית ביאליק,950,"יוסף,29 ","בי""ס ""פסגות""","(32.8643942, 35.0961097)"
9500,קרית ביאליק,951,"חיננית,3 ","בי""ס רקפות","(32.8329469, 35.1012685)"
9500,קרית ביאליק,952,"חיננית,3 ","בי""ס רקפות","(32.8329469, 35.1012685)"
9500,קרית ביאליק,953,"חיננית,3 ","בי""ס רקפות","(32.8329469, 35.1012685)"
9500,קרית ביאליק,990,"אפרים,28 ",בית יד לבנים,"(32.8286854, 35.0820115)"
2300,קרית טבעון,1,"מורן,18 ","מתנ""ס רמת טבעון","(32.7324961, 35.1448043)"
2300,קרית טבעון,2,"המרגניות,3 ",מועדון נרקיס,
2300,קרית טבעון,3,"נרקיסים,13 ","בי""ס נרקיסים","(32.7234185, 35.1397702)"
2300,קרית טבעון,4,יסמין,מועדון ניצנים,"(32.7203762, 35.134911)"
2300,קרית טבעון,5,"דגניות,12 ","מתנ""ס דגניות",
2300,קרית טבעון,6,"אלונים,37 ","בי""ס רימונים","(32.7187553, 35.1296111)"
2300,קרית טבעון,7,"אלונים,37 ","בי""ס רימונים","(32.7187553, 35.1296111)"
2300,קרית טבעון,8,"קרן קיימת,19 ","בי""ס קרית עמל","(32.7109657, 35.1154208)"
2300,קרית טבעון,9,"סולד הנריאטה,2 ",מרכז קהילתי - קרית חרושת,
2300,קרית טבעון,10,"כצנלסון,1 ",אורט גרינברג,"(32.7082758, 35.1260248)"
2300,קרית טבעון,11,"קרן קיימת,19 ","בי""ס קרית עמל","(32.7109657, 35.1154208)"
2300,קרית טבעון,12,"כצנלסון,1 ",אורט גרינברג,"(32.7082758, 35.1260248)"
2300,קרית טבעון,13,"כצנלסון,1 ",אורט גרינברג,"(32.7082758, 35.1260248)"
2300,קרית טבעון,14,"קרן קיימת,19 ","בי""ס קרית עמל","(32.7109657, 35.1154208)"
2300,קרית טבעון,15,"דגניות,12 ","מתנ""ס דגניות",
2300,קרית טבעון,16,"נרקיסים,13 ","בי""ס נרקיסים","(32.7234185, 35.1397702)"
2300,קרית טבעון,17,התשבי,גן הבונים,"(32.71101, 35.103763)"
2300,קרית טבעון,19,יסמין,מועדון ניצנים,"(32.7203762, 35.134911)"
2300,קרית טבעון,20,"מורן,18 ","מתנ""ס רמת טבעון","(32.7324961, 35.1448043)"
2300,קרית טבעון,21,"סולד הנריאטה,2 ",מרכז קהילתי - קרית חרושת,
2300,קרית טבעון,22,"קרן קיימת,19 ","בי""ס קרית עמל","(32.7109657, 35.1154208)"
2300,קרית טבעון,23,"קרן קיימת,19 ","בי""ס קרית עמל","(32.7109657, 35.1154208)"
2300,קרית טבעון,24,"קרן קיימת,19 ","בי""ס קרית עמל","(32.7109657, 35.1154208)"
2300,קרית טבעון,990,"אלונים,37 ","בי""ס רימונים","(32.7187553, 35.1296111)"
9600,קרית ים,1,"שד ביאליק,25 ","בי""ס ממלכתי אורים",
9600,קרית ים,2,"ישעיהו ישראל,4 ",גן שושן,"(32.8419088, 35.0608219)"
9600,קרית ים,3,"שד בן צבי,6 ","בי""ס רודמן",
9600,קרית ים,4,"שד בן צבי,6 ","בי""ס רודמן",
9600,קרית ים,5,"שד בן צבי,6 ","בי""ס רודמן",
9600,קרית ים,6,"צה""ל,23 ","בי""ס תיכון לוינסון","(32.8451262, 35.0691509)"
9600,קרית ים,7,"גלבוע,13 ","בי""ס אמירים","(32.8477194, 35.0707633)"
9600,קרית ים,8,"גלבוע,13 ","בי""ס אמירים","(32.8477194, 35.0707633)"
9600,קרית ים,9,"הנגב,2 ","בי""ס המפלסים","(32.8512903, 35.0794788)"
9600,קרית ים,10,"גלבוע,13 ","בי""ס אמירים","(32.8477194, 35.0707633)"
9600,קרית ים,11,"גלבוע,13 ","בי""ס אמירים","(32.8477194, 35.0707633)"
9600,קרית ים,12,"ספיר פנחס,11 ","בי""ס מפתן אופק","(32.8436039, 35.0604673)"
9600,קרית ים,13,"ספיר פנחס,11 ","בי""ס מפתן אופק","(32.8436039, 35.0604673)"
9600,קרית ים,14,"בר יהודה,3 ","בי""ס עלומים","(32.8419958, 35.0670209)"
9600,קרית ים,15,"ספיר פנחס,11 ","בי""ס מפתן אופק","(32.8436039, 35.0604673)"
9600,קרית ים,16,"בר יהודה,3 ","בי""ס עלומים","(32.8419958, 35.0670209)"
9600,קרית ים,17,"גלבוע,13 ","בי""ס אמירים","(32.8477194, 35.0707633)"
9600,קרית ים,18,"ספיר פנחס,11 ","בי""ס מפתן אופק","(32.8436039, 35.0604673)"
9600,קרית ים,19,"צה""ל,23 ","בי""ס תיכון לוינסון","(32.8451262, 35.0691509)"
9600,קרית ים,20,"ז'בוטינסקי,40 ","בי""ס ימית","(32.8418731, 35.0600057)"
9600,קרית ים,21,"שרת משה,10 ","מתנ""ס קהילתי מנדל","(32.8421588, 35.0687891)"
9600,קרית ים,22,"שז""ר זלמן,42 ","בי""ס צליל ים","(32.8410204, 35.0629292)"
9600,קרית ים,23,"שד ביאליק,25 ","בי""ס ממלכתי אורים",
9600,קרית ים,24,"שד בן צבי,6 ","בי""ס רודמן",
9600,קרית ים,25,"כלנית,6 ","בי""ס רבין (חט""ב)","(32.8466002, 35.0768863)"
9600,קרית ים,26,"שד ירושלים,71 ",גן ילדים יסמין,
9600,קרית ים,27,"הנגב,2 ","בי""ס המפלסים","(32.8512903, 35.0794788)"
9600,קרית ים,28,"תבור,15 ","מתנ""ס צפון","(32.8542028, 35.0807545)"
9600,קרית ים,29,"הנגב,2 ","בי""ס המפלסים","(32.8512903, 35.0794788)"
9600,קרית ים,30,"אילנות,1 ","בי""ס סביונים","(32.8608172, 35.0832884)"
9600,קרית ים,31,"הנגב,2 ","בי""ס המפלסים","(32.8512903, 35.0794788)"
9600,קרית ים,32,"שד ירושלים,71 ",גן ילדים חצב,
9600,קרית ים,33,"כלנית,6 ","בי""ס רבין (חט""ב)","(32.8466002, 35.0768863)"
9600,קרית ים,34,"כלנית,6 ","בי""ס רבין (חט""ב)","(32.8466002, 35.0768863)"
9600,קרית ים,35,"שד ירושלים,89 ",קונסבטוריון העירוני למוסיקה,
9600,קרית ים,36,"אצ""ל","בי""ס אלמוגים","(32.8546644, 35.0723602)"
9600,קרית ים,37,"שד ירושלים,89 ",קונסבטוריון העירוני למוסיקה,
9600,קרית ים,38,"בליטי מאיר,8 ",גן ציפורן,
9600,קרית ים,39,"אצ""ל","בי""ס אלמוגים","(32.8546644, 35.0723602)"
9600,קרית ים,40,"שד ביאליק,25 ","בי""ס ממלכתי אורים",
9600,קרית ים,41,"שד ביאליק,23 ",גן רימון,
9600,קרית ים,42,"שד ביאליק,25 ","בי""ס ממלכתי אורים",
9600,קרית ים,43,"שד ביאליק,25 ","בי""ס ממלכתי אורים",
9600,קרית ים,44,"שז""ר זלמן,42 ","בי""ס צליל ים","(32.8410204, 35.0629292)"
9600,קרית ים,45,"שז""ר זלמן,42 ","בי""ס צליל ים","(32.8410204, 35.0629292)"
9600,קרית ים,46,"ז'בוטינסקי,40 ","בי""ס ימית","(32.8418731, 35.0600057)"
9600,קרית ים,47,"גלבוע,13 ","בי""ס אמירים","(32.8477194, 35.0707633)"
9600,קרית ים,48,"ז'בוטינסקי,40 ","בי""ס ימית","(32.8418731, 35.0600057)"
9600,קרית ים,49,"שד בן צבי,6 ","בי""ס רודמן",
9600,קרית ים,50,"שז""ר זלמן,42 ","בי""ס צליל ים","(32.8410204, 35.0629292)"
9600,קרית ים,51,"אצ""ל","בי""ס אלמוגים","(32.8546644, 35.0723602)"
9600,קרית ים,52,"אצ""ל","בי""ס אלמוגים","(32.8546644, 35.0723602)"
9600,קרית ים,53,"כלנית,6 ","בי""ס רבין (חט""ב)","(32.8466002, 35.0768863)"
9600,קרית ים,54,"חבצלת,3 ",גני ילדים נרקיס וחבצלת,"(32.8429728, 35.0753993)"
9600,קרית ים,60,"אילנות,1 ","בי""ס סביונים","(32.8608172, 35.0832884)"
9600,קרית ים,61,"אילנות,1 ","בי""ס סביונים","(32.8608172, 35.0832884)"
9600,קרית ים,62,"אילנות,1 ","בי""ס סביונים","(32.8608172, 35.0832884)"
9600,קרית ים,63,"אילנות,1 ","בי""ס סביונים","(32.8608172, 35.0832884)"
9600,קרית ים,64,"חבצלת,3 ",גני ילדים נרקיס וחבצלת,"(32.8429728, 35.0753993)"
9600,קרית ים,950,"ארזים,7ב",גן ילדים אורון,"(32.8582876, 35.0797946)"
9600,קרית ים,990,"צה""ל,23 ","בי""ס תיכון לוינסון","(32.8451262, 35.0691509)"
8200,קרית מוצקין,1,"שד גושן משה,50 ","בי""ס אחדות",
8200,קרית מוצקין,2,"הרב קוק,102 ",גן ילדים רחל המשוררת,"(32.8249344, 35.0753374)"
8200,קרית מוצקין,3,"שד גושן משה,50 ","בי""ס אחדות",
8200,קרית מוצקין,4,"שד גושן משה,50 ","בי""ס אחדות",
8200,קרית מוצקין,5,"שד גושן משה,50 ","בי""ס אחדות",
8200,קרית מוצקין,6,"שד גושן משה,62 ","מתנ""ס משה גושן",
8200,קרית מוצקין,7,"שד ויצמן,41 ","בי""ס ויצמן",
8200,קרית מוצקין,8,"מורדי הגטאות,17 ","מתנ""ס ע""ש אלי כהן","(32.8321173, 35.0767223)"
8200,קרית מוצקין,9,"שד ויצמן,41 ","בי""ס ויצמן",
8200,קרית מוצקין,10,"שד גושן משה,50 ","בי""ס אחדות",
8200,קרית מוצקין,11,"שד ויצמן,4 ","בי""ס אלונים עתיד",
8200,קרית מוצקין,12,"שד גושן משה,62 ",מתנס גושן - גמלאים ונהנים,
8200,קרית מוצקין,13,"דקר,11 ","חט""ב ע""ש יונתן נתניהו","(32.8394243, 35.0824998)"
8200,קרית מוצקין,14,"החשמונאים,10 ","בי""ס ממ""ד מצפה","(32.8358222, 35.0762322)"
8200,קרית מוצקין,15,"שד גושן משה,62 ","מתנ""ס משה גושן",
8200,קרית מוצקין,16,"יוספטל,25 ",אולפנה סגולה,"(32.8375806, 35.0788656)"
8200,קרית מוצקין,17,"שד ויצמן,41 ","בי""ס ויצמן",
8200,קרית מוצקין,18,"שד גושן משה,62 ",מתנס גושן - גמלאים ונהנים,
8200,קרית מוצקין,19,"שפרינצק,13 ","בי""ס יסודי שרת מרכז פסגה","(32.8363709, 35.0782991)"
8200,קרית מוצקין,20,"שד ויצמן,4 ","בי""ס אלונים עתיד",
8200,קרית מוצקין,21,"החשמונאים,10 ","בי""ס ממ""ד מצפה","(32.8358222, 35.0762322)"
8200,קרית מוצקין,22,"יוספטל,25 ",אולפנה סגולה,"(32.8375806, 35.0788656)"
8200,קרית מוצקין,23,"דקר,4 ",בית ספר בן גוריון,"(32.8406502, 35.0832211)"
8200,קרית מוצקין,24,"דקר,11 ","חט""ב ע""ש יונתן נתניהו","(32.8394243, 35.0824998)"
8200,קרית מוצקין,25,"דולצ'ין אריה,1 ","בי""ס קורצ'אק",
8200,קרית מוצקין,26,"יוספטל,25 ",אולפנה סגולה,"(32.8375806, 35.0788656)"
8200,קרית מוצקין,27,"דקר,4 ",בית ספר בן גוריון,"(32.8406502, 35.0832211)"
8200,קרית מוצקין,28,"יוספטל,25 ",אולפנה סגולה,"(32.8375806, 35.0788656)"
8200,קרית מוצקין,29,"דקר,4 ",בית ספר בן גוריון,"(32.8406502, 35.0832211)"
8200,קרית מוצקין,30,"יוספטל,25 ",אולפנה סגולה,"(32.8375806, 35.0788656)"
8200,קרית מוצקין,31,"שד גושן משה,50 ","בי""ס אחדות",
8200,קרית מוצקין,32,"יוספטל,25 ",אולפנה סגולה,"(32.8375806, 35.0788656)"
8200,קרית מוצקין,33,"מורדי הגטאות,17 ","מתנ""ס ע""ש אלי כהן","(32.8321173, 35.0767223)"
8200,קרית מוצקין,34,"החשמונאים,10 ","בי""ס ממ""ד מצפה","(32.8358222, 35.0762322)"
8200,קרית מוצקין,35,"שד ויצמן,4 ","בי""ס אלונים עתיד",
8200,קרית מוצקין,36,"החשמונאים,10 ","בי""ס ממ""ד מצפה","(32.8358222, 35.0762322)"
8200,קרית מוצקין,37,"דולצ'ין אריה,1 ","בי""ס קורצ'אק",
8200,קרית מוצקין,38,"דולצ'ין אריה,1 ","בי""ס קורצ'אק",
8200,קרית מוצקין,39,"דולצ'ין אריה,1 ","בי""ס קורצ'אק",
8200,קרית מוצקין,40,"בגין מנחם,26 ","בי""ס ע""ש עליזה בגין -מבנה ישן","(32.8531646, 35.0913134)"
8200,קרית מוצקין,41,"מנור אהוד,7 ",גן משאלה,"(32.8477095, 35.0844091)"
8200,קרית מוצקין,42,"קדיש לוז,55 ","מתנ""ס דקר","(32.8384511, 35.0851158)"
8200,קרית מוצקין,43,"שד גושן משה,62 ","מתנ""ס משה גושן",
8200,קרית מוצקין,44,"שד ויצמן,41 ","בי""ס ויצמן",
8200,קרית מוצקין,45,"מנור אהוד,7 ",גן משאלה,"(32.8477095, 35.0844091)"
8200,קרית מוצקין,46,"ש""י עגנון,7 ","בי""ס יצחק נבון- שכונת האומנים","(32.8489911, 35.0836005)"
8200,קרית מוצקין,47,"ש""י עגנון,7 ","בי""ס יצחק נבון- שכונת האומנים","(32.8489911, 35.0836005)"
8200,קרית מוצקין,48,"ש""י עגנון,7 ","בי""ס יצחק נבון- שכונת האומנים","(32.8489911, 35.0836005)"
8200,קרית מוצקין,49,"ש""י עגנון,7 ","בי""ס יצחק נבון- שכונת האומנים","(32.8489911, 35.0836005)"
8200,קרית מוצקין,50,"דולצ'ין אריה,1 ","בי""ס קורצ'אק",
8200,קרית מוצקין,51,"אלון יגאל,4 ","בי""ס ריבלין נחמה לשעבר אורט חט","(32.8433666, 35.0803505)"
8200,קרית מוצקין,52,"אלון יגאל,4 ","בי""ס ריבלין נחמה לשעבר אורט חט","(32.8433666, 35.0803505)"
8200,קרית מוצקין,53,"אלון יגאל,4 ","בי""ס ריבלין נחמה לשעבר אורט חט","(32.8433666, 35.0803505)"
8200,קרית מוצקין,54,"ש""י עגנון,7 ","בי""ס יצחק נבון- שכונת האומנים","(32.8489911, 35.0836005)"
8200,קרית מוצקין,55,"דקר,4 ",בית ספר בן גוריון,"(32.8406502, 35.0832211)"
8200,קרית מוצקין,56,"ש""י עגנון,7 ","בי""ס יצחק נבון- שכונת האומנים","(32.8489911, 35.0836005)"
8200,קרית מוצקין,59,"בגין מנחם,26 ","בי""ס ע""ש עליזה בגין -מבנה חדש","(32.8531646, 35.0913134)"
8200,קרית מוצקין,60,"בגין מנחם,26 ","בי""ס ע""ש עליזה בגין -מבנה ישן","(32.8531646, 35.0913134)"
8200,קרית מוצקין,61,"בגין מנחם,26 ","בי""ס ע""ש עליזה בגין -מבנה חדש","(32.8531646, 35.0913134)"
8200,קרית מוצקין,62,"דרך עכו,257 ",מועדון פיס לגיל הזהב,"(32.850522, 35.093666)"
8200,קרית מוצקין,63,"בגין מנחם,26 ","בי""ס ע""ש עליזה בגין -מבנה ישן","(32.8531646, 35.0913134)"
8200,קרית מוצקין,64,"דקר,4 ",בית ספר בן גוריון,"(32.8406502, 35.0832211)"
8200,קרית מוצקין,65,"קדיש לוז,55 ","מתנ""ס דקר","(32.8384511, 35.0851158)"
8200,קרית מוצקין,66,"בגין מנחם,26 ","בי""ס ע""ש עליזה בגין -מבנה ישן","(32.8531646, 35.0913134)"
8200,קרית מוצקין,67,"קדיש לוז,56 ",גן ילדים סביון,"(32.8407857, 35.0865172)"
8200,קרית מוצקין,68,"דרך עכו,257 ",מועדון פיס לגיל הזהב,"(32.850522, 35.093666)"
8200,קרית מוצקין,69,"קדיש לוז,56 ",גן ילדים סביון,"(32.8407857, 35.0865172)"
8200,קרית מוצקין,70,"דקר,11 ","חט""ב ע""ש יונתן נתניהו","(32.8394243, 35.0824998)"
8200,קרית מוצקין,71,"בגין מנחם,26 ","בי""ס ע""ש עליזה בגין -מבנה חדש","(32.8531646, 35.0913134)"
8200,קרית מוצקין,72,"בגין מנחם,26 ","בי""ס ע""ש עליזה בגין -מבנה ישן","(32.8531646, 35.0913134)"
8200,קרית מוצקין,990,"קדיש לוז,55 ",גן חרצית,"(32.8384511, 35.0851158)"
990,ראס עלי,1,ראס עלי,"בי""ס יסודי ראס עלי ואלחואלד",
922,רכסים,1,"חרצית,1 ",גן ילדים תדהר,"(32.7549914, 35.0988175)"
922,רכסים,2,"האורנים,2 ",גן ילדים רוממות (ברוש),"(32.7515297, 35.0996461)"
922,רכסים,3,"הרב קוק,4 ",מועדון פיס לקשיש,"(32.746445, 35.0998195)"
922,רכסים,4,"חרצית,1 ",גן ילדים תדהר,"(32.7549914, 35.0988175)"
922,רכסים,5,"החזון איש,2 ",תיכון בית יעקב,
922,רכסים,6,"חרצית,1 ",גן ילדים תדהר,"(32.7549914, 35.0988175)"
922,רכסים,7,"חרצית,1 ",גן ילדים תדהר,"(32.7549914, 35.0988175)"
922,רכסים,8,"דקל,35 ",גן ילדים פאר,"(32.7554487, 35.1068324)"
922,רכסים,9,"דקל,35 ",גן ילדים פדות,"(32.7554487, 35.1068324)"
922,רכסים,10,"האלונים,34 ",ספריה ציבורית,"(32.7504357, 35.09666)"
922,רכסים,11,"החזון איש,2 ",תיכון בית יעקב,
178,רמת יוחנן,1,רמת יוחנן,הספריה שבבית המוסדות המרכזי,"(32.792433, 35.122926)"
178,רמת יוחנן,2,רמת יוחנן,הספריה שבבית המוסדות המרכזי,"(32.792433, 35.122926)"
237,שער העמקים,1,שער העמקים,מועדון לחבר,
679,אביאל,1,אביאל,אולם מופת-מועדון פיס,"(32.4392122, 34.9188994)"
2710,אום אל-פחם,1,שכ אלעיון,"חטה""ב אלגזאלי",
2710,אום אל-פחם,2,שכ אלעיון,אשכול פייס,
2710,אום אל-פחם,3,שכ אלכלאיל,"בי""ס יסודי אלמונתבי",
2710,אום אל-פחם,4,שכ אלכלאיל,"בי""ס יסודי אלמונתבי",
2710,אום אל-פחם,5,שכ אלכלאיל,"בי""ס יסודי אלמונתבי",
2710,אום אל-פחם,6,שכ אלבאטן,"בי""ס תיכון מקיף",
2710,אום אל-פחם,7,"אלהודא,4 ","ביה""ס יסודי קחאווש",
2710,אום אל-פחם,8,שכ אלעיון,"חטה""ב אלגזאלי",
2710,אום אל-פחם,9,שכ עין איברהים,"בי""ס ממלכתי עין איברהים",
2710,אום אל-פחם,10,"אלנוזהה,6 ","בי""ס ממלכתי עראק אלשבאב",
2710,אום אל-פחם,11,אלח'יאם,בית ספר אל כיאם,
2710,אום אל-פחם,12,אל-ראזי,"חטה""ב אלראזי",
2710,אום אל-פחם,13,שכ ע'רבי,"בי""ס יסודי אבן סינא",
2710,אום אל-פחם,14,שכ ג'דוע,"בי""ס יסודי אבן כלדון",
2710,אום אל-פחם,15,שכ ע'רבי,"בי""ס יסודי אבן סינא",
2710,אום אל-פחם,16,אלח'נסאא,"בי""ס יסודי אלכנסא",
2710,אום אל-פחם,17,אלח'נסאא,"בי""ס יסודי אלכנסא",
2710,אום אל-פחם,18,שכ אלכדור,"בי""ס עומר בן אלכטאב",
2710,אום אל-פחם,19,אלח'נסאא,"בי""ס יסודי אלכנסא",
2710,אום אל-פחם,20,"אלאח'ווה,1 ","בי""ס ממלכתי עין ג'ראר-אלחווה",
2710,אום אל-פחם,21,דרך ואדי אלנסור,"בי""ס אלאקווס",
2710,אום אל-פחם,22,שכ עין ג'ראר,"בי""ס חט""ב אל תסאמוח",
2710,אום אל-פחם,23,שכ אלעיון,"חטה""ב אלגזאלי",
2710,אום אל-פחם,24,שכ אלכדור,"בי""ס עומר בן אלכטאב",
2710,אום אל-פחם,25,שכ עין ג'ראר,"בי""ס חט""ב אל תסאמוח",
2710,אום אל-פחם,26,אום אל-פחם,"בי""ס חטיבה אסכנדר","(32.5349169, 35.1715528)"
2710,אום אל-פחם,27,אל-ראזי,"חטה""ב אלראזי",
2710,אום אל-פחם,28,אום אל-פחם,"בי""ס חטיבה אסכנדר","(32.5349169, 35.1715528)"
2710,אום אל-פחם,29,"שכ אלע'זלאת,1 ","מתנ""ס אגבריה שכונת אלביר",
2710,אום אל-פחם,30,שכ עין איברהים,"בי""ס ממלכתי עין איברהים",
2710,אום אל-פחם,31,שכ עין ג'ראר,מועדון פיס,
2710,אום אל-פחם,32,שכ ע'רבי,"בי""ס יסודי אבן סינא",
2710,אום אל-פחם,33,"אלנוזהה,6 ","בי""ס ממלכתי עראק אלשבאב",
2710,אום אל-פחם,34,"שכ אלע'זלאת,1 ","מתנ""ס אגבריה שכונת אלביר",
2710,אום אל-פחם,35,שכ אלכלאיל,"בי""ס יסודי אלמונתבי",
2710,אום אל-פחם,36,אלח'נסאא,"בי""ס יסודי אלכנסא",
2710,אום אל-פחם,37,אל-ראזי,תיכון אלרזי,
2710,אום אל-פחם,39,שכ ג'דוע,"בי""ס יסודי אבן כלדון",
2710,אום אל-פחם,41,שכ אלעיון,אשכול פייס,
2710,אום אל-פחם,42,שכ עין ג'ראר,"בי""ס תיכון דאר אלחכמה",
2710,אום אל-פחם,43,שכ עין איברהים,"בי""ס ממלכתי עין איברהים",
2710,אום אל-פחם,44,שכ אלעיון,אשכול פייס,
2710,אום אל-פחם,45,שכ אלבאטן,"בי""ס תיכון מקיף",
2710,אום אל-פחם,46,שכ אלבאטן,"בי""ס תיכון מקיף",
2710,אום אל-פחם,47,שכ ג'דוע,"בי""ס יסודי אבן כלדון",
2710,אום אל-פחם,48,אלח'נסאא,"בי""ס יסודי אלכנסא",
2710,אום אל-פחם,49,שכ עין ג'ראר,"בי""ס תיכון דאר אלחכמה",
2710,אום אל-פחם,50,"אלאח'ווה,1 ","בי""ס ממלכתי עין ג'ראר-אלחווה",
2710,אום אל-פחם,51,שכ אלכלאיל,"בי""ס יסודי אלמונתבי",
2710,אום אל-פחם,52,שכ ע'רבי,תיכון חדיג'ה,
2710,אום אל-פחם,53,דרך ואדי אלנסור,"בי""ס אלאקווס",
2710,אום אל-פחם,54,דרך ואדי אלנסור,"בי""ס אלאקווס",
2710,אום אל-פחם,55,"אלנוזהה,6 ","בי""ס ממלכתי עראק אלשבאב",
2710,אום אל-פחם,56,דרך ואדי אלנסור,"בי""ס אלאקווס",
2710,אום אל-פחם,57,שכ ע'רבי,תיכון חדיג'ה,
2710,אום אל-פחם,58,שכ אלעיון,אשכול פייס,
2710,אום אל-פחם,59,שכ עין ג'ראר,"בי""ס תיכון דאר אלחכמה",
2710,אום אל-פחם,60,שכ אלעיון,אשכול פייס,
2710,אום אל-פחם,61,אום אל-פחם,"בי""ס חטיבה אסכנדר","(32.5349169, 35.1715528)"
2024,אום אל-קוטוף,1,אום אל-קוטוף,מועדון תרבות,
1020,אור עקיבא,1,"ז'בוטינסקי,11 ","בי""ס אמית האופק","(32.5061431, 34.9212313)"
1020,אור עקיבא,2,בלפור,"מתנ""ס בית מירלמן","(32.5086061, 34.9184613)"
1020,אור עקיבא,3,בלפור,"מתנ""ס בית מירלמן","(32.5086061, 34.9184613)"
1020,אור עקיבא,4,הנביאים,מרכז יום לקשיש,"(32.5092137, 34.9209569)"
1020,אור עקיבא,5,ויסנברג יחיאל,בית ספר עציון,
1020,אור עקיבא,6,הנביאים,"מועדון תרבות בית""ר","(32.5092137, 34.9209569)"
1020,אור עקיבא,7,ויסנברג יחיאל,בית ספר עציון,
1020,אור עקיבא,8,"יאנסן עליזה,820 ",מרכז הצעירים,"(32.5123845, 34.9162198)"
1020,אור עקיבא,9,"ציוני מנחם,8 ",מרכז פיס ספורט קהילתי,"(32.5104952, 34.9149924)"
1020,אור עקיבא,10,"ציוני מנחם,8 ",מרכז פיס ספורט קהילתי,"(32.5104952, 34.9149924)"
1020,אור עקיבא,11,"יאנסן עליזה,820 ",מרכז הצעירים,"(32.5123845, 34.9162198)"
1020,אור עקיבא,12,"גלפנשטיין מיכאל,1 ","חט""ב עתידים","(32.502102, 34.9177371)"
1020,אור עקיבא,13,"שד ירושלים,1 ","בי""ס תיכון דתי דרור",
1020,אור עקיבא,14,"גלפנשטיין מיכאל,1 ","חט""ב עתידים","(32.502102, 34.9177371)"
1020,אור עקיבא,15,"גלפנשטיין מיכאל,1 ","חט""ב עתידים","(32.502102, 34.9177371)"
1020,אור עקיבא,16,התאנה,"בי""ס ממלכתי ע""ש נחמיה תמרי","(32.4971026, 34.9242404)"
1020,אור עקיבא,17,"גלפנשטיין מיכאל,1 ","חט""ב עתידים","(32.502102, 34.9177371)"
1020,אור עקיבא,18,"גלפנשטיין מיכאל,1 ","חט""ב עתידים","(32.502102, 34.9177371)"
1020,אור עקיבא,19,התאנה,"בי""ס ממלכתי ע""ש נחמיה תמרי","(32.4971026, 34.9242404)"
1020,אור עקיבא,20,"השיטה,2 ","בי""ס חנה סנש","(32.5009458, 34.9203283)"
1020,אור עקיבא,21,"השיטה,2 ","בי""ס חנה סנש","(32.5009458, 34.9203283)"
1020,אור עקיבא,22,"גלפנשטיין מיכאל,1 ","חט""ב עתידים","(32.502102, 34.9177371)"
1020,אור עקיבא,23,התאנה,"בי""ס ממלכתי ע""ש נחמיה תמרי","(32.4971026, 34.9242404)"
1020,אור עקיבא,24,"שד ירושלים,1 ","בי""ס תיכון דתי דרור",
1020,אור עקיבא,25,"שד ירושלים,1 ","בי""ס תיכון דתי דרור",
1020,אור עקיבא,26,"שד ירושלים,1 ","בי""ס תיכון דתי דרור",
1020,אור עקיבא,27,"גלפנשטיין מיכאל,1 ","חט""ב עתידים","(32.502102, 34.9177371)"
1020,אור עקיבא,28,"גלפנשטיין מיכאל,1 ","חט""ב עתידים","(32.502102, 34.9177371)"
1020,אור עקיבא,950,"שד ירושלים,1 ","בי""ס תיכון דתי דרור",
1020,אור עקיבא,990,בלפור,"מתנ""ס בית מירלמן","(32.5086061, 34.9184613)"
1316,אל-עריאן,1,"אל-עריאן,1 ",מועדון אל עריאן,
868,אלוני יצחק,1,אלוני יצחק,חדר ישיבות במשרדים,
6000,באקה אל-גרביה,1,באקה אל-גרביה,"בי""ס יסודי אלשאפעי","(32.430771, 35.023454)"
6000,באקה אל-גרביה,2,באקה אל-גרביה,"בי""ס אלחכמה","(32.430771, 35.023454)"
6000,באקה אל-גרביה,3,באקה אל-גרביה,"בי""ס יסודי עמר בן אלחטאב","(32.430771, 35.023454)"
6000,באקה אל-גרביה,4,"אלח'רבה,1 ","ב""יס יסודי אל-ראזי",
6000,באקה אל-גרביה,5,באקה אל-גרביה,"בי""ס יסודי אלח'וארזמי","(32.430771, 35.023454)"
6000,באקה אל-גרביה,6,"אלח'רבה,1 ","ב""יס יסודי אל-ראזי",
6000,באקה אל-גרביה,7,"אלח'רבה,1 ","ב""יס יסודי אל-ראזי",
6000,באקה אל-גרביה,8,באקה אל-גרביה,"בי""ס אלגזאלי","(32.430771, 35.023454)"
6000,באקה אל-גרביה,9,באקה אל-גרביה,"בי""ס אלגזאלי","(32.430771, 35.023454)"
6000,באקה אל-גרביה,10,"אלח'רבה,1 ","ב""יס יסודי אל-ראזי",
6000,באקה אל-גרביה,11,באקה אל-גרביה,"בי""ס יסודי עמר בן אלחטאב","(32.430771, 35.023454)"
6000,באקה אל-גרביה,12,באקה אל-גרביה,"בי""ס תיכון טכנולגי - טומשין","(32.430771, 35.023454)"
6000,באקה אל-גרביה,13,באקה אל-גרביה,"בי""ס תיכון טכנולגי - טומשין","(32.430771, 35.023454)"
6000,באקה אל-גרביה,14,באקה אל-גרביה,"בי""ס מקיף אלאנדלוס","(32.430771, 35.023454)"
6000,באקה אל-גרביה,15,באקה אל-גרביה,"בי""ס מקיף אלאנדלוס","(32.430771, 35.023454)"
6000,באקה אל-גרביה,16,באקה אל-גרביה,אולם תפוח פיס,"(32.430771, 35.023454)"
6000,באקה אל-גרביה,17,באקה אל-גרביה,"בי""ס חט""ב ""אבן-אלהיתם""","(32.430771, 35.023454)"
6000,באקה אל-גרביה,18,באקה אל-גרביה,"בי""ס חט""ב ""אבן-אלהיתם""","(32.430771, 35.023454)"
6000,באקה אל-גרביה,19,באקה אל-גרביה,"בי""ס חט""ב ""אבן-אלהיתם""","(32.430771, 35.023454)"
6000,באקה אל-גרביה,20,באקה אל-גרביה,"בי""ס תיכון טכנולגי - טומשין","(32.430771, 35.023454)"
6000,באקה אל-גרביה,21,באקה אל-גרביה,"בי""ס מקיף אלאנדלוס","(32.430771, 35.023454)"
6000,באקה אל-גרביה,22,באקה אל-גרביה,"בי""ס אלגזאלי","(32.430771, 35.023454)"
6000,באקה אל-גרביה,23,באקה אל-גרביה,"בי""ס יסודי אבן ח'לדון","(32.430771, 35.023454)"
6000,באקה אל-גרביה,24,באקה אל-גרביה,"בי""ס מקיף אלאנדלוס","(32.430771, 35.023454)"
6000,באקה אל-גרביה,25,באקה אל-גרביה,"בי""ס יסודי אבן ח'לדון","(32.430771, 35.023454)"
6000,באקה אל-גרביה,26,באקה אל-גרביה,"בי""ס אלחכמה","(32.430771, 35.023454)"
6000,באקה אל-גרביה,27,באקה אל-גרביה,"בי""ס יסודי אלשאפעי","(32.430771, 35.023454)"
6000,באקה אל-גרביה,28,באקה אל-גרביה,"בי""ס יסודי אלח'וארזמי","(32.430771, 35.023454)"
6000,באקה אל-גרביה,29,באקה אל-גרביה,"בי""ס יסודי אלח'וארזמי","(32.430771, 35.023454)"
6000,באקה אל-גרביה,30,באקה אל-גרביה,"בי""ס תיכון טכנולגי - טומשין","(32.430771, 35.023454)"
317,בית אורן,1,בית אורן,מועדון חברים,"(32.7282328, 35.004274)"
800,בית חנניה,1,דרך הכרמל,מזכירות,"(32.5289569, 34.9269576)"
212,בית צבי,1,"בית צבי,1 ",חדר מורים,
9800,בנימינה-גבעת עדה,1,הנדיב,"ביה""ס ממלכתי דתי הנדיב","(32.5244347, 34.9368178)"
9800,בנימינה-גבעת עדה,2,המורה,"בי""ס אשכולות","(32.519568, 34.9493861)"
9800,בנימינה-גבעת עדה,3,"דרך ניל""י,24 ",מועדון פיס לקשיש,
9800,בנימינה-גבעת עדה,4,המורה,"בי""ס אשכולות","(32.519568, 34.9493861)"
9800,בנימינה-גבעת עדה,5,"דרך ניל""י,24 ",מועדון פיס לקשיש,
9800,בנימינה-גבעת עדה,6,המורה,"בי""ס אשכולות","(32.519568, 34.9493861)"
9800,בנימינה-גבעת עדה,7,המורה,"בי""ס אשכולות","(32.519568, 34.9493861)"
9800,בנימינה-גבעת עדה,8,הנדיב,"ביה""ס ממלכתי דתי הנדיב","(32.5244347, 34.9368178)"
9800,בנימינה-גבעת עדה,9,הנדיב,"ביה""ס ממלכתי דתי הנדיב","(32.5244347, 34.9368178)"
9800,בנימינה-גבעת עדה,10,המורה,"בי""ס אשכולות","(32.519568, 34.9493861)"
9800,בנימינה-גבעת עדה,11,המורה,"בי""ס אשכולות","(32.519568, 34.9493861)"
9800,בנימינה-גבעת עדה,12,המורה,"בי""ס אשכולות","(32.519568, 34.9493861)"
9800,בנימינה-גבעת עדה,101,"הניצנים,17 ",בית ספר גבע,
9800,בנימינה-גבעת עדה,102,"הדקל,15 ",בית דורון,"(32.5247184, 34.9483358)"
9800,בנימינה-גבעת עדה,103,"הניצנים,17 ",בית ספר גבע,
9800,בנימינה-גבעת עדה,104,"הניצנים,17 ",בית ספר גבע,
9800,בנימינה-גבעת עדה,105,הדקל,ספריה ציבורית,"(32.5238557, 34.9471971)"
9800,בנימינה-גבעת עדה,990,הנדיב,"ביה""ס ממלכתי דתי הנדיב","(32.5244347, 34.9368178)"
1326,"בסמ""ה",1,ברטעה,"בי""ס ברטעה","(32.4743359, 35.090335)"
1326,"בסמ""ה",2,עין א-סהלה,מועדון לקשיש עין א-סהלה,"(32.4895812, 35.1193674)"
1326,"בסמ""ה",3,מועאוויה,"בי""ס החדש",
1326,"בסמ""ה",4,מועאוויה,"בי""ס יסודי מועאויה",
1326,"בסמ""ה",5,"אל מלעב,23 ","בי""ס תיכון מקיף ברטעה",
1326,"בסמ""ה",6,"אל מלעב,23 ","בי""ס תיכון מקיף ברטעה",
1326,"בסמ""ה",7,מועאוויה,"בי""ס יסודי מועאויה",
1326,"בסמ""ה",8,עין א-סהלה,"בי""ס יסודי עין א-סהלה","(32.4895812, 35.1193674)"
1326,"בסמ""ה",9,"אל מלעב,23 ","בי""ס תיכון מקיף ברטעה",
1326,"בסמ""ה",10,מועאוויה,"בי""ס החדש",
1326,"בסמ""ה",11,"אל מלעב,23 ","בי""ס תיכון מקיף ברטעה",
617,ברקאי,1,ברקאי,מועדון - לחבר,"(32.4738653, 35.0336125)"
33,בת שלמה,1,בת שלמה,מועדון (מול הצרכניה),"(32.6008776, 35.010769)"
541,ג'סר א-זרקא,1,ג'סר א-זרקא,"בי""ס ממלכתי חדשני צפוני","(32.5356888, 34.9063932)"
541,ג'סר א-זרקא,2,ג'סר א-זרקא,"בי""ס תיכון מקיף ג'סר א-זרקא","(32.5356888, 34.9063932)"
541,ג'סר א-זרקא,3,ג'סר א-זרקא,"בי""ס יסודי אלשאטאא ממלכתי ב'","(32.5356888, 34.9063932)"
541,ג'סר א-זרקא,4,ג'סר א-זרקא,"בי""ס יסודי אלשאטאא ממלכתי ב'","(32.5356888, 34.9063932)"
541,ג'סר א-זרקא,5,ג'סר א-זרקא,"בי""ס תיכון מקיף ג'סר א-זרקא","(32.5356888, 34.9063932)"
541,ג'סר א-זרקא,6,ג'סר א-זרקא,"בי""ס יסודי א'","(32.5356888, 34.9063932)"
541,ג'סר א-זרקא,7,ג'סר א-זרקא,"בי""ס ממלכתי חדשני צפוני","(32.5356888, 34.9063932)"
541,ג'סר א-זרקא,8,ג'סר א-זרקא,בית ספר יסודי ד',"(32.5356888, 34.9063932)"
541,ג'סר א-זרקא,9,ג'סר א-זרקא,חטיבת ביניים ג'סר א-זרקא,"(32.5356888, 34.9063932)"
541,ג'סר א-זרקא,10,ג'סר א-זרקא,חטיבת ביניים ג'סר א-זרקא,"(32.5356888, 34.9063932)"
541,ג'סר א-זרקא,11,ג'סר א-זרקא,בית ספר יסודי ד',"(32.5356888, 34.9063932)"
541,ג'סר א-זרקא,12,ג'סר א-זרקא,"בי""ס יסודי אלשאטאא ממלכתי ב'","(32.5356888, 34.9063932)"
541,ג'סר א-זרקא,13,ג'סר א-זרקא,בית ספר יסודי ד',"(32.5356888, 34.9063932)"
628,ג'ת,1,ג'ת,תיכון ג'ת,"(32.9739084, 35.2330724)"
628,ג'ת,2,ג'ת,חטיבת ביניםם אג'אל,"(32.9739084, 35.2330724)"
628,ג'ת,3,ג'ת,"בי""ס אל זהרה","(32.9739084, 35.2330724)"
628,ג'ת,4,ג'ת,"בי""ס אבן רושד","(32.9739084, 35.2330724)"
628,ג'ת,5,ג'ת,"בי""ס אל זהרה","(32.9739084, 35.2330724)"
628,ג'ת,6,ג'ת,חטיבת ביניםם אג'אל,"(32.9739084, 35.2330724)"
628,ג'ת,7,ג'ת,"בי""ס אל זהרה","(32.9739084, 35.2330724)"
628,ג'ת,8,שכונה מערבית,"בי""ס יסודי אל פארוק",
628,ג'ת,9,ג'ת,חטיבת ביניםם אג'אל,"(32.9739084, 35.2330724)"
628,ג'ת,10,ג'ת,תיכון ג'ת,"(32.9739084, 35.2330724)"
628,ג'ת,11,שכונה מערבית,"בי""ס יסודי אל פארוק",
628,ג'ת,12,ג'ת,חטיבת ביניםם אג'אל,"(32.9739084, 35.2330724)"
628,ג'ת,13,ג'ת,"בי""ס אבן רושד","(32.9739084, 35.2330724)"
683,גבע כרמל,1,"גבע כרמל,1 ",בית העם ליד המזכירות,
360,"גבעת ניל""י",1,"גבעת ניל""י",מועדון תרבות,
225,גן השומרון,1,גן השומרון,בית העם,"(32.462089, 34.99748)"
72,גן שמואל,1,"גן שמואל,10 ",בית אורי,
72,גן שמואל,2,"גן שמואל,10 ",בית אורי,
738,דור,1,דור,מועדון נוער,"(32.6541924, 35.421522)"
675,הבונים,1,הבונים,בית העם,"(31.220708, 34.807144)"
434,החותרים,1,החותרים,מועדון לחבר,"(29.558803, 34.935541)"
9300,זכרון יעקב,1,דרך שרה,מועדון נוער זכרון יעקב,"(32.567602, 34.95757)"
9300,זכרון יעקב,2,דרך פינלס,"בי""ס החורש","(32.582034, 34.951114)"
9300,זכרון יעקב,3,"שד ניל""י","בי""ס ממלכתי נילי","(32.5699667, 34.9425213)"
9300,זכרון יעקב,4,"שד ניל""י","בי""ס ממלכתי נילי","(32.5699667, 34.9425213)"
9300,זכרון יעקב,5,"דרך אהרן,4 ",בית ספר החיטה,
9300,זכרון יעקב,6,"שירה,5 ","מתנ""ס/מועדון נוער","(32.5645669, 34.9569377)"
9300,זכרון יעקב,7,"דרך אהרן,4 ",בית ספר החיטה,
9300,זכרון יעקב,8,"שד ניל""י","בי""ס ממלכתי נילי","(32.5699667, 34.9425213)"
9300,זכרון יעקב,9,"דרך אהרן,4 ",בית ספר החיטה,
9300,זכרון יעקב,10,שד יצחק רבין,תיכון המושבה,
9300,זכרון יעקב,11,"הנדיב,4 ",מועדון התשבי לקשישים,"(32.5739742, 34.9526647)"
9300,זכרון יעקב,12,"דרך אהרן,4 ",בית ספר החיטה,
9300,זכרון יעקב,13,דרך פינלס,"בי""ס החורש","(32.582034, 34.951114)"
9300,זכרון יעקב,14,"הנדיב,4 ",מועדון התשבי לקשישים,"(32.5739742, 34.9526647)"
9300,זכרון יעקב,15,"שד ניל""י","בי""ס ממלכתי נילי","(32.5699667, 34.9425213)"
9300,זכרון יעקב,16,"שירה,5 ","מתנ""ס/מועדון נוער","(32.5645669, 34.9569377)"
9300,זכרון יעקב,17,שד יצחק רבין,תיכון המושבה,
9300,זכרון יעקב,18,"שד ניל""י","בי""ס ממלכתי נילי","(32.5699667, 34.9425213)"
9300,זכרון יעקב,19,דרך פינלס,"בי""ס החורש","(32.582034, 34.951114)"
9300,זכרון יעקב,20,"שד ניל""י","בי""ס ממלכתי נילי","(32.5699667, 34.9425213)"
9300,זכרון יעקב,21,"דרך אהרן,4 ",בית ספר החיטה,
9300,זכרון יעקב,22,דרך שרה,מועדון נוער זכרון יעקב,"(32.567602, 34.95757)"
9300,זכרון יעקב,23,"שירה,5 ","מתנ""ס/מועדון נוער","(32.5645669, 34.9569377)"
9300,זכרון יעקב,24,שד יצחק רבין,תיכון המושבה,
9300,זכרון יעקב,25,"הנדיב,4 ",מועדון התשבי לקשישים,"(32.5739742, 34.9526647)"
9300,זכרון יעקב,26,"דרך אהרן,4 ",בית ספר החיטה,
9300,זכרון יעקב,990,"שד ניל""י","בי""ס ממלכתי נילי","(32.5699667, 34.9425213)"
6500,חדרה,1,הגבורים,ביס ארלוזורוב-כ. מרח' הגיבורים,
6500,חדרה,2,הגבורים,ביס ארלוזורוב-כ. מרח' הגיבורים,
6500,חדרה,3,"חטיבת גולני,16 ",מועדון אופקים,"(32.4332029, 34.930145)"
6500,חדרה,4,הגבורים,ביס ארלוזורוב-כ. מרח' הגיבורים,
6500,חדרה,5,הגבורים,ביס ארלוזורוב-כ. מרח' הגיבורים,
6500,חדרה,6,הגבורים,ביס ארלוזורוב-כ. מרח' הגיבורים,
6500,חדרה,7,"שדרות כושי עפגין,7 ","בי""ס תחכמוני חדש",
6500,חדרה,8,"שדרות כושי עפגין,7 ","בי""ס תחכמוני חדש",
6500,חדרה,9,הגבורים,ביס ארלוזורוב-כ. מרח' הגיבורים,
6500,חדרה,10,"שדרות כושי עפגין,7 ","בי""ס תחכמוני חדש",
6500,חדרה,11,הגבורים,ביס ארלוזורוב-כ. מרח' הגיבורים,
6500,חדרה,12,"שדרות כושי עפגין,7 ","בי""ס תחכמוני חדש",
6500,חדרה,13,"הכנסת,19 ","בי""ס ניצנים -נווה חיים","(32.4451384, 34.9038529)"
6500,חדרה,14,"באר אורה,1 ","בי""ס תיכון למדעים ואומנויות","(32.4378856, 34.9078581)"
6500,חדרה,15,שכ גני אלון,מועדון פיס לנוער,"(32.4422274, 34.9109583)"
6500,חדרה,16,"הכנסת,19 ","בי""ס ניצנים -נווה חיים","(32.4451384, 34.9038529)"
6500,חדרה,17,"עולי הגרדום,6 ","בי""ס מוריה -שכ' יצחק","(32.4515505, 34.9008104)"
6500,חדרה,18,"עולי הגרדום,6 ","בי""ס מוריה -שכ' יצחק","(32.4515505, 34.9008104)"
6500,חדרה,19,"באר אורה,1 ","בי""ס הרב תחומי למדעים ואמנויות","(32.4378856, 34.9078581)"
6500,חדרה,20,"באר אורה,1 ","בי""ס תיכון למדעים ואומנויות","(32.4378856, 34.9078581)"
6500,חדרה,21,שכ גני אלון,מועדון פיס לנוער,"(32.4422274, 34.9109583)"
6500,חדרה,22,"באר אורה,1 ","בי""ס הרב תחומי למדעים ואמנויות","(32.4378856, 34.9078581)"
6500,חדרה,23,"באר אורה,1 ","בי""ס הרב תחומי למדעים ואמנויות","(32.4378856, 34.9078581)"
6500,חדרה,24,שכ בן גוריון,מרכז נוער -גבעת אולגה,
6500,חדרה,25,"הנגב,5 ","בי""ס השחף -גבעת אולגה","(32.4406027, 34.8854478)"
6500,חדרה,26,"הראשונים,11 ",מרכז קהילתי - גבעת אולגה,"(32.4418266, 34.8871233)"
6500,חדרה,27,"הנגב,5 ","בי""ס השחף -גבעת אולגה","(32.4406027, 34.8854478)"
6500,חדרה,28,"מבצע עזרא,27 ","בי""ס ממ""ד שילה -גבעת אולגה","(32.4331262, 34.883015)"
6500,חדרה,29,"מבצע עזרא,27 ","בי""ס ממ""ד שילה -גבעת אולגה","(32.4331262, 34.883015)"
6500,חדרה,30,"הנגב,5 ","בי""ס השחף -גבעת אולגה","(32.4406027, 34.8854478)"
6500,חדרה,31,"אדני פז,1 ","בי""ס חופים","(32.43194, 34.8841809)"
6500,חדרה,32,"לבזובסקי,6 ",תיכון חדרה - כיתות ו,"(32.4401152, 34.9128067)"
6500,חדרה,33,"הראשונים,11 ",מרכז קהילתי - גבעת אולגה,"(32.4418266, 34.8871233)"
6500,חדרה,34,"מבצע עזרא,27 ","בי""ס ממ""ד שילה -גבעת אולגה","(32.4331262, 34.883015)"
6500,חדרה,35,"מבצע עזרא,27 ","בי""ס ממ""ד שילה -גבעת אולגה","(32.4331262, 34.883015)"
6500,חדרה,36,שכ גני אלון,מועדון פיס לנוער,"(32.4422274, 34.9109583)"
6500,חדרה,37,"באר אורה,1 ","בי""ס תיכון למדעים ואומנויות","(32.4378856, 34.9078581)"
6500,חדרה,38,"לבזובסקי,2 ",תיכון חדרה - מבנה בצד ימין,"(32.4401152, 34.9128067)"
6500,חדרה,39,"לבזובסקי,2 ",תיכון חדרה - מבנה בצד ימין,"(32.4401152, 34.9128067)"
6500,חדרה,40,"אחד העם,19 ","בי""ס אחד העם כניסה משער צפוני","(32.4347811, 34.9193146)"
6500,חדרה,41,"לבזובסקי,2 ",תיכון חדרה - מבנה בצד ימין,"(32.4401152, 34.9128067)"
6500,חדרה,42,"לבזובסקי,2 ",תיכון חדרה - מבנה בצד ימין,"(32.4401152, 34.9128067)"
6500,חדרה,43,הגבורים,ביס ארלוזורוב-כ. מרח' הגיבורים,
6500,חדרה,44,"לבזובסקי,6 ",תיכון חדרה - כיתות ו,"(32.4401152, 34.9128067)"
6500,חדרה,45,"שדרות כושי עפגין,7 ","בי""ס תחכמוני חדש",
6500,חדרה,46,"אחד העם,19 ","בי""ס אחד העם כניסה משער צפוני","(32.4347811, 34.9193146)"
6500,חדרה,47,"אחד העם,19 ","בי""ס אחד העם כניסה משער צפוני","(32.4347811, 34.9193146)"
6500,חדרה,48,"אחד העם,19 ","בי""ס אחד העם כניסה משער צפוני","(32.4347811, 34.9193146)"
6500,חדרה,49,"לבזובסקי,6 ",תיכון חדרה - כיתות ו,"(32.4401152, 34.9128067)"
6500,חדרה,50,"אחד העם,19 ","בי""ס אחד העם כניסה משער ראשי","(32.4347811, 34.9193146)"
6500,חדרה,51,"שז""ר זלמן,8 ",בית ספר הגורן,"(32.4353631, 34.9119849)"
6500,חדרה,52,"חזני מיכאל,9 ",מרכז קהילתי קלור,"(32.4308677, 34.9168748)"
6500,חדרה,53,"האלון,30 ","בי""ס צפרירים כ. ראשית רח' אלון","(32.4217057, 34.9202859)"
6500,חדרה,54,"משמר הגבול,1 ","בי""ס מדעים ויהדות","(32.4280665, 34.9314653)"
6500,חדרה,55,"האלון,30 ","בי""ס צפרירים כ. ראשית רח' אלון","(32.4217057, 34.9202859)"
6500,חדרה,56,"אחד העם,19 ","בי""ס אחד העם כניסה משער ראשי","(32.4347811, 34.9193146)"
6500,חדרה,57,"שז""ר זלמן,8 ",בית ספר הגורן,"(32.4353631, 34.9119849)"
6500,חדרה,58,"האלון,30 ","בי""ס צפרירים כ. ראשית רח' אלון","(32.4217057, 34.9202859)"
6500,חדרה,59,"רבין יצחק,56 ","ביה""ס עש אילן רמון כניסה ראשית","(32.4317598, 34.9251864)"
6500,חדרה,60,"חטיבת גולני,16 ",מועדון אופקים,"(32.4332029, 34.930145)"
6500,חדרה,61,הגבורים,ביס ארלוזורוב-כ. מרח' הגיבורים,
6500,חדרה,62,"אדני פז,1 ","בי""ס חופים","(32.43194, 34.8841809)"
6500,חדרה,63,"העצמאות,25 ","בי""ס קפלן - שובו (ישן )","(32.4281428, 34.9468704)"
6500,חדרה,64,"יגאל,38 ","בי""ס קפלן יסודי","(32.4270307, 34.9434841)"
6500,חדרה,65,קבוץ גלויות,"בי""ס פאר עם -בית אליעזר",
6500,חדרה,66,הר הנגב,"בי""ס תיכון חדרה-בית אליעזר","(32.4294195, 34.9515628)"
6500,חדרה,67,"השיזף,7 ","מתנ""ס בית אליעזר","(32.4219048, 34.9489755)"
6500,חדרה,68,חניתה,"בי""ס ממלכתי צליל","(32.4165039, 34.95407)"
6500,חדרה,69,קבוץ גלויות,"בי""ס פאר עם -בית אליעזר",
6500,חדרה,70,חניתה,"בי""ס ממלכתי צליל","(32.4165039, 34.95407)"
6500,חדרה,71,קבוץ גלויות,"בי""ס פאר עם -בית אליעזר",
6500,חדרה,72,"השיזף,7 ","מתנ""ס בית אליעזר","(32.4219048, 34.9489755)"
6500,חדרה,73,קבוץ גלויות,"בי""ס פאר עם -בית אליעזר",
6500,חדרה,74,"יגאל,38 ","בי""ס קפלן יסודי","(32.4270307, 34.9434841)"
6500,חדרה,75,חניתה,"בי""ס ממלכתי צליל","(32.4165039, 34.95407)"
6500,חדרה,76,"השיזף,7 ","מתנ""ס בית אליעזר","(32.4219048, 34.9489755)"
6500,חדרה,77,"יגאל,38 ","בי""ס קפלן יסודי","(32.4270307, 34.9434841)"
6500,חדרה,78,"השיזף,7 ","מתנ""ס בית אליעזר","(32.4219048, 34.9489755)"
6500,חדרה,79,הר הנגב,"בי""ס תיכון חדרה-בית אליעזר","(32.4294195, 34.9515628)"
6500,חדרה,80,"העצמאות,25 ","בי""ס קפלן - שובו (ישן )","(32.4281428, 34.9468704)"
6500,חדרה,81,"עולי הגרדום,6 ","בי""ס מוריה -שכ' יצחק","(32.4515505, 34.9008104)"
6500,חדרה,82,"הראשונים,11 ",מרכז קהילתי - גבעת אולגה,"(32.4418266, 34.8871233)"
6500,חדרה,83,הר הנגב,"בי""ס תיכון חדרה-בית אליעזר","(32.4294195, 34.9515628)"
6500,חדרה,84,"הכנסת,19 ","בי""ס ניצנים -נווה חיים","(32.4451384, 34.9038529)"
6500,חדרה,85,"באר אורה,1 ","בי""ס תיכון למדעים ואומנויות","(32.4378856, 34.9078581)"
6500,חדרה,86,"עולי הגרדום,6 ","בי""ס מוריה -שכ' יצחק","(32.4515505, 34.9008104)"
6500,חדרה,87,"משמר הגבול,1 ","בי""ס מדעים ויהדות","(32.4280665, 34.9314653)"
6500,חדרה,88,"באר אורה,1 ","בי""ס הרב תחומי למדעים ואמנויות","(32.4378856, 34.9078581)"
6500,חדרה,89,"הראשונים,11 ",מרכז קהילתי - גבעת אולגה,"(32.4418266, 34.8871233)"
6500,חדרה,90,"אחד העם,19 ","בי""ס אחד העם כניסה משער ראשי","(32.4347811, 34.9193146)"
6500,חדרה,91,"אחד העם,19 ","בי""ס אחד העם כניסה משער ראשי","(32.4347811, 34.9193146)"
6500,חדרה,92,"משמר הגבול,1 ","בי""ס מדעים ויהדות","(32.4280665, 34.9314653)"
6500,חדרה,93,"שדרות כושי עפגין,7 ","בי""ס תחכמוני חדש",
6500,חדרה,94,הגבורים,ביס ארלוזורוב-כ. מרח' הגיבורים,
6500,חדרה,95,"הנגב,5 ","בי""ס השחף -גבעת אולגה","(32.4406027, 34.8854478)"
6500,חדרה,96,"שאר ישוב,24 ",תיכון טכנולוגי נעמת,"(32.441618, 34.9256863)"
6500,חדרה,97,"לבזובסקי,6 ",תיכון חדרה - כיתות ו,"(32.4401152, 34.9128067)"
6500,חדרה,98,"לבזובסקי,6 ",תיכון חדרה - כיתות ו,"(32.4401152, 34.9128067)"
6500,חדרה,99,"לבזובסקי,2 ",תיכון חדרה - מבנה בצד ימין,"(32.4401152, 34.9128067)"
6500,חדרה,100,"רבין יצחק,56 ","ביה""ס עש אילן רמון כניסה ראשית","(32.4317598, 34.9251864)"
6500,חדרה,101,ער אציל,"בי""ס צפרירים כ. מרח' ער אציל","(32.4247259, 34.9226027)"
6500,חדרה,102,"האלון,30 ","בי""ס צפרירים כ. ראשית רח' אלון","(32.4217057, 34.9202859)"
6500,חדרה,103,ער אציל,"בי""ס צפרירים כ. מרח' ער אציל","(32.4247259, 34.9226027)"
6500,חדרה,104,"חזני מיכאל,9 ",מרכז קהילתי קלור,"(32.4308677, 34.9168748)"
6500,חדרה,105,"חזני מיכאל,9 ",מרכז קהילתי קלור,"(32.4308677, 34.9168748)"
6500,חדרה,106,"חזני מיכאל,9 ",מרכז קהילתי קלור,"(32.4308677, 34.9168748)"
6500,חדרה,107,"חזני מיכאל,9 ",מרכז קהילתי קלור,"(32.4308677, 34.9168748)"
6500,חדרה,108,"אחד העם,19 ","בי""ס אחד העם כניסה משער ראשי","(32.4347811, 34.9193146)"
6500,חדרה,109,"רבין יצחק,56 ","ביה""ס עש אילן רמון כניסה ראשית","(32.4317598, 34.9251864)"
6500,חדרה,110,"רבין יצחק,56 ","ביה""ס עש אילן רמון כניסה ראשית","(32.4317598, 34.9251864)"
6500,חדרה,111,"משמר הגבול,1 ","בי""ס מדעים ויהדות","(32.4280665, 34.9314653)"
6500,חדרה,112,ער אציל,"בי""ס צפרירים כ. מרח' ער אציל","(32.4247259, 34.9226027)"
6500,חדרה,113,"רבין יצחק,56 ","ביה""ס עש אילן רמון שער אחורי","(32.4317598, 34.9251864)"
6500,חדרה,114,"תמנע,2 ","בי""ס ""המשחק""","(32.4279229, 34.9353882)"
6500,חדרה,115,"אדני פז,1 ","בי""ס חופים","(32.43194, 34.8841809)"
6500,חדרה,116,"רבין יצחק,56 ","ביה""ס עש אילן רמון שער אחורי","(32.4317598, 34.9251864)"
6500,חדרה,117,"רבין יצחק,56 ","ביה""ס עש אילן רמון שער אחורי","(32.4317598, 34.9251864)"
6500,חדרה,118,"הכנסת,19 ","בי""ס ניצנים -נווה חיים","(32.4451384, 34.9038529)"
6500,חדרה,119,"אדני פז,1 ","בי""ס חופים","(32.43194, 34.8841809)"
6500,חדרה,120,"תמנע,2 ","בי""ס ""המשחק""","(32.4279229, 34.9353882)"
6500,חדרה,121,"תמנע,2 ","בי""ס ""המשחק""","(32.4279229, 34.9353882)"
6500,חדרה,122,"רבין יצחק,56 ","ביה""ס עש אילן רמון שער אחורי","(32.4317598, 34.9251864)"
6500,חדרה,123,"תמנע,2 ","בי""ס ""המשחק""","(32.4279229, 34.9353882)"
6500,חדרה,124,"הנגב,5 ","בי""ס השחף -גבעת אולגה","(32.4406027, 34.8854478)"
6500,חדרה,125,"אדני פז,1 ","בי""ס חופים","(32.43194, 34.8841809)"
6500,חדרה,950,"עולי הגרדום,6 ","בי""ס מוריה -שכ' יצחק","(32.4515505, 34.9008104)"
6500,חדרה,951,הר הנגב,"בי""ס תיכון חדרה-בית אליעזר","(32.4294195, 34.9515628)"
6500,חדרה,990,"שז""ר זלמן,8 ",בית ספר הגורן,"(32.4353631, 34.9119849)"
3643,חיננית,1,חיננית,מועדון לתרבות,
3643,חיננית,2,חיננית,מועדון לתרבות,
1247,חריש,1,"סביון,16 ","בי""ס פרחים","(32.456551, 35.053115)"
1247,חריש,2,"ברקת,13 ","בי""ס תלמי רון","(32.4670203, 35.0448023)"
1247,חריש,3,"רימון,8 ","בי""ס כנפי רוח","(32.4586398, 35.0449691)"
1247,חריש,4,"רימון,8 ","בי""ס כנפי רוח","(32.4586398, 35.0449691)"
1247,חריש,5,"רימון,8 ","בי""ס כנפי רוח","(32.4586398, 35.0449691)"
1247,חריש,6,"ברקת,13 ","בי""ס תלמי רון","(32.4670203, 35.0448023)"
1247,חריש,7,"רימון,8 ","בי""ס כנפי רוח","(32.4586398, 35.0449691)"
1247,חריש,8,"רימון,8 ","בי""ס כנפי רוח","(32.4586398, 35.0449691)"
1247,חריש,9,"ברקת,13 ","בי""ס תלמי רון","(32.4670203, 35.0448023)"
1247,חריש,10,"רימון,8 ","בי""ס כנפי רוח","(32.4586398, 35.0449691)"
1247,חריש,11,"רימון,8 ","בי""ס כנפי רוח","(32.4586398, 35.0449691)"
1247,חריש,12,"ברקת,13 ","בי""ס תלמי רון","(32.4670203, 35.0448023)"
1247,חריש,13,"סביון,16 ","בי""ס פרחים","(32.456551, 35.053115)"
1247,חריש,14,"סביון,16 ","בי""ס פרחים","(32.456551, 35.053115)"
1247,חריש,15,"רימון,8 ","בי""ס כנפי רוח","(32.4586398, 35.0449691)"
1247,חריש,16,"ברקת,13 ","בי""ס תלמי רון","(32.4670203, 35.0448023)"
1247,חריש,17,"סביון,16 ","בי""ס פרחים","(32.456551, 35.053115)"
1247,חריש,18,"סביון,16 ","בי""ס פרחים","(32.456551, 35.053115)"
1247,חריש,19,"ברקת,13 ","בי""ס תלמי רון","(32.4670203, 35.0448023)"
1247,חריש,20,"רימון,8 ","בי""ס כנפי רוח","(32.4586398, 35.0449691)"
1247,חריש,22,"סביון,16 ","בי""ס פרחים","(32.456551, 35.053115)"
1247,חריש,23,"סביון,16 ","בי""ס פרחים","(32.456551, 35.053115)"
1247,חריש,24,"סביון,16 ","בי""ס פרחים","(32.456551, 35.053115)"
1247,חריש,25,"ברקת,13 ","בי""ס תלמי רון","(32.4670203, 35.0448023)"
1247,חריש,26,"סביון,16 ","בי""ס פרחים","(32.456551, 35.053115)"
1247,חריש,27,"סביון,16 ","בי""ס פרחים","(32.456551, 35.053115)"
1247,חריש,990,גמלא,מבנה רב-תכליתי - חריש,"(32.4603881, 35.0430675)"
3717,חרמש,1,חרמש,מזכירות,
310,כפר גליקסון,1,כפר גליקסון,מועדון לחבר,"(32.5046692, 35.0065697)"
189,כפר פינס,1,כפר פינס,מועדון הפיס,
654,כפר קרע,1,אלחווארנה,"מתנ""ס אלחווארנה","(32.505738, 35.045173)"
654,כפר קרע,2,אלחווארנה,"מתנ""ס אלחווארנה","(32.505738, 35.045173)"
654,כפר קרע,3,כפר קרע,חטיבת ביניים א' אבן-סינא,"(32.4951216, 35.0266468)"
654,כפר קרע,4,כפר קרע,מועדון הקשיש אלמתהר,"(32.4951216, 35.0266468)"
654,כפר קרע,5,כפר קרע,גני ילדים אלסנדחאוי,"(32.4951216, 35.0266468)"
654,כפר קרע,6,כפר קרע,"בי""ס תיכון ע""ש אחמד יחיא","(32.4951216, 35.0266468)"
654,כפר קרע,7,כפר קרע,חטיבת ביניים א' אבן-סינא,"(32.4951216, 35.0266468)"
654,כפר קרע,8,כפר קרע,חטיבת ביניים א' אבן-סינא,"(32.4951216, 35.0266468)"
654,כפר קרע,9,אלחווארנה,"מתנ""ס אלחווארנה","(32.505738, 35.045173)"
654,כפר קרע,10,כפר קרע,גני ילדים אלסנדחאוי,"(32.4951216, 35.0266468)"
654,כפר קרע,11,כפר קרע,חטיבת ביינים ב' אלסלאם,"(32.4951216, 35.0266468)"
654,כפר קרע,12,כפר קרע,חטיבת ביינים ב' אלסלאם,"(32.4951216, 35.0266468)"
654,כפר קרע,13,כפר קרע,חטיבת ביינים ב' אלסלאם,"(32.4951216, 35.0266468)"
654,כפר קרע,14,כפר קרע,חטיבת ביניים א' אבן-סינא,"(32.4951216, 35.0266468)"
654,כפר קרע,15,כפר קרע,חטיבת ביניים א' אבן-סינא,"(32.4951216, 35.0266468)"
654,כפר קרע,16,אלחווארנה,"מתנ""ס אלחווארנה","(32.505738, 35.045173)"
654,כפר קרע,17,כפר קרע,"בי""ס תיכון ע""ש אחמד יחיא","(32.4951216, 35.0266468)"
654,כפר קרע,18,אלחווארנה,"מתנ""ס אלחווארנה","(32.505738, 35.045173)"
654,כפר קרע,19,כפר קרע,"בי""ס תיכון ע""ש אחמד יחיא","(32.4951216, 35.0266468)"
654,כפר קרע,20,כפר קרע,"בי""ס תיכון ע""ש אחמד יחיא","(32.4951216, 35.0266468)"
580,"כרם מהר""ל",1,"כרם מהר""ל",בית נוער,"(32.644492, 34.990297)"
715,להבות חביבה,1,להבות חביבה,מועדון לחבר,
2055,מאור,1,מאור,"מועדון- ע""י הצרכניה","(31.826211, 34.653718)"
2055,מאור,2,מאור,"מועדון- ע""י הצרכניה","(31.826211, 34.653718)"
102,מאיר שפיה,1,מאיר שפיה,"מזכירות ביה""ס (חדר מורים)",
3569,מבוא דותן,1,מבוא דותן,בית זמיר - אולם כינוסים,
689,מגדים,1,מגדים,בית העם,"(32.9181224, 35.2947046)"
689,מגדים,2,מגדים,בית העם,"(32.9181224, 35.2947046)"
375,מגל,1,מגל,חדר האוכל,"(32.383889, 35.034093)"
375,מגל,2,מגל,חדר האוכל,"(32.383889, 35.034093)"
1128,מי עמי,1,מי עמי,מועדון,"(32.0451864, 34.7500939)"
649,מייסר,1,מייסר,ביהס היסודי,
649,מייסר,2,מייסר,ביהס היסודי,
694,מעגן מיכאל,1,מעגן מיכאל,מועדון האסם,
694,מעגן מיכאל,2,מעגן מיכאל,מועדון האסם,
694,מעגן מיכאל,3,מעגן מיכאל,מועדון האסם,
290,מעין צבי,1,מעין צבי,מזכירות,
1327,מעלה עירון,1,זלפה,"בי""ס יסודי ממלכתי זלפה","(32.5496207, 35.1812931)"
1327,מעלה עירון,2,זלפה,"בי""ס יסודי ממלכתי זלפה","(32.5496207, 35.1812931)"
1327,מעלה עירון,3,מוצמוץ,בית הספר יסודי ממלכתי,
1327,מעלה עירון,4,מושיירפה,"בי""ס יסודי מושיירפה","(32.5529072, 35.1542803)"
1327,מעלה עירון,5,מושיירפה,"בי""ס יסודי מושיירפה","(32.5529072, 35.1542803)"
1327,מעלה עירון,6,סאלם,"בי""ס יסודי סאלם","(32.541704, 35.202279)"
1327,מעלה עירון,7,מושיירפה,"בי""ס תיכון מקיף מושיירפה","(32.5529072, 35.1542803)"
1327,מעלה עירון,8,מוצמוץ,בית הספר יסודי ממלכתי,
1327,מעלה עירון,9,מוצמוץ,"חט""ב-מוצמוץ (מוצמוץ מזרחית)",
1327,מעלה עירון,10,זלפה,"בי""ס יסודי ממלכתי זלפה","(32.5496207, 35.1812931)"
1327,מעלה עירון,11,מושיירפה,"בי""ס תיכון מקיף מושיירפה","(32.5529072, 35.1542803)"
1327,מעלה עירון,12,זלפה,"בי""ס יסודי ממלכתי זלפה","(32.5496207, 35.1812931)"
1327,מעלה עירון,13,מוצמוץ,"חט""ב-מוצמוץ (מוצמוץ מזרחית)",
1327,מעלה עירון,14,זלפה,"בי""ס יסודי ממלכתי זלפה","(32.5496207, 35.1812931)"
1327,מעלה עירון,15,סאלם,"חט""ב סאלם","(32.541704, 35.202279)"
1327,מעלה עירון,16,מוצמוץ,"חט""ב-מוצמוץ (מוצמוץ מזרחית)",
344,מענית,1,מענית,בית חביבה,
1370,מצפה אילן,1,מצפה אילן,מועדון מצפה - אילן,
648,מצר,1,מצר,מועדון,"(31.790804, 35.244605)"
213,משמרות,1,משמרות,"מועדון חברים (ע""י גן המייסדים)","(32.485377, 34.982325)"
926,נווה אבות,1,נווה אבות,מועדון,
312,נווה ים,1,נווה ים,מזכירות חדשה,"(31.9752183, 34.7955129)"
433,נחשולים,1,נחשולים,מועדון לחבר,"(32.612944, 34.9162874)"
769,ניר עציון,1,"ניר עציון,2 ",מועדון נוף הכרמל,
810,עופר,1,עופר,חדר ישיבות,"(32.623571, 34.981325)"
687,עין איילה,1,עין איילה,מועדון,"(32.628575, 34.946503)"
74,עין הוד,1,עין הוד,מועדון נוער,"(32.69189, 34.999008)"
1320,עין חוד,1,עין חוד,מועדון לנוער (ליד גן הילדים),"(32.69189, 34.999008)"
426,עין כרמל,1,"עין כרמל,1 ",חדר ישיבות חדש,"(32.6775434, 34.9559482)"
223,עין עירון,1,עין עירון,אולם בית העם,"(32.485095, 35.008827)"
139,עין שמר,1,עין שמר,מועדון לחבר,
773,עמיקם,1,עמיקם,מועדון,"(32.56311, 35.018507)"
637,ערערה,1,ערערה,"בי""ס תיכון טכנולוגי","(32.496286, 35.0985)"
637,ערערה,2,ערערה,"בי""ס חטיבת ביניים","(32.496286, 35.0985)"
637,ערערה,3,ערערה,"בי""ס חטיבת ביניים","(32.496286, 35.0985)"
637,ערערה,4,ערערה,"בי""ס חטיבת ביניים","(32.496286, 35.0985)"
637,ערערה,5,ערערה,"בי""ס תיכון טכנולוגי","(32.496286, 35.0985)"
637,ערערה,6,עארה,מועדון פיס קהילתי,"(32.505951, 35.0787582)"
637,ערערה,7,עארה,חטיבת ביניים עארה,"(32.505951, 35.0787582)"
637,ערערה,8,עארה,חטיבת ביניים עארה,"(32.505951, 35.0787582)"
637,ערערה,9,ערערה,אולם ספורט (מרכז פיס),"(32.496286, 35.0985)"
637,ערערה,10,"ערערה,1 ","ביה""ס יסודי אל דהראת","(31.1576711, 35.0130214)"
637,ערערה,11,ערערה,"בי""ס אל-סאלם-יסודי","(32.496286, 35.0985)"
637,ערערה,12,"ערערה,1 ","ביה""ס יסודי אל דהראת","(31.1576711, 35.0130214)"
637,ערערה,13,"ערערה,1 ","ביה""ס יסודי אל דהראת","(31.1576711, 35.0130214)"
637,ערערה,14,עארה,מועדון פיס קהילתי,"(32.505951, 35.0787582)"
637,ערערה,15,ערערה,"בי""ס תיכון טכנולוגי","(32.496286, 35.0985)"
637,ערערה,16,עארה,חטיבת ביניים עארה,"(32.505951, 35.0787582)"
637,ערערה,17,ערערה,"בי""ס תיכון טכנולוגי","(32.496286, 35.0985)"
637,ערערה,18,ערערה,"בי""ס תיכון טכנולוגי","(32.496286, 35.0985)"
637,ערערה,19,ערערה,"בי""ס חטיבת ביניים","(32.496286, 35.0985)"
637,ערערה,20,ערערה,"בי""ס תיכון טכנולוגי","(32.496286, 35.0985)"
53,עתלית,1,"תמירון,1 ","בי""ס משעולים",
53,עתלית,2,"שושנת הים,16 ",מועדון פיס לגיל הזהב,"(32.6863786, 34.943428)"
53,עתלית,3,"הזית,64 ",מועדון (הטורקיז) לנוער,"(32.685107, 34.9410584)"
53,עתלית,4,"החיטה,1 ","בי""ס יסודי גלי-עתלית",
53,עתלית,5,"החיטה,1 ","בי""ס יסודי גלי-עתלית",
53,עתלית,6,"החיטה,1 ","בי""ס יסודי גלי-עתלית",
53,עתלית,7,"שושנת הים,16 ",מועדון פיס לגיל הזהב,"(32.6863786, 34.943428)"
53,עתלית,8,"תמירון,1 ","בי""ס משעולים",
53,עתלית,9,"תמירון,1 ","בי""ס משעולים",
53,עתלית,10,"החיטה,1 ","בי""ס יסודי גלי-עתלית",
537,פוריידיס,1,"פוריידיס,1 ","בי""ס מקיף",
537,פוריידיס,2,פוריידיס,בית הפיס לתרבות (מתנס),"(32.596233, 34.952426)"
537,פוריידיס,3,פוריידיס,בית הפיס לתרבות (מתנס),"(32.596233, 34.952426)"
537,פוריידיס,4,פוריידיס,תיכון מקיף גבעת פוריידיס,"(32.596233, 34.952426)"
537,פוריידיס,5,"פוריידיס,1 ","בי""ס מקיף",
537,פוריידיס,6,"פוריידיס,1 ","בי""ס מקיף",
537,פוריידיס,7,פוריידיס,תיכון מקיף גבעת פוריידיס,"(32.596233, 34.952426)"
537,פוריידיס,8,פוריידיס,תיכון מקיף גבעת פוריידיס,"(32.596233, 34.952426)"
537,פוריידיס,9,פוריידיס,"בי""ס יסודי אל סדיק","(32.596233, 34.952426)"
537,פוריידיס,10,פוריידיס,בית הפיס לתרבות (מתנס),"(32.596233, 34.952426)"
537,פוריידיס,11,"פוריידיס,1 ","ביה""ס אל-שאפעי",
537,פוריידיס,12,"פוריידיס,1 ","ביה""ס אל-שאפעי",
7800,פרדס חנה-כרכור,1,פדויים,"בי""ס ממלכתי מרחבים","(32.4702023, 34.9602659)"
7800,פרדס חנה-כרכור,2,הבוטנים,"בי""ס ישורון","(32.4717547, 34.9697548)"
7800,פרדס חנה-כרכור,3,הבוטנים,"בי""ס ישורון","(32.4717547, 34.9697548)"
7800,פרדס חנה-כרכור,4,ארבל,"בי""ס ממ""ד תורני ""נועם""","(32.4761949, 35.0011158)"
7800,פרדס חנה-כרכור,5,החורש,"בי""ס בגין","(32.4775267, 34.9659786)"
7800,פרדס חנה-כרכור,6,החורש,"בי""ס בגין","(32.4775267, 34.9659786)"
7800,פרדס חנה-כרכור,7,פדויים,"בי""ס ממלכתי מרחבים","(32.4702023, 34.9602659)"
7800,פרדס חנה-כרכור,8,"מצדה,314 ","בי""ס חורב-אגודה","(32.4653617, 34.9615105)"
7800,פרדס חנה-כרכור,9,פדויים,"בי""ס ממלכתי מרחבים","(32.4702023, 34.9602659)"
7800,פרדס חנה-כרכור,10,"הנדיב,1 ","בי""ס ממלכתי אלונים","(32.4843358, 34.971372)"
7800,פרדס חנה-כרכור,11,ברקת,"בי""ס רבין","(32.4645361, 34.9816713)"
7800,פרדס חנה-כרכור,12,דרך הבנים,"בי""ס מקצועי אלישבע","(32.4745162, 34.9720942)"
7800,פרדס חנה-כרכור,13,"הנדיב,1 ","בי""ס ממלכתי אלונים","(32.4843358, 34.971372)"
7800,פרדס חנה-כרכור,14,ארבל,"בי""ס ממ""ד תורני ""נועם""","(32.4761949, 35.0011158)"
7800,פרדס חנה-כרכור,15,ש גאולה,"בי""ס שרת",
7800,פרדס חנה-כרכור,16,"הנדיב,1 ","בי""ס ממלכתי אלונים","(32.4843358, 34.971372)"
7800,פרדס חנה-כרכור,17,ש גאולה,"בי""ס שרת",
7800,פרדס חנה-כרכור,18,דרך הבנים,"בי""ס מקצועי אלישבע","(32.4745162, 34.9720942)"
7800,פרדס חנה-כרכור,19,"מצדה,314 ","בי""ס חורב-אגודה","(32.4653617, 34.9615105)"
7800,פרדס חנה-כרכור,20,"צליל,7 ","ביה""ס ממלכתי מעיינות",
7800,פרדס חנה-כרכור,21,דרך הבנים,"בי""ס מקצועי אלישבע","(32.4745162, 34.9720942)"
7800,פרדס חנה-כרכור,22,"צליל,7 ","ביה""ס ממלכתי מעיינות",
7800,פרדס חנה-כרכור,23,שבזי,"בי""ס ממ""ד מורשה","(32.4704011, 34.986955)"
7800,פרדס חנה-כרכור,24,שבזי,"בי""ס ממ""ד מורשה","(32.4704011, 34.986955)"
7800,פרדס חנה-כרכור,25,"המייסדים,73 ","בי""ס ממלכתי כרכור","(32.4703993, 34.9900527)"
7800,פרדס חנה-כרכור,26,"נחלה,34 ","בי""ס שדות","(32.4736689, 35.001007)"
7800,פרדס חנה-כרכור,27,"נחלה,34 ","בי""ס שדות","(32.4736689, 35.001007)"
7800,פרדס חנה-כרכור,28,שבזי,"בי""ס ממ""ד מורשה","(32.4704011, 34.986955)"
7800,פרדס חנה-כרכור,29,"נחלה,34 ","בי""ס שדות","(32.4736689, 35.001007)"
7800,פרדס חנה-כרכור,30,ברקת,"בי""ס רבין","(32.4645361, 34.9816713)"
7800,פרדס חנה-כרכור,31,"המייסדים,73 ","בי""ס ממלכתי כרכור","(32.4703993, 34.9900527)"
7800,פרדס חנה-כרכור,32,"מצדה,314 ","בי""ס חורב-אגודה","(32.4653617, 34.9615105)"
7800,פרדס חנה-כרכור,33,ש גאולה,"בי""ס שרת",
7800,פרדס חנה-כרכור,34,החורש,"בי""ס בגין","(32.4775267, 34.9659786)"
7800,פרדס חנה-כרכור,35,ארבל,"בי""ס ממ""ד תורני ""נועם""","(32.4761949, 35.0011158)"
7800,פרדס חנה-כרכור,36,"מצדה,314 ","בי""ס חורב-אגודה","(32.4653617, 34.9615105)"
7800,פרדס חנה-כרכור,37,ברקת,"בי""ס רבין","(32.4645361, 34.9816713)"
7800,פרדס חנה-כרכור,38,"הנדיב,1 ","בי""ס ממלכתי אלונים","(32.4843358, 34.971372)"
7800,פרדס חנה-כרכור,39,"מצדה,314 ","בי""ס חורב-אגודה","(32.4653617, 34.9615105)"
7800,פרדס חנה-כרכור,40,הבוטנים,"בי""ס ישורון","(32.4717547, 34.9697548)"
7800,פרדס חנה-כרכור,41,הבוטנים,"בי""ס ישורון","(32.4717547, 34.9697548)"
7800,פרדס חנה-כרכור,42,החורש,"בי""ס בגין","(32.4775267, 34.9659786)"
7800,פרדס חנה-כרכור,43,ארבל,"בי""ס ממ""ד תורני ""נועם""","(32.4761949, 35.0011158)"
7800,פרדס חנה-כרכור,44,"צליל,7 ","ביה""ס ממלכתי מעיינות",
7800,פרדס חנה-כרכור,45,"המייסדים,73 ","בי""ס ממלכתי כרכור","(32.4703993, 34.9900527)"
7800,פרדס חנה-כרכור,46,"צליל,7 ","ביה""ס ממלכתי מעיינות",
7800,פרדס חנה-כרכור,47,"צליל,7 ","ביה""ס ממלכתי מעיינות",
7800,פרדס חנה-כרכור,48,"מצדה,314 ","בי""ס חורב-אגודה","(32.4653617, 34.9615105)"
7800,פרדס חנה-כרכור,49,ש גאולה,"בי""ס שרת",
7800,פרדס חנה-כרכור,50,פדויים,"בי""ס ממלכתי מרחבים","(32.4702023, 34.9602659)"
7800,פרדס חנה-כרכור,51,"צליל,7 ","ביה""ס ממלכתי מעיינות",
7800,פרדס חנה-כרכור,990,"הנדיב,1 ","בי""ס ממלכתי אלונים","(32.4843358, 34.971372)"
612,צרופה,1,"צרופה,1 ",מועדון פיס,
1167,קיסריה,1,"שד רוטשילד,30 ",בית ספר קיסריה-מבנה צפוני,
1167,קיסריה,2,"שד רוטשילד,30 ",בית ספר קיסריה-מבנה צפוני,
1167,קיסריה,3,"שד רוטשילד,30 ",בית ספר קיסריה-מבנה צפוני,
1167,קיסריה,4,"שד רוטשילד,30 ",בית ספר קיסריה-מבנה צפוני,
1167,קיסריה,5,"שד רוטשילד,30 ",בית ספר קיסריה-מבנה דרומי,
1167,קיסריה,6,"שד רוטשילד,30 ",בית ספר קיסריה-מבנה דרומי,
1167,קיסריה,7,"שד רוטשילד,30 ",בית ספר קיסריה-מבנה דרומי,
1167,קיסריה,8,"שד רוטשילד,30 ",בית ספר קיסריה-מבנה דרומי,
1167,קיסריה,9,"שד רוטשילד,30 ",בית ספר קיסריה-מבנה דרומי,
1243,קציר,1,"שד האמירים,55 ","בי""ס יסודי קציר",
1243,קציר,2,"האלה,29 ",מועדון נוער,"(32.4825598, 35.1097701)"
1243,קציר,3,"הארז,1 ",מועדון פיס לגיל הזהב,
1243,קציר,4,"שד האמירים,55 ","בי""ס יסודי קציר",
444,רגבים,1,רגבים,מועדון,"(31.960959, 34.877964)"
3568,ריחן,1,ריחן,מועדון,
2008,שדה יצחק,1,הפיקוס,מזכירות הועד,"(32.4038887, 34.9940966)"
327,שדות ים,1,שדות ים,מועדון מפגש רעים,"(32.4950393, 34.8933036)"
921,שער מנשה,1,שער מנשה,"אולם הרצאות ע""ש בלה שניידר",
3649,שקד,1,שקד,מועדון נוער,"(32.040637, 34.763645)"
2003,תלמי אלעזר,1,תלמי אלעזר,מועדון בית הנוער,"(32.4460377, 34.9730584)"
175,אביחיל,1,אביחיל,מזכירות (חדשה),"(32.3460942, 34.8698799)"
175,אביחיל,2,"הגדוד העברי,12 ",מועדון לחבר,"(32.3461521, 34.8690944)"
182,אבן יהודה,1,"שבזי,1 ","מתנ""ס שבזי בית צהוב","(32.280656, 34.8817124)"
182,אבן יהודה,2,"מכבי,4 ",בית בנימין,"(32.2741078, 34.89345)"
182,אבן יהודה,3,"ההסתדרות,18 ",שרות פסיכולוגי,"(32.2718179, 34.8899871)"
182,אבן יהודה,4,"העצמאות,140 ","בית חינוך בית אב""י","(32.2684353, 34.8837439)"
182,אבן יהודה,5,"הדקל,30 ",סביום - מועדון קשישים,"(32.2710168, 34.8872028)"
182,אבן יהודה,6,"המיסדים,74 ",בית הזהב - מתחת לספריה,"(32.2697414, 34.8857222)"
182,אבן יהודה,7,השרון,גני ילדים הסביון ונופר,"(32.2667347, 34.8862071)"
182,אבן יהודה,8,"שבזי,1 ","מתנ""ס שבזי בית צהוב","(32.280656, 34.8817124)"
182,אבן יהודה,9,"העצמאות,140 ","בית חינוך בית אב""י","(32.2684353, 34.8837439)"
182,אבן יהודה,10,"המיסדים,74 ","ספריה ע""ש ורדה ריכטר","(32.2697414, 34.8857222)"
182,אבן יהודה,11,"השומרון,42 ","בי""ס בכר","(32.2647161, 34.8807745)"
182,אבן יהודה,12,"מכבי,4 ",בית בנימין,"(32.2741078, 34.89345)"
182,אבן יהודה,13,"שבזי,1 ","מתנ""ס שבזי בית צהוב","(32.280656, 34.8817124)"
182,אבן יהודה,14,"העצמאות,140 ","בית חינוך בית אב""י","(32.2684353, 34.8837439)"
182,אבן יהודה,15,השרון,גני ילדים הסביון ונופר,"(32.2667347, 34.8862071)"
182,אבן יהודה,16,"העצמאות,140 ","בית חינוך בית אב""י","(32.2684353, 34.8837439)"
182,אבן יהודה,17,"השומרון,42 ","בי""ס בכר","(32.2647161, 34.8807745)"
182,אבן יהודה,990,"העצמאות,140 ","בית חינוך בית אב""י","(32.2684353, 34.8837439)"
3793,אבני חפץ,1,אבני חפץ,"בי""ס אחיה","(31.8907203, 34.8247454)"
3793,אבני חפץ,2,אבני חפץ,"בי""ס אחיה","(31.8907203, 34.8247454)"
3793,אבני חפץ,3,אבני חפץ,"בי""ס אחיה","(31.8907203, 34.8247454)"
3793,אבני חפץ,4,אבני חפץ,"בי""ס אחיה","(31.8907203, 34.8247454)"
446,אודים,1,אודים,בית המייסדים,
446,אודים,2,אודים,בית המייסדים,
680,אומץ,1,אומץ,בית העם,"(32.367602, 34.989232)"
850,אחיטוב,1,דקלים,בית דני - בית העם,
850,אחיטוב,2,דקלים,בית דני - בית העם,
41,אליכין,1,"השחף,1 ","בי""ס יסודי ממ""ד רמב""ם","(32.4069423, 34.9233603)"
41,אליכין,2,"השחף,1 ","בי""ס יסודי ממ""ד רמב""ם","(32.4069423, 34.9233603)"
41,אליכין,3,"השחף,1 ","בי""ס יסודי ממ""ד רמב""ם","(32.4069423, 34.9233603)"
41,אליכין,4,"השחף,1 ","בי""ס יסודי ממ""ד רמב""ם","(32.4069423, 34.9233603)"
204,אלישיב,1,אלישיב,מרכז תרבות,"(32.343673, 34.873426)"
1324,ארסוף,1,"שפיים,שפיים",משרדי המועצה האזורית חוף השרון,
697,בארותיים,1,בארותיים,מזכירות (בית העם),"(32.3126195, 34.987435)"
698,בורגתה,1,בורגתה,בית העם,
698,בורגתה,2,בורגתה,בית העם,
2043,בחן,1,תמר,מועדון לחבר,"(32.3513574, 35.0185925)"
373,בית הלוי,1,בית הלוי,מועדון לחבר,"(32.350087, 34.92728)"
877,בית חירות,1,בית חירות,מזכירות,
288,בית יהושע,1,"אודם,6 ",ספריה (מזכירות),
288,בית יהושע,2,"שהם,4 ",בית ספר ויצמן,
200,בית ינאי,1,בית ינאי,מזכירות,
326,בית יצחק-שער חפר,1,בית יצחק-שער חפר,בית העם,
326,בית יצחק-שער חפר,2,בית יצחק-שער חפר,בית העם,
326,בית יצחק-שער חפר,3,בית יצחק-שער חפר,גן אורה - ליד בית העם,
252,ביתן אהרן,1,"דרך האילנות,7 ",מזכירות חדר ישיבות,
386,בני דרור,1,חרוב,מועדון לחבר בני דרור,"(32.2592144, 34.9006025)"
386,בני דרור,2,"תאנה,1 ",מועדון נוער (מתחת למזכירות),"(32.2622871, 34.901516)"
418,בני ציון,1,בני ציון,בית העם,"(32.2232441, 34.8663733)"
418,בני ציון,2,בני ציון,בית העם,"(32.2232441, 34.8663733)"
389,בצרה,1,בצרה,בית העם,
389,בצרה,2,בצרה,בית העם,
1361,בת חן,1,בת חן,מזכירות בת חן,"(32.78269, 35.008604)"
1319,בת חפר,1,חלבלוב,"בי""ס שדות-בת חפר","(32.3336298, 35.0110238)"
1319,בת חפר,2,חלבלוב,"בי""ס שדות-בת חפר","(32.3336298, 35.0110238)"
1319,בת חפר,3,חלבלוב,"בי""ס שדות-בת חפר","(32.3336298, 35.0110238)"
1319,בת חפר,4,חלבלוב,"בי""ס שדות-בת חפר","(32.3336298, 35.0110238)"
1319,בת חפר,5,חלבלוב,"בי""ס שדות-בת חפר","(32.3336298, 35.0110238)"
1319,בת חפר,6,חלבלוב,"בי""ס שדות-בת חפר","(32.3336298, 35.0110238)"
872,גאולי תימן,1,הזית,מועדון,"(32.3899993, 34.8991299)"
379,גאולים,1,גאולים,"מועדון ע""י המזכירות","(32.560452, 34.966539)"
2018,גבעת חיים (איחוד),1,גבעת חיים (איחוד),מועדון חברים,"(32.397818, 34.93377)"
2018,גבעת חיים (איחוד),2,גבעת חיים (איחוד),מועדון חברים,"(32.397818, 34.93377)"
173,גבעת חיים (מאוחד),1,גבעת חיים (מאוחד),מועדון,"(32.395183, 34.93315)"
173,גבעת חיים (מאוחד),2,גבעת חיים (מאוחד),מועדון,"(32.395183, 34.93315)"
1077,גבעת שפירא,1,גבעת שפירא,מועדון - מבנה מזכירות,"(32.357652, 34.875291)"
734,גן יאשיה,1,גן יאשיה,חדר מועדון,"(32.354959, 34.997341)"
549,גנות הדר,1,גנות הדר,אולם תרבות,
842,געש,1,געש,מועדון,"(32.2312832, 34.8269425)"
191,הדר עם,1,הדר עם,בית העם,"(32.3472176, 34.8982284)"
377,המעפיל,1,המעפיל,מועדון לחבר,"(31.072024, 35.037986)"
423,העוגן,1,העוגן,מועדון לחבר,"(32.826559, 34.963456)"
1290,זמר,1,"ביר א סכה,1 ",מתחם גני ילדים,
1290,זמר,2,אבתאן,גן חובה - שכונת אבתאן,
1290,זמר,3,"ביר א סכה,1 ",מתחם גני ילדים,
1290,זמר,4,מרג'ה,גן ילדים מרג'ה,"(32.358567, 35.0405606)"
1290,זמר,5,"זמר,1 ",היכל התרבות,
1290,זמר,6,"זמר,1 ",בית ספר יסודי אלנבראס,
1290,זמר,7,"ביר א סכה,1 ",מתחם גני ילדים,
235,חבצלת השרון,1,חבצלת השרון,"גן אלמוגן ע""י המזכירות","(32.360937, 34.8648739)"
205,חגלה,1,חגלה,בית העם,"(32.393459, 34.922599)"
115,חופית,1,"כוכב הים,12 ",מועדון גימלאים,"(32.3842804, 34.8702251)"
219,חיבת ציון,1,חיבת ציון,מועדון לחבר,"(32.079233, 34.825057)"
162,חירות,1,חירות,בית החבר,
162,חירות,2,חירות,בית החבר,
807,חניאל,1,חניאל,בית העם,"(32.331645, 34.949551)"
422,חרב לאת,1,הדולב,מועדון לשעבר - גן רימון,
1024,חרוצים,1,"הרימון,1 ",מועדון הכפר,"(32.2277842, 34.8664981)"
2730,טייבה,1,אלקינה-שכונה מזרחית,"בי""ס יסודי אג'יאל",
2730,טייבה,2,טייבה,"בי""ס חניכים עמל","(32.603881, 35.443679)"
2730,טייבה,3,טייבה,"בי""ס חניכים עמל","(32.603881, 35.443679)"
2730,טייבה,4,טייבה,תפוח פיס טייבה,"(32.603881, 35.443679)"
2730,טייבה,5,טייבה,תפוח פיס טייבה,"(32.603881, 35.443679)"
2730,טייבה,6,טייבה,"בי""ס אבן רושד","(32.603881, 35.443679)"
2730,טייבה,7,טייבה,"בי""ס אבן רושד","(32.603881, 35.443679)"
2730,טייבה,8,טייבה,"בי""ס אבן סינא א'","(32.603881, 35.443679)"
2730,טייבה,9,טייבה,"בי""ס אלזהרא","(32.603881, 35.443679)"
2730,טייבה,10,טייבה,"בי""ס אלזהרא","(32.603881, 35.443679)"
2730,טייבה,11,טייבה,"בי""ס אבן-סינא ב' (אזור צפוני)","(32.603881, 35.443679)"
2730,טייבה,12,טייבה,חטיבת ביניים אלנגאח - מבנה ישן,"(32.603881, 35.443679)"
2730,טייבה,13,טייבה,חטיבת ביניים אלנגאח - מבנה ישן,"(32.603881, 35.443679)"
2730,טייבה,14,טייבה,"בי""ס אבן חלדון","(32.603881, 35.443679)"
2730,טייבה,15,טייבה,"בי""ס אבן-סינא ב' (אזור צפוני)","(32.603881, 35.443679)"
2730,טייבה,16,טייבה,"חט""ב אל אוחווה","(32.603881, 35.443679)"
2730,טייבה,17,טייבה,"בי""ס אבן חלדון","(32.603881, 35.443679)"
2730,טייבה,18,טייבה,"בי""ס אבן רושד","(32.603881, 35.443679)"
2730,טייבה,19,טייבה,"בי""ס אבן סינא א'","(32.603881, 35.443679)"
2730,טייבה,20,טייבה,"בי""ס אל - שעפי","(32.603881, 35.443679)"
2730,טייבה,21,טייבה,"בי""ס אל - שעפי","(32.603881, 35.443679)"
2730,טייבה,22,טייבה,"בי""ס אלבוחארי","(32.603881, 35.443679)"
2730,טייבה,23,טייבה,מכללה טכנולוגית עמל,"(32.603881, 35.443679)"
2730,טייבה,24,טייבה,מכללה טכנולוגית עמל,"(32.603881, 35.443679)"
2730,טייבה,25,טייבה,"בי""ס חט""ב אל-סלאם (אזור מזרח צ","(32.603881, 35.443679)"
2730,טייבה,26,טייבה,"בי""ס חט""ב אל-סלאם (אזור מזרח צ","(32.603881, 35.443679)"
2730,טייבה,27,טייבה,"בי""ס חט""ב אל-סלאם (אזור מזרח צ","(32.603881, 35.443679)"
2730,טייבה,28,טייבה,"בי""ס אבן-סינא ב' (אזור צפוני)","(32.603881, 35.443679)"
2730,טייבה,29,טייבה,"בי""ס אבן-סינא ב' (אזור צפוני)","(32.603881, 35.443679)"
2730,טייבה,30,טייבה,מקיף עתיד אל נאג'ח,"(32.603881, 35.443679)"
2730,טייבה,31,טייבה,מכללה טכנולוגית עמל,"(32.603881, 35.443679)"
2730,טייבה,32,טייבה,חטיבת ביניים אלנגאח - מבנה ישן,"(32.603881, 35.443679)"
2730,טייבה,33,טייבה,"בי""ס אלבוחארי","(32.603881, 35.443679)"
2730,טייבה,34,"טייבה,1 ","מתנ""ס להבה",
2730,טייבה,35,טייבה,"בי""ס אל-חיכמא (שכונה דרומית)","(32.603881, 35.443679)"
2730,טייבה,36,טייבה,"בי""ס אל-חיכמא (שכונה דרומית)","(32.603881, 35.443679)"
2730,טייבה,37,טייבה,"בי""ס אל-חיכמא (שכונה דרומית)","(32.603881, 35.443679)"
2730,טייבה,38,טייבה,"בי""ס אבן רושד","(32.603881, 35.443679)"
2730,טייבה,39,אלקינה-שכונה מזרחית,"בי""ס יסודי אג'יאל",
2730,טייבה,40,טייבה,מקיף עתיד אל נאג'ח,"(32.603881, 35.443679)"
2730,טייבה,41,טייבה,תפוח פיס טייבה,"(32.603881, 35.443679)"
2730,טייבה,42,טייבה,מקיף עתיד אל נאג'ח,"(32.603881, 35.443679)"
2730,טייבה,43,טייבה,"בי""ס אבן חלדון","(32.603881, 35.443679)"
2730,טייבה,44,טייבה,"חט""ב אל אוחווה","(32.603881, 35.443679)"
2730,טייבה,45,טייבה,מכללה טכנולוגית עמל,"(32.603881, 35.443679)"
2720,טירה,1,שכונה מזרחית,"בי""ס יסודי ו",
2720,טירה,2,טירה,"בי""ס אל נאג'ח","(32.2297436, 34.9767324)"
2720,טירה,3,טירה,"ביה""ס אבו זאיד","(32.2297436, 34.9767324)"
2720,טירה,4,טירה,"חט""ב א'","(32.2297436, 34.9767324)"
2720,טירה,5,טירה,"בי""ס אלגזאלי","(32.2297436, 34.9767324)"
2720,טירה,6,טירה,"תיכון ע""ש איברהים קאסם","(32.2297436, 34.9767324)"
2720,טירה,7,טירה,"חט""ב ב'","(32.2297436, 34.9767324)"
2720,טירה,8,טירה,"בי""ס הרב תחומי עמל- טומשין","(32.2297436, 34.9767324)"
2720,טירה,9,טירה,"בי""ס אל זהארה","(32.2297436, 34.9767324)"
2720,טירה,10,טירה,"בי""ס אל זהארה","(32.2297436, 34.9767324)"
2720,טירה,11,טירה,"חט""ב א'","(32.2297436, 34.9767324)"
2720,טירה,12,טירה,"בי""ס אל עמריה","(32.2297436, 34.9767324)"
2720,טירה,13,טירה,"בי""ס אל עמריה","(32.2297436, 34.9767324)"
2720,טירה,14,טירה,"ביה""ס אבו זאיד","(32.2297436, 34.9767324)"
2720,טירה,15,שכונה מזרחית,"בי""ס יסודי ו",
2720,טירה,16,שכונה מזרחית,"בי""ס יסודי ו",
2720,טירה,17,טירה,"חט""ב א'","(32.2297436, 34.9767324)"
2720,טירה,18,טירה,"בי""ס אל זהארה","(32.2297436, 34.9767324)"
2720,טירה,19,טירה,"תיכון ע""ש איברהים קאסם","(32.2297436, 34.9767324)"
2720,טירה,20,טירה,"בי""ס אל עמריה","(32.2297436, 34.9767324)"
2720,טירה,21,טירה,"בי""ס הרב תחומי עמל- טומשין","(32.2297436, 34.9767324)"
2720,טירה,22,טירה,"ביה""ס אבו זאיד","(32.2297436, 34.9767324)"
2720,טירה,23,טירה,"בי""ס הרב תחומי עמל- טומשין","(32.2297436, 34.9767324)"
2720,טירה,24,טירה,"תיכון ע""ש איברהים קאסם","(32.2297436, 34.9767324)"
2720,טירה,25,טירה,"בי""ס אל נאג'ח","(32.2297436, 34.9767324)"
2720,טירה,26,טירה,"חט""ב ב'","(32.2297436, 34.9767324)"
758,יד חנה,1,יד חנה,בית תרבות,"(32.3256124, 35.0068059)"
753,ינוב,1,נתיב הזית,"מועדון ע""י המזכירות","(32.3045, 34.951172)"
1044,יעף,1,"ינשוף,2 ",מועדון,
417,יקום,1,יקום,מועדון לחבר,"(32.2472217, 34.8440858)"
187,כפר הס,1,כפר הס,בית תרבות,"(32.2465659, 34.9348271)"
187,כפר הס,2,כפר הס,בית תרבות,"(32.2465659, 34.9348271)"
217,"כפר הרא""ה",1,"כפר הרא""ה",בית העם,"(32.3922155, 34.9157805)"
217,"כפר הרא""ה",2,"כפר הרא""ה",בית העם,"(32.3922155, 34.9157805)"
190,כפר ויתקין,1,"דרך הכפר,13א",מרכז קהילתי חוף חפר,
190,כפר ויתקין,2,"דרך הכפר,13א",מרכז קהילתי חוף חפר,
193,כפר חיים,1,כפר חיים,מזכירות (חדר ישיבות),"(32.3527843, 34.9025411)"
233,כפר ידידיה,1,כפר ידידיה,בית העם,"(32.3472176, 34.8982284)"
168,כפר יונה,1,"שד מנחם בגין,20 ","המתנ""ס (מרכז קהילתי כפר-יונה)",
168,כפר יונה,2,"נחל פולג,2 ","חט""ב איש שלום","(32.3112417, 34.9303149)"
168,כפר יונה,3,"ההדרים,21 ",מועדון פיס לנוער,
168,כפר יונה,4,"האיריס,3 ",גן גרשון,
168,כפר יונה,5,"הגלעד,1 ",גן מור,
168,כפר יונה,6,"יקינטון,4 ",בית הספר רימון,"(32.3122862, 34.9393082)"
168,כפר יונה,7,"גולני,30 ",גן צנחנים,"(32.3185546, 34.9227104)"
168,כפר יונה,8,"הרצל,1 ",יחידה לקידום נוער,"(32.3190927, 34.9342407)"
168,כפר יונה,9,"סיגלון,1 ",גן דבוניא,"(32.3176272, 34.9297375)"
168,כפר יונה,10,"שרת,8 ",מרכז יום לקשיש,"(32.3178143, 34.9340599)"
168,כפר יונה,11,"נחל פולג,2 ","חט""ב איש שלום","(32.3112417, 34.9303149)"
168,כפר יונה,12,"גבורי ישראל,28 ","בי""ס עמל",
168,כפר יונה,13,ההדרים,מועדון בני עקיבא,
168,כפר יונה,14,"ההדרים,21 ",מועדון פיס לנוער,
168,כפר יונה,15,"גבורי ישראל,28 ","בי""ס עמל",
168,כפר יונה,16,"סיגלון,1 ",גן אלמוגן,"(32.3176272, 34.9297375)"
168,כפר יונה,17,"יקינטון,4 ",בית הספר רימון,"(32.3122862, 34.9393082)"
168,כפר יונה,18,"גבורי ישראל,28 ","בי""ס עמל",
168,כפר יונה,19,"אשל,14 ",גן נעים,"(32.3173898, 34.9267533)"
168,כפר יונה,20,"נחל פולג,2 ","חט""ב איש שלום","(32.3112417, 34.9303149)"
168,כפר יונה,21,"יקינטון,4 ",בית הספר רימון,"(32.3122862, 34.9393082)"
168,כפר יונה,22,"נעמי שמר,1 ","בי""ס יפה נוף","(32.3222314, 34.9359749)"
168,כפר יונה,23,"נעמי שמר,1 ","בי""ס יפה נוף","(32.3222314, 34.9359749)"
168,כפר יונה,24,"גבורי ישראל,28 ","בי""ס עמל",
168,כפר יונה,25,"המשאלות,7 ","בי""ס שרונה","(32.3136587, 34.9443635)"
168,כפר יונה,26,"יקינטון,4 ",בית הספר רימון,"(32.3122862, 34.9393082)"
168,כפר יונה,27,"המשאלות,7 ","בי""ס שרונה","(32.3136587, 34.9443635)"
168,כפר יונה,28,"נעמי שמר,1 ","בי""ס יפה נוף","(32.3222314, 34.9359749)"
168,כפר יונה,29,"הגלעד,1 ",גן ילדים גן בר,
168,כפר יונה,30,"המשאלות,7 ","בי""ס שרונה","(32.3136587, 34.9443635)"
168,כפר יונה,31,"המשאלות,7 ","בי""ס שרונה","(32.3136587, 34.9443635)"
168,כפר יונה,32,"המשאלות,7 ","בי""ס שרונה","(32.3136587, 34.9443635)"
168,כפר יונה,990,"ההדרים,21 ",מועדון פיס לנוער,
170,כפר יעבץ,1,הראשונים,מועדון פיס,
387,כפר מונש,1,כפר מונש,מועדון,"(32.344072, 34.915113)"
316,כפר נטר,1,כפר נטר,בית תרבות,"(32.2734138, 34.8743222)"
1318,מבואות ים,1,מבואות ים,מזכירות,
897,מדרשת רופין,1,מדרשת רופין,מזכירות,
382,מכמורת,1,מכמורת,בית - העם,"(32.40849, 34.876277)"
382,מכמורת,2,מכמורת,בית - העם,"(32.40849, 34.876277)"
197,מעברות,1,מעברות,מועדון הישוב,
197,מעברות,2,מעברות,מועדון הישוב,
194,משמר השרון,1,משמר השרון,בית התרבות,"(32.359588, 34.9017834)"
425,משמרת,1,"משמרת,52 ",מועדון נוער - משמרת,
447,נורדיה,1,"נורדיה,1 ",מרכז נגה,"(32.3170438, 34.8975041)"
447,נורדיה,2,נורדיה,בית תרבות נורדיה,"(32.3170438, 34.8975041)"
447,נורדיה,3,"נורדיה,1 ",מרכז נגה,"(32.3170438, 34.8975041)"
851,ניצני עוז,1,"ערוגות,25 ",מתחם תרבות,"(32.3053866, 35.0061513)"
186,נעורים,1,נעורים,בית בוקלמן,"(31.9873825, 34.8096666)"
7400,נתניה,1,משמר הירדן,"מתנ""ס נוה איתמר","(32.3252515, 34.8748721)"
7400,נתניה,2,"מוריה,5 ",בית חינוך תורני לאומי נועם,"(32.346416, 34.8617852)"
7400,נתניה,3,"אליהו עטיה,4 ","בי""ס ""עוז והדר""","(32.3314178, 34.8662427)"
7400,נתניה,4,"ברכה שמעון,12 ","מתנ""ס נאות הרצל","(32.3338744, 34.8693291)"
7400,נתניה,5,"ברכה שמעון,12 ","מתנ""ס נאות הרצל","(32.3338744, 34.8693291)"
7400,נתניה,6,"ברכה שמעון,12 ",מועדון נאות הרצל-מקלט עילי,"(32.3338744, 34.8693291)"
7400,נתניה,7,אינשטיין,תיכון ש.י. עגנון,"(32.3407659, 34.8697418)"
7400,נתניה,8,"עולי הגרדום,10 ",בר אילן - תיכון בנות,"(32.3266692, 34.8650051)"
7400,נתניה,9,"גליקסון,28 ","בי""ס בית מרגלית","(32.3302353, 34.8680683)"
7400,נתניה,10,"אליהו עטיה,4 ","בי""ס ""עוז והדר""","(32.3314178, 34.8662427)"
7400,נתניה,11,"עולי הגרדום,10 ",בר אילן - תיכון בנות,"(32.3266692, 34.8650051)"
7400,נתניה,12,"ההסתדרות,15 ","בי""ס ישורון","(32.3351363, 34.8558319)"
7400,נתניה,13,"מוריה,5 ",בית חינוך תורני לאומי נועם,"(32.346416, 34.8617852)"
7400,נתניה,14,"מוריה,5 ",בית חינוך תורני לאומי נועם,"(32.346416, 34.8617852)"
7400,נתניה,15,"ז'ילבר,14 ","בי""ס שרת","(32.3435998, 34.8655601)"
7400,נתניה,16,"רבי מאיר,8 ","בי""ס בית חנה קרית צאנז","(32.3439599, 34.8600977)"
7400,נתניה,17,"סוקולוב,25 ","מתנ""ס סוקולוב","(32.342096, 34.8628445)"
7400,נתניה,18,"רייך לאון,4 ","בי""ס נעמי שמר","(32.3406457, 34.857934)"
7400,נתניה,19,"רייך לאון,4 ","בי""ס נעמי שמר","(32.3406457, 34.857934)"
7400,נתניה,20,"יהודה הנשיא,2 ",תלמוד תורה ברקאי,"(32.3383224, 34.8581153)"
7400,נתניה,21,"שרת,21 ","בי""ס אמי""ת אורגד מבנה ראשי","(32.3393386, 34.8630991)"
7400,נתניה,22,טרומפלדור,"בי""ס אמי""ת אורגד - קרוון בחצר","(32.3406928, 34.8637234)"
7400,נתניה,23,טרומפלדור,"בי""ס אמי""ת אורגד - קרוון בחצר","(32.3406928, 34.8637234)"
7400,נתניה,24,"יל""ג,9 ","בי""ס בארי","(32.3357745, 34.8616337)"
7400,נתניה,25,"יהודה הנשיא,2 ",תלמוד תורה ברקאי,"(32.3383224, 34.8581153)"
7400,נתניה,26,"ברנר,6 ",מרכז פיס קהילתי-ישורון,"(32.3350917, 34.8565963)"
7400,נתניה,27,"ההסתדרות,15 ","בי""ס ישורון","(32.3351363, 34.8558319)"
7400,נתניה,28,"יל""ג,9 ","בי""ס בארי","(32.3357745, 34.8616337)"
7400,נתניה,29,"ההסתדרות,15 ","בי""ס ישורון","(32.3351363, 34.8558319)"
7400,נתניה,30,"יל""ג,9 ","בי""ס בארי","(32.3357745, 34.8616337)"
7400,נתניה,31,"ההסתדרות,15 ","בי""ס ישורון","(32.3351363, 34.8558319)"
7400,נתניה,32,"הרב קוק,13 ","גן חב""ד","(32.3314969, 34.8536784)"
7400,נתניה,33,"הרב קוק,18 ",מתחם גנים,"(32.3314028, 34.8539748)"
7400,נתניה,34,"ההסתדרות,15 ","בי""ס ישורון","(32.3351363, 34.8558319)"
7400,נתניה,35,"רזיאל,4 ","מתנ""ס בית יוחנן","(32.3309525, 34.8626682)"
7400,נתניה,36,"ביאליק,17 ","בי""ס ביאליק","(32.3320516, 34.8527146)"
7400,נתניה,37,"ביאליק,17 ","בי""ס ביאליק","(32.3320516, 34.8527146)"
7400,נתניה,38,"יהודה הנשיא,2 ",תלמוד תורה ברקאי,"(32.3383224, 34.8581153)"
7400,נתניה,39,"הרב קוק,8 ",מלון כורש,"(32.3308203, 34.8535885)"
7400,נתניה,40,"הרב קוק,13 ","גן חב""ד","(32.3314969, 34.8536784)"
7400,נתניה,41,"שטמפפר,4 ",מרכז לצעירים - הגג,"(32.3289444, 34.8549497)"
7400,נתניה,42,"הצנחנים,4 ","בי""ס חורב","(32.3246384, 34.8623039)"
7400,נתניה,43,"תל חי,8 ",עיריית נתניה,"(32.3287333, 34.8545673)"
7400,נתניה,44,"שטמפפר,4 ",מרכז לצעירים - הגג,"(32.3289444, 34.8549497)"
7400,נתניה,45,"רזיאל,4 ","מתנ""ס בית יוחנן","(32.3309525, 34.8626682)"
7400,נתניה,46,"יהודה הלוי,35 ","בי""ס ממ""ד תורני תחכמוני","(32.3204923, 34.8569837)"
7400,נתניה,47,"הצנחנים,4 ","בי""ס חורב","(32.3246384, 34.8623039)"
7400,נתניה,48,"אחימאיר,9 ",העמותה לחינוך הבלתי פורמלי,"(32.3211938, 34.8521481)"
7400,נתניה,49,"אחימאיר,9 ",מרכז קהילתי אופק,"(32.3211938, 34.8521481)"
7400,נתניה,50,"שד בן אב""י,28 ","בי""ס יונתן",
7400,נתניה,51,"אחימאיר,9 ",מרכז קהילתי אופק,"(32.3211938, 34.8521481)"
7400,נתניה,52,"רמבה אייזיק,8 ","בי""ס ממ""ד עוזיאל",
7400,נתניה,53,"שד בן אב""י,28 ","בי""ס יונתן",
7400,נתניה,54,"אחימאיר,9 ",העמותה לחינוך הבלתי פורמלי,"(32.3211938, 34.8521481)"
7400,נתניה,55,"יאיר,12 ","בי""ס איתמר","(32.3196195, 34.8533132)"
7400,נתניה,56,"המייסדים,16 ",מועדון לרווחת משפחות שכולות,"(32.3302955, 34.8557786)"
7400,נתניה,57,"יהודה הלוי,35 ","בי""ס ממ""ד תורני תחכמוני","(32.3204923, 34.8569837)"
7400,נתניה,58,"אחימאיר,9 ",העמותה לחינוך הבלתי פורמלי,"(32.3211938, 34.8521481)"
7400,נתניה,59,"שד בן אב""י,28 ","בי""ס יונתן",
7400,נתניה,60,"אחימאיר,9 ",העמותה לחינוך הבלתי פורמלי,"(32.3211938, 34.8521481)"
7400,נתניה,61,"סלומון יואל,2 ",הספריה העירונית,"(32.3330929, 34.8544626)"
7400,נתניה,62,"הגר""א,4 ","בי""ס תיכון טשרניחובסקי","(32.3103968, 34.8574515)"
7400,נתניה,63,"גרונר דב,13 ","בי""ס שורשים","(32.3191818, 34.8596471)"
7400,נתניה,64,"גרונר דב,13 ","בי""ס שורשים","(32.3191818, 34.8596471)"
7400,נתניה,65,"הצנחנים,4 ","בי""ס חורב","(32.3246384, 34.8623039)"
7400,נתניה,66,"לח""י,13 ",בית ספר בית יעקב,"(32.3189495, 34.8646461)"
7400,נתניה,67,"המייסדים,16 ",מועדון לרווחת משפחות שכולות,"(32.3302955, 34.8557786)"
7400,נתניה,68,"חת""ם סופר,9 ","ב""ס תיכון טכנולוגי הדסה","(32.311584, 34.8576861)"
7400,נתניה,69,"גרונר דב,13 ","בי""ס שורשים","(32.3191818, 34.8596471)"
7400,נתניה,70,"חת""ם סופר,9 ","ב""ס תיכון טכנולוגי הדסה","(32.311584, 34.8576861)"
7400,נתניה,71,"ברכה שמעון,12 ",מועדון נאות הרצל-מקלט עילי,"(32.3338744, 34.8693291)"
7400,נתניה,72,"ז'ילבר,14 ","בי""ס שרת","(32.3435998, 34.8655601)"
7400,נתניה,73,"תאשור,2 ","בי""ס ממלכתי ע""ש דבורה עומר","(32.2978704, 34.8762057)"
7400,נתניה,74,קפלן,"בי""ס אלומות","(32.3203663, 34.8829325)"
7400,נתניה,75,"עובדיה אברהם הכהן,33 ",מרכז קהילתי - נאות גנים,
7400,נתניה,76,קפלן,"בי""ס אלומות","(32.3203663, 34.8829325)"
7400,נתניה,77,"לנדאו שמואל,17 ","בי""ס שובו","(32.3116093, 34.8847514)"
7400,נתניה,78,"לנדאו שמואל,17 ","בי""ס שובו","(32.3116093, 34.8847514)"
7400,נתניה,79,"לנדאו שמואל,17 ","בי""ס שובו","(32.3116093, 34.8847514)"
7400,נתניה,80,"אחימאיר,9 ",העמותה לחינוך הבלתי פורמלי,"(32.3211938, 34.8521481)"
7400,נתניה,81,"בעל התניא,8 ",חבד בנים,"(32.294326, 34.853507)"
7400,נתניה,82,"נחום,35 ",מתנס רמת ידין,"(32.3417645, 34.8645444)"
7400,נתניה,83,"מסילות,1 ",מרכז נוער טכנולוגי דתי,"(32.2989665, 34.8604031)"
7400,נתניה,84,"מסילות,1 ",מרכז נוער טכנולוגי דתי,"(32.2989665, 34.8604031)"
7400,נתניה,85,"סיני,1 ","בי""ס ע""ש תמר אריאל","(32.2940122, 34.858411)"
7400,נתניה,86,"נחום,35 ",מתנס רמת ידין,"(32.3417645, 34.8645444)"
7400,נתניה,87,"בעל התניא,8 ",חבד בנים,"(32.294326, 34.853507)"
7400,נתניה,88,"נורדאו,18 ","בי""ס הבית של תמר (יגאל אלון)","(32.2835532, 34.856405)"
7400,נתניה,89,"נורדאו,18 ","בי""ס הבית של תמר (יגאל אלון)","(32.2835532, 34.856405)"
7400,נתניה,90,"נורדאו,18 ","בי""ס הבית של תמר (יגאל אלון)","(32.2835532, 34.856405)"
7400,נתניה,91,"לוין אריה,1 ","בי""ס צליל (נורדאו)","(32.2789679, 34.854871)"
7400,נתניה,92,"סטופ,7 ","בי""ס שזר","(32.2963451, 34.8499694)"
7400,נתניה,93,"אריה לייב יפה,10 ","בי""ס אורות רש""י","(32.2828772, 34.8467105)"
7400,נתניה,94,"בעל התניא,8 ",חבד בנים,"(32.294326, 34.853507)"
7400,נתניה,95,"ויסלברגר,2 ","בי""ס אורט גוטמן",
7400,נתניה,96,"בעל התניא,5 ","בי""ס חב""ד בנות","(32.2942974, 34.8539965)"
7400,נתניה,97,"סטופ,7 ","בי""ס שזר","(32.2963451, 34.8499694)"
7400,נתניה,98,"סטופ,7 ","בי""ס שזר","(32.2963451, 34.8499694)"
7400,נתניה,99,"בעל התניא,5 ","בי""ס חב""ד בנות","(32.2942974, 34.8539965)"
7400,נתניה,100,"חטיבת אלכסנדרוני,1 ","בי""ס ריגלר","(32.3021206, 34.8517956)"
7400,נתניה,101,תנועת נוער ציוני,מתנס נאות שקד-מועדון פיס,
7400,נתניה,102,"אלנקווה אפרים,10 ","בי""ס אמית עמיטל","(32.2946246, 34.8493647)"
7400,נתניה,103,תנועת נוער ציוני,מתנס נאות שקד-מועדון פיס,
7400,נתניה,104,"חטיבת אלכסנדרוני,1 ","בי""ס ריגלר","(32.3021206, 34.8517956)"
7400,נתניה,105,"אלנקווה אפרים,10 ","בי""ס אמית עמיטל","(32.2946246, 34.8493647)"
7400,נתניה,106,"אלנקווה אפרים,10 ","בי""ס אמית עמיטל","(32.2946246, 34.8493647)"
7400,נתניה,107,"חטיבת אלכסנדרוני,8 ","בי""ס ע""ש אילן רמון","(32.3009124, 34.8514611)"
7400,נתניה,108,"שד גולדה מאיר,901 ","בי""ס תיכון אלדד",
7400,נתניה,109,"לוין אריה,1 ","בי""ס צליל (נורדאו)","(32.2789679, 34.854871)"
7400,נתניה,110,"לוין אריה,1 ","בי""ס צליל (נורדאו)","(32.2789679, 34.854871)"
7400,נתניה,111,"אריה לייב יפה,10 ","בי""ס אורות רש""י","(32.2828772, 34.8467105)"
7400,נתניה,112,"שד גולדה מאיר,901 ","בי""ס תיכון אלדד",
7400,נתניה,113,"אריה לייב יפה,10 ","בי""ס אורות רש""י","(32.2828772, 34.8467105)"
7400,נתניה,114,"ויסלברגר,2 ","בי""ס אורט גוטמן",
7400,נתניה,115,"גור מרדכי,4 ","בי""ס ממלכתי ע""ש מנחם בגין","(32.274876, 34.8450022)"
7400,נתניה,116,"יהודה הלוי,35 ","בי""ס ממ""ד תורני תחכמוני","(32.3204923, 34.8569837)"
7400,נתניה,117,"שד בן אב""י,28 ","בי""ס יונתן",
7400,נתניה,118,"הצנחנים,4 ","בי""ס חורב","(32.3246384, 34.8623039)"
7400,נתניה,119,"יהודה הלוי,35 ","בי""ס ממ""ד תורני תחכמוני","(32.3204923, 34.8569837)"
7400,נתניה,120,"יאיר,12 ","בי""ס איתמר","(32.3196195, 34.8533132)"
7400,נתניה,121,"יאיר,12 ","בי""ס איתמר","(32.3196195, 34.8533132)"
7400,נתניה,122,"רמבה אייזיק,8 ","בי""ס ממ""ד עוזיאל",
7400,נתניה,123,"יהודה הלוי,35 ","בי""ס ממ""ד תורני תחכמוני","(32.3204923, 34.8569837)"
7400,נתניה,124,"אחימאיר,9 ",העמותה לחינוך הבלתי פורמלי,"(32.3211938, 34.8521481)"
7400,נתניה,125,"אחימאיר,9 ",מרכז קהילתי אופק,"(32.3211938, 34.8521481)"
7400,נתניה,126,"יל""ג,9 ","בי""ס בארי","(32.3357745, 34.8616337)"
7400,נתניה,127,"שרת,21 ","בי""ס אמי""ת אורגד מבנה ראשי","(32.3393386, 34.8630991)"
7400,נתניה,128,"סוקולוב,25 ","מתנ""ס סוקולוב","(32.342096, 34.8628445)"
7400,נתניה,129,"יל""ג,9 ","בי""ס בארי","(32.3357745, 34.8616337)"
7400,נתניה,130,"רמבה אייזיק,8 ","בי""ס ממ""ד עוזיאל",
7400,נתניה,131,"חת""ם סופר,9 ","ב""ס תיכון טכנולוגי הדסה","(32.311584, 34.8576861)"
7400,נתניה,132,"אליהו עטיה,4 ","בי""ס ""עוז והדר""","(32.3314178, 34.8662427)"
7400,נתניה,133,"סוקולוב,25 ","מתנ""ס סוקולוב","(32.342096, 34.8628445)"
7400,נתניה,134,"יהודה הנשיא,2 ",תלמוד תורה ברקאי,"(32.3383224, 34.8581153)"
7400,נתניה,135,"שרת,21 ","בי""ס אמי""ת אורגד מבנה ראשי","(32.3393386, 34.8630991)"
7400,נתניה,136,"יל""ג,9 ","בי""ס בארי","(32.3357745, 34.8616337)"
7400,נתניה,137,"מקדונלד,7 ",משרדי עמותת גולדשטיין,
7400,נתניה,138,"ביאליק,17 ","בי""ס ביאליק","(32.3320516, 34.8527146)"
7400,נתניה,139,"הרב קוק,18 ",מתחם גנים,"(32.3314028, 34.8539748)"
7400,נתניה,140,"שד בן אב""י,28 ","בי""ס יונתן",
7400,נתניה,141,"ברנר,6 ",מרכז פיס קהילתי-ישורון,"(32.3350917, 34.8565963)"
7400,נתניה,142,"מקדונלד,7 ",משרדי עמותת גולדשטיין,
7400,נתניה,143,"ברנר,6 ",מרכז פיס קהילתי-ישורון,"(32.3350917, 34.8565963)"
7400,נתניה,144,"אחימאיר,9 ",מרכז קהילתי אופק,"(32.3211938, 34.8521481)"
7400,נתניה,145,"רזיאל,4 ","מתנ""ס בית יוחנן","(32.3309525, 34.8626682)"
7400,נתניה,146,"אחימאיר,9 ",מרכז קהילתי אופק,"(32.3211938, 34.8521481)"
7400,נתניה,147,"רייך לאון,4 ","בי""ס נעמי שמר","(32.3406457, 34.857934)"
7400,נתניה,148,"יל""ג,9 ","בי""ס בארי","(32.3357745, 34.8616337)"
7400,נתניה,149,"יהודה הנשיא,2 ",תלמוד תורה ברקאי,"(32.3383224, 34.8581153)"
7400,נתניה,150,"אחימאיר,9 ",העמותה לחינוך הבלתי פורמלי,"(32.3211938, 34.8521481)"
7400,נתניה,151,"חבצלת החוף,3 ","בי""ס רזיאל","(32.285432, 34.8473727)"
7400,נתניה,152,"ויסלברגר,2 ","בי""ס אורט גוטמן",
7400,נתניה,153,"ויסלברגר,2 ","בי""ס אורט גוטמן",
7400,נתניה,154,"בן אליעזר,35 ",מקבץ גנים,"(32.3203853, 34.8577964)"
7400,נתניה,155,"חבצלת החוף,3 ","בי""ס רזיאל","(32.285432, 34.8473727)"
7400,נתניה,156,"חבצלת החוף,3 ","בי""ס רזיאל","(32.285432, 34.8473727)"
7400,נתניה,157,"אריה לייב יפה,10 ","בי""ס אורות רש""י","(32.2828772, 34.8467105)"
7400,נתניה,158,"אריה לייב יפה,10 ","בי""ס אורות רש""י","(32.2828772, 34.8467105)"
7400,נתניה,159,"אריה לייב יפה,10 ","בי""ס אורות רש""י","(32.2828772, 34.8467105)"
7400,נתניה,160,"חבצלת החוף,3 ","בי""ס רזיאל","(32.285432, 34.8473727)"
7400,נתניה,161,"מעפילי אגוז,5 ","בי""ס רימלט","(32.273566, 34.8470173)"
7400,נתניה,162,"גור מרדכי,4 ","בי""ס ממלכתי ע""ש מנחם בגין","(32.274876, 34.8450022)"
7400,נתניה,163,"ויסלברגר,2 ","בי""ס אורט גוטמן",
7400,נתניה,164,"שד גולדה מאיר,901 ","בי""ס תיכון אלדד",
7400,נתניה,165,"הרב קוק,71 ",אולפן בינלאומי,"(32.3376555, 34.8550866)"
7400,נתניה,166,"לנדאו שמואל,17 ","בי""ס שובו","(32.3116093, 34.8847514)"
7400,נתניה,167,"לח""י,13 ",בית ספר בית יעקב,"(32.3189495, 34.8646461)"
7400,נתניה,168,"גרונר דב,13 ","בי""ס שורשים","(32.3191818, 34.8596471)"
7400,נתניה,169,"רמבה אייזיק,8 ","בי""ס ממ""ד עוזיאל",
7400,נתניה,170,"יאיר,12 ","בי""ס איתמר","(32.3196195, 34.8533132)"
7400,נתניה,171,"בעל התניא,5 ","בי""ס חב""ד בנות","(32.2942974, 34.8539965)"
7400,נתניה,172,"יאיר,12 ","בי""ס איתמר","(32.3196195, 34.8533132)"
7400,נתניה,173,"בן אליעזר,35 ",מקבץ גנים,"(32.3203853, 34.8577964)"
7400,נתניה,174,"הצנחנים,4 ","בי""ס חורב","(32.3246384, 34.8623039)"
7400,נתניה,175,"חטיבת אלכסנדרוני,1 ","בי""ס ריגלר","(32.3021206, 34.8517956)"
7400,נתניה,176,"הצנחנים,4 ","בי""ס חורב","(32.3246384, 34.8623039)"
7400,נתניה,177,"מקדונלד,7 ",משרדי עמותת גולדשטיין,
7400,נתניה,178,"הוז דב,3 ","מרכז פיס מתנ""ס אחי ורעי","(32.3368773, 34.8670827)"
7400,נתניה,179,"מקדונלד,7 ",משרדי עמותת גולדשטיין,
7400,נתניה,180,"הרב קוק,71 ",אולפן בינלאומי,"(32.3376555, 34.8550866)"
7400,נתניה,181,"סיני,1 ","בי""ס ע""ש תמר אריאל","(32.2940122, 34.858411)"
7400,נתניה,182,"אליהו עטיה,4 ","בי""ס ""עוז והדר""","(32.3314178, 34.8662427)"
7400,נתניה,183,"בעל התניא,8 ",חבד בנים,"(32.294326, 34.853507)"
7400,נתניה,184,"שטמפפר,4 ",מרכז לצעירים - הגג,"(32.3289444, 34.8549497)"
7400,נתניה,185,"עובדיה אברהם הכהן,33 ",מרכז קהילתי - נאות גנים,
7400,נתניה,186,"אחימאיר,9 ",העמותה לחינוך הבלתי פורמלי,"(32.3211938, 34.8521481)"
7400,נתניה,187,"יהודה הלוי,35 ","בי""ס ממ""ד תורני תחכמוני","(32.3204923, 34.8569837)"
7400,נתניה,188,"חת""ם סופר,9 ","ב""ס תיכון טכנולוגי הדסה","(32.311584, 34.8576861)"
7400,נתניה,189,"חת""ם סופר,9 ","ב""ס תיכון טכנולוגי הדסה","(32.311584, 34.8576861)"
7400,נתניה,190,"הגר""א,4 ","בי""ס תיכון טשרניחובסקי","(32.3103968, 34.8574515)"
7400,נתניה,191,"רייך לאון,4 ","בי""ס נעמי שמר","(32.3406457, 34.857934)"
7400,נתניה,192,"רייך לאון,4 ","בי""ס נעמי שמר","(32.3406457, 34.857934)"
7400,נתניה,193,"רבי מאיר,8 ","בי""ס בית חנה קרית צאנז","(32.3439599, 34.8600977)"
7400,נתניה,194,"שרת,21 ","בי""ס אמי""ת אורגד מבנה ראשי","(32.3393386, 34.8630991)"
7400,נתניה,195,"גליקסון,28 ","בי""ס בית מרגלית","(32.3302353, 34.8680683)"
7400,נתניה,196,"אליהו עטיה,4 ","בי""ס ""עוז והדר""","(32.3314178, 34.8662427)"
7400,נתניה,197,"שרת,21 ","בי""ס אמי""ת אורגד מבנה ראשי","(32.3393386, 34.8630991)"
7400,נתניה,198,"ברכה שמעון,12 ","מתנ""ס נאות הרצל","(32.3338744, 34.8693291)"
7400,נתניה,199,"מוריה,5 ",בית חינוך תורני לאומי נועם,"(32.346416, 34.8617852)"
7400,נתניה,200,"לנדאו שמואל,17 ","בי""ס שובו","(32.3116093, 34.8847514)"
7400,נתניה,201,"לנדאו שמואל,17 ","בי""ס שובו","(32.3116093, 34.8847514)"
7400,נתניה,202,"הזמיר,18 ","בי""ס קרית רבין","(32.3082074, 34.8854871)"
7400,נתניה,203,"הזמיר,18 ","בי""ס קרית רבין","(32.3082074, 34.8854871)"
7400,נתניה,204,"הזמיר,18 ","בי""ס קרית רבין","(32.3082074, 34.8854871)"
7400,נתניה,205,"החינוך העברי,1 ","בי""ס מורשת זבולון","(32.3079457, 34.8776671)"
7400,נתניה,207,"החינוך העברי,1 ","בי""ס מורשת זבולון","(32.3079457, 34.8776671)"
7400,נתניה,208,"מעפילי אגוז,5 ","בי""ס רימלט","(32.273566, 34.8470173)"
7400,נתניה,209,"שד גולדה מאיר,901 ","בי""ס תיכון אלדד",
7400,נתניה,210,"לוין אריה,1 ","בי""ס צליל (נורדאו)","(32.2789679, 34.854871)"
7400,נתניה,211,"גור מרדכי,4 ","בי""ס ממלכתי ע""ש מנחם בגין","(32.274876, 34.8450022)"
7400,נתניה,212,"גור מרדכי,4 ","בי""ס ממלכתי ע""ש מנחם בגין","(32.274876, 34.8450022)"
7400,נתניה,213,"מעפילי אגוז,5 ","בי""ס רימלט","(32.273566, 34.8470173)"
7400,נתניה,214,"מעפילי אגוז,5 ","בי""ס רימלט","(32.273566, 34.8470173)"
7400,נתניה,215,"שמורת נחל שניר,3 ","בי""ס ע""ש אהרון דוידי","(32.288477, 34.8510335)"
7400,נתניה,216,"גור מרדכי,4 ","בי""ס ממלכתי ע""ש מנחם בגין","(32.274876, 34.8450022)"
7400,נתניה,217,"חבצלת החוף,3 ","בי""ס רזיאל","(32.285432, 34.8473727)"
7400,נתניה,218,"מעפילי אגוז,5 ","בי""ס רימלט","(32.273566, 34.8470173)"
7400,נתניה,219,"נורדאו,18 ","בי""ס הבית של תמר (יגאל אלון)","(32.2835532, 34.856405)"
7400,נתניה,220,"יאיר,12 ","בי""ס איתמר","(32.3196195, 34.8533132)"
7400,נתניה,221,"מעפילי אגוז,5 ","בי""ס רימלט","(32.273566, 34.8470173)"
7400,נתניה,222,"מעפילי אגוז,5 ","בי""ס רימלט","(32.273566, 34.8470173)"
7400,נתניה,223,"רזיאל,4 ","מתנ""ס בית יוחנן","(32.3309525, 34.8626682)"
7400,נתניה,224,"ביאליק,17 ","בי""ס ביאליק","(32.3320516, 34.8527146)"
7400,נתניה,225,"ד""ר פרח יהודה,11 ",מרים ילן שטקליס,
7400,נתניה,226,"הרב הרטום שמואל,33 ","בי""ס לאה גולדברג",
7400,נתניה,227,"אשר,5 ",בית ספר הרצוג,"(32.3154373, 34.8552854)"
7400,נתניה,228,"המייסדים,16 ",מועדון לרווחת משפחות שכולות,"(32.3302955, 34.8557786)"
7400,נתניה,229,"הרב הרטום שמואל,37 ","בי""ס ע""ש רועי קליין",
7400,נתניה,230,"החפץ חיים,801 ","בי""ס שלהבות (הרי""ף)","(32.2953873, 34.8453048)"
7400,נתניה,231,"חטיבת אלכסנדרוני,8 ","בי""ס ע""ש אילן רמון","(32.3009124, 34.8514611)"
7400,נתניה,232,"אשר,5 ",בית ספר הרצוג,"(32.3154373, 34.8552854)"
7400,נתניה,233,"ברכה שמעון,12 ","מתנ""ס נאות הרצל","(32.3338744, 34.8693291)"
7400,נתניה,234,"הרב הרטום שמואל,37 ","בי""ס ע""ש רועי קליין",
7400,נתניה,235,"רמבה אייזיק,8 ","בי""ס ממ""ד עוזיאל",
7400,נתניה,236,"סטופ,7 ","בי""ס שזר","(32.2963451, 34.8499694)"
7400,נתניה,237,"שרת,21 ","בי""ס אמי""ת אורגד מבנה ראשי","(32.3393386, 34.8630991)"
7400,נתניה,238,"רמבה אייזיק,8 ","בי""ס ממ""ד עוזיאל",
7400,נתניה,239,"הוז דב,3 ","מרכז פיס מתנ""ס אחי ורעי","(32.3368773, 34.8670827)"
7400,נתניה,240,"רייך לאון,4 ","בי""ס נעמי שמר","(32.3406457, 34.857934)"
7400,נתניה,241,"אלחריזי,25 ",מרכז חברתי לגימלאים,"(32.3132705, 34.8595533)"
7400,נתניה,242,"ז'ילבר,14 ","בי""ס שרת","(32.3435998, 34.8655601)"
7400,נתניה,243,"ד""ר פרח יהודה,11 ",מרים ילן שטקליס,
7400,נתניה,244,"הרב קוק,71 ",אולפן בינלאומי,"(32.3376555, 34.8550866)"
7400,נתניה,245,"שד בן אב""י,28 ","בי""ס יונתן",
7400,נתניה,246,"שד בן אב""י,28 ","בי""ס יונתן",
7400,נתניה,247,"תשרי,10 ","בי""ס תשרי","(32.2970457, 34.8713522)"
7400,נתניה,248,"ברוש,7 ","חט""ב אלתרמן","(32.2989916, 34.8743703)"
7400,נתניה,249,"תשרי,10 ","בי""ס תשרי","(32.2970457, 34.8713522)"
7400,נתניה,250,"ז'ילבר,14 ","בי""ס שרת","(32.3435998, 34.8655601)"
7400,נתניה,251,"הרב הרטום שמואל,37 ","בי""ס ע""ש רועי קליין",
7400,נתניה,252,"תאשור,2 ","בי""ס ממלכתי ע""ש דבורה עומר","(32.2978704, 34.8762057)"
7400,נתניה,253,"החינוך העברי,1 ","בי""ס מורשת זבולון","(32.3079457, 34.8776671)"
7400,נתניה,254,"ברמן בני,4 ","ביה""ס חיים חפר","(32.2821335, 34.8445242)"
7400,נתניה,255,"אשר,5 ",בית ספר הרצוג,"(32.3154373, 34.8552854)"
7400,נתניה,256,"ד""ר פרח יהודה,11 ",מרים ילן שטקליס,
7400,נתניה,257,"חת""ם סופר,9 ","ב""ס תיכון טכנולוגי הדסה","(32.311584, 34.8576861)"
7400,נתניה,258,"ברוש,7 ","חט""ב אלתרמן","(32.2989916, 34.8743703)"
7400,נתניה,259,"ברמן בני,4 ","ביה""ס חיים חפר","(32.2821335, 34.8445242)"
7400,נתניה,260,"מעפילי אגוז,5 ","בי""ס רימלט","(32.273566, 34.8470173)"
7400,נתניה,261,"הזמיר,18 ","בי""ס קרית רבין","(32.3082074, 34.8854871)"
7400,נתניה,262,"הרב הרטום שמואל,33 ","בי""ס לאה גולדברג",
7400,נתניה,263,"שד בן אב""י,28 ","בי""ס יונתן",
7400,נתניה,264,"חטיבת אלכסנדרוני,8 ","בי""ס ע""ש אילן רמון","(32.3009124, 34.8514611)"
7400,נתניה,265,"הדקל,10 ","בי""ס ממלכתי ע""ש שימרית אור","(32.3014889, 34.8748667)"
7400,נתניה,266,"הדקל,10 ","בי""ס ממלכתי ע""ש שימרית אור","(32.3014889, 34.8748667)"
7400,נתניה,267,"שמורת נחל שניר,3 ","בי""ס ע""ש אהרון דוידי","(32.288477, 34.8510335)"
7400,נתניה,268,"הגר""א,4 ","בי""ס תיכון טשרניחובסקי","(32.3103968, 34.8574515)"
7400,נתניה,269,"ברמן בני,4 ","ביה""ס חיים חפר","(32.2821335, 34.8445242)"
7400,נתניה,270,"שמורת נחל שניר,3 ","בי""ס ע""ש אהרון דוידי","(32.288477, 34.8510335)"
7400,נתניה,271,"ברמן בני,4 ","ביה""ס חיים חפר","(32.2821335, 34.8445242)"
7400,נתניה,272,"אלחריזי,25 ",מרכז חברתי לגימלאים,"(32.3132705, 34.8595533)"
7400,נתניה,273,"ברמן בני,4 ","ביה""ס חיים חפר","(32.2821335, 34.8445242)"
7400,נתניה,274,"החפץ חיים,801 ","בי""ס שלהבות (הרי""ף)","(32.2953873, 34.8453048)"
7400,נתניה,275,"לח""י,13 ",בית ספר בית יעקב,"(32.3189495, 34.8646461)"
7400,נתניה,276,"שמורת נחל שניר,3 ","בי""ס ע""ש אהרון דוידי","(32.288477, 34.8510335)"
7400,נתניה,277,"הגר""א,4 ","בי""ס תיכון טשרניחובסקי","(32.3103968, 34.8574515)"
7400,נתניה,278,"ברמן בני,8 ","בי""ס חיים גורי","(32.2805137, 34.845425)"
7400,נתניה,279,"הדקל,10 ","בי""ס ממלכתי ע""ש שימרית אור","(32.3014889, 34.8748667)"
7400,נתניה,280,"שמורת נחל שניר,3 ","בי""ס ע""ש אהרון דוידי","(32.288477, 34.8510335)"
7400,נתניה,281,"ברמן בני,8 ","בי""ס חיים גורי","(32.2805137, 34.845425)"
7400,נתניה,282,"שמורת נחל שניר,3 ","בי""ס ע""ש אהרון דוידי","(32.288477, 34.8510335)"
7400,נתניה,283,"חטיבת אלכסנדרוני,8 ","בי""ס ע""ש אילן רמון","(32.3009124, 34.8514611)"
7400,נתניה,284,"הרב קוק,8 ",מלון כורש,"(32.3308203, 34.8535885)"
7400,נתניה,285,"הרב קוק,71 ",אולפן בינלאומי,"(32.3376555, 34.8550866)"
7400,נתניה,286,"שמורת נחל שניר,3 ","בי""ס ע""ש אהרון דוידי","(32.288477, 34.8510335)"
7400,נתניה,287,"החפץ חיים,801 ","בי""ס שלהבות (הרי""ף)","(32.2953873, 34.8453048)"
7400,נתניה,288,"הרב הרטום שמואל,33 ","בי""ס לאה גולדברג",
7400,נתניה,289,"הרב קוק,71 ",אולפן בינלאומי,"(32.3376555, 34.8550866)"
7400,נתניה,290,"שד בן אב""י,28 ","בי""ס יונתן",
7400,נתניה,291,"אליהו עטיה,4 ","בי""ס ""עוז והדר""","(32.3314178, 34.8662427)"
7400,נתניה,292,"לח""י,13 ",בית ספר בית יעקב,"(32.3189495, 34.8646461)"
7400,נתניה,293,"ברמן בני,8 ","בי""ס חיים גורי","(32.2805137, 34.845425)"
7400,נתניה,294,"תשרי,10 ","בי""ס תשרי","(32.2970457, 34.8713522)"
7400,נתניה,295,"גרונר דב,13 ","בי""ס שורשים","(32.3191818, 34.8596471)"
7400,נתניה,296,"ברמן בני,8 ","בי""ס חיים גורי","(32.2805137, 34.845425)"
7400,נתניה,297,"חטיבת אלכסנדרוני,1 ","בי""ס ריגלר","(32.3021206, 34.8517956)"
7400,נתניה,298,"ברמן בני,4 ","ביה""ס חיים חפר","(32.2821335, 34.8445242)"
7400,נתניה,299,"חטיבת אלכסנדרוני,8 ","בי""ס ע""ש אילן רמון","(32.3009124, 34.8514611)"
7400,נתניה,300,"מקדונלד,7 ",משרדי עמותת גולדשטיין,
7400,נתניה,301,"שמורת נחל שניר,3 ","בי""ס ע""ש אהרון דוידי","(32.288477, 34.8510335)"
7400,נתניה,302,"ברמן בני,8 ","בי""ס חיים גורי","(32.2805137, 34.845425)"
7400,נתניה,303,"הרב קוק,71 ",אולפן בינלאומי,"(32.3376555, 34.8550866)"
7400,נתניה,304,"ברנר,6 ",מרכז פיס קהילתי-ישורון,"(32.3350917, 34.8565963)"
7400,נתניה,305,"החפץ חיים,801 ","בי""ס שלהבות (הרי""ף)","(32.2953873, 34.8453048)"
7400,נתניה,950,קפלן,"בי""ס אלומות","(32.3203663, 34.8829325)"
7400,נתניה,951,"לוין אריה,1 ","בי""ס צליל (נורדאו)","(32.2789679, 34.854871)"
7400,נתניה,952,"החפץ חיים,801 ","בי""ס שלהבות (הרי""ף)","(32.2953873, 34.8453048)"
7400,נתניה,953,קפלן,"בי""ס אלומות","(32.3203663, 34.8829325)"
7400,נתניה,954,"ברמן בני,4 ","ביה""ס חיים חפר","(32.2821335, 34.8445242)"
7400,נתניה,955,"שמורת נחל שניר,3 ","בי""ס ע""ש אהרון דוידי","(32.288477, 34.8510335)"
7400,נתניה,956,"החפץ חיים,801 ","בי""ס שלהבות (הרי""ף)","(32.2953873, 34.8453048)"
7400,נתניה,957,"החפץ חיים,801 ","בי""ס שלהבות (הרי""ף)","(32.2953873, 34.8453048)"
7400,נתניה,958,"יהודה הנשיא,2 ",תלמוד תורה ברקאי,"(32.3383224, 34.8581153)"
7400,נתניה,959,"סטופ,7 ","בי""ס שזר","(32.2963451, 34.8499694)"
7400,נתניה,990,"לח""י,13 ",בית ספר בית יעקב,"(32.3189495, 34.8646461)"
737,עולש,1,עולש,בית החבר,
737,עולש,2,עולש,בית החבר,
837,עזריאל,1,עזריאל,מועדון נוער,"(32.0503757, 34.8164737)"
167,עין החורש,1,עין החורש,מועדון לחבר,
157,עין ורד,1,עין ורד,מועדון לחבר,"(32.2644613, 34.9318269)"
157,עין ורד,2,עין ורד,מועדון לחבר,"(32.2644613, 34.9318269)"
880,עין שריד,1,"זמיר,12 ",מועדון הנוער,"(32.2742646, 34.9357606)"
880,עין שריד,2,"זמיר,12 ",מועדון הנוער,"(32.2742646, 34.9357606)"
3712,ענב,1,ענב,מועדון,
767,פורת,1,פורת,מועדון נוער פורת,"(32.2774198, 34.9473147)"
767,פורת,2,פורת,מועדון נוער פורת,"(32.2774198, 34.9473147)"
171,פרדסיה,1,שבזי שלום,מועדון אפרסק,"(32.3027145, 34.9134187)"
171,פרדסיה,2,"החרצית,11 ",ספריית בית טלי,"(32.3049701, 34.9109723)"
171,פרדסיה,3,"רמב""ם,35 ","בי""ס תפוז",
171,פרדסיה,4,"החרצית,11 ",ספריית בית טלי,"(32.3049701, 34.9109723)"
171,פרדסיה,5,"רמב""ם,35 ","בי""ס תפוז",
171,פרדסיה,6,"הרימון,17 ",מועדון פיס קהילתי,"(32.3062722, 34.9066038)"
171,פרדסיה,7,"רמב""ם,36 ","אולם ספורט-מול בי""ס",
171,פרדסיה,8,"הרימון,17 ",מועדון פיס קהילתי,"(32.3062722, 34.9066038)"
171,פרדסיה,9,"החרצית,11 ",ספריית בית טלי,"(32.3049701, 34.9109723)"
171,פרדסיה,10,"הרימון,17 ",מועדון פיס קהילתי,"(32.3062722, 34.9066038)"
1102,צוקי ים,1,צוקי ים,גן יובלים,
276,צור משה,1,"השיבולים,5 ",בית העם,"(32.3018505, 34.9121229)"
276,צור משה,2,הפרדסים,מועדון הנוער החדש,"(32.2988666, 34.9054393)"
276,צור משה,3,"השיבולים,5 ",בית העם,"(32.3018505, 34.9121229)"
195,קדימה-צורן,1,"הורדים,36 ","בי""ס ניצני השרון","(32.269572, 34.9162133)"
195,קדימה-צורן,2,קורצ'ק,"בי""ס ע""ש יגאל אלון","(32.2758847, 34.9093699)"
195,קדימה-צורן,3,"הגולן,12 ",מתחם גנים תות וחצב,"(32.2790809, 34.9145512)"
195,קדימה-צורן,4,"ההסתדרות,3 ","בי""ס ממ""ד אור תורה","(32.2707617, 34.912619)"
195,קדימה-צורן,5,קורצ'ק,"בי""ס ע""ש יגאל אלון","(32.2758847, 34.9093699)"
195,קדימה-צורן,6,"הרצל,38 ",מפעל מוגן,"(32.2832584, 34.903655)"
195,קדימה-צורן,7,"ההסתדרות,3 ","בי""ס ממ""ד אור תורה","(32.2707617, 34.912619)"
195,קדימה-צורן,8,"הורדים,36 ","בי""ס ניצני השרון","(32.269572, 34.9162133)"
195,קדימה-צורן,9,"הורדים,36 ","בי""ס ניצני השרון","(32.269572, 34.9162133)"
195,קדימה-צורן,10,"הורדים,57 ","בי""ס תיכון עודד","(32.2706283, 34.9186552)"
195,קדימה-צורן,11,"חנקין,60 ",גן ברוש (ברכה לפיד),"(32.2833714, 34.9179381)"
195,קדימה-צורן,12,קורצ'ק,"בי""ס ע""ש יגאל אלון","(32.2758847, 34.9093699)"
195,קדימה-צורן,13,"דרך לב השרון צורן,1 ","מתנ""ס צורן",
195,קדימה-צורן,14,"הגולן,12 ",מתחם גנים תות וחצב,"(32.2790809, 34.9145512)"
195,קדימה-צורן,15,"ההסתדרות,3 ","בי""ס ממ""ד אור תורה","(32.2707617, 34.912619)"
195,קדימה-צורן,16,"הרצל,38 ",מפעל מוגן,"(32.2832584, 34.903655)"
195,קדימה-צורן,101,"דרך לב השרון צורן,2 ","ביה""ס לב-רן",
195,קדימה-צורן,102,"דרך לב השרון צורן,2 ","ביה""ס לב-רן",
195,קדימה-צורן,103,"דרך לב השרון צורן,2 ","ביה""ס לב-רן",
195,קדימה-צורן,104,"דרך לב השרון צורן,2 ","ביה""ס לב-רן",
195,קדימה-צורן,105,"ההדרים צורן,143 ",מועדון גימלאים - צורן,"(32.2891396, 34.9473544)"
195,קדימה-צורן,106,"שושנת העמקים צורן,1 ",מתחם גני ילדים לילך ונופר,"(32.2937393, 34.9376796)"
195,קדימה-צורן,107,"דרך לב השרון צורן,2 ","ביה""ס לב-רן",
195,קדימה-צורן,108,"שושנת העמקים צורן,1 ",מתחם גני ילדים לילך ונופר,"(32.2937393, 34.9376796)"
195,קדימה-צורן,990,"חנקין,60 ",גן ברוש (ברכה לפיד),"(32.2833714, 34.9179381)"
638,קלנסווה,1,"קלנסווה,2 ","ביה""ס טומשין מ.ראשי כ.מזרחית",
638,קלנסווה,2,קלנסווה,"בי""ס אבן רושד","(32.284877, 34.987684)"
638,קלנסווה,3,קלנסווה,תיכון מקיף (עמל- עתיד לשעבר),"(32.284877, 34.987684)"
638,קלנסווה,4,קלנסווה,"בי""ס אלחיטב","(32.284877, 34.987684)"
638,קלנסווה,5,קלנסווה,"בי""ס השלום - אלסלאם","(32.284877, 34.987684)"
638,קלנסווה,6,"קלנסווה,1 ","ביה""ס אלזהראא",
638,קלנסווה,7,קלנסווה,"בי""ס חט""ב אבן סינא","(32.284877, 34.987684)"
638,קלנסווה,8,"קלנסווה,2 ","ביה""ס טומשין מ.ראשי כ.מזרחית",
638,קלנסווה,9,קלנסווה,"בי""ס אבן רושד","(32.284877, 34.987684)"
638,קלנסווה,10,קלנסווה,"בי""ס אל רשידיה","(32.284877, 34.987684)"
638,קלנסווה,11,קלנסווה,תיכון מקיף (עמל- עתיד לשעבר),"(32.284877, 34.987684)"
638,קלנסווה,12,"קלנסווה,1 ","בי""ס חט""ב אל-ואליד",
638,קלנסווה,13,קלנסווה,"בי""ס אלחיטב","(32.284877, 34.987684)"
638,קלנסווה,14,קלנסווה,"בי""ס השלום - אלסלאם","(32.284877, 34.987684)"
638,קלנסווה,15,קלנסווה,"בי""ס חט""ב אבן סינא","(32.284877, 34.987684)"
638,קלנסווה,16,"קלנסווה,1 ","בי""ס חט""ב אל-ואליד",
638,קלנסווה,17,קלנסווה,"בי""ס השלום - אלסלאם","(32.284877, 34.987684)"
638,קלנסווה,18,קלנסווה,"בי""ס אל רשידיה","(32.284877, 34.987684)"
638,קלנסווה,19,קלנסווה,בית ספר אל שעפי,"(32.284877, 34.987684)"
638,קלנסווה,20,קלנסווה,בית ספר אל שעפי,"(32.284877, 34.987684)"
638,קלנסווה,21,"קלנסווה,1 ","ביה""ס אלזהראא",
412,קרית שלמה,1,קרית שלמה,מזכירות,"(32.005183, 34.786298)"
247,רשפון,1,"הפרחים,28 ",מועדון לחבר,"(32.1994071, 34.8236815)"
247,רשפון,2,"הפרחים,28 ",מועדון לחבר,"(32.1994071, 34.8236815)"
3571,שבי שומרון,1,שבי שומרון,מרכז קהילתי שבי שומרון,
224,שושנת העמקים,1,"האשל,1 ",מועדון נוער,
661,שער אפרים,1,שער אפרים,מתחם המזכירות,
661,שער אפרים,2,שער אפרים,מתחם המזכירות,
232,שפיים,1,שפיים,מועדון לחבר,"(32.2143839, 34.8205207)"
232,שפיים,2,שפיים,מועדון לחבר,"(32.2143839, 34.8205207)"
287,תל יצחק,1,תל יצחק,בית גד,"(32.074579, 34.798057)"
154,תל מונד,1,"הדקל,64 ","בי""ס שלנו","(32.2484512, 34.9141199)"
154,תל מונד,2,"השקמה,5 ","בי""ס ממ""ד אור תורה","(32.2574947, 34.9168845)"
154,תל מונד,3,"החצב,1 ","ביה""ס נוף ילדות","(32.2522033, 34.9138018)"
154,תל מונד,4,"הדקל,109 ",מועדון פיס לקשיש,"(32.2484173, 34.9141136)"
154,תל מונד,5,"הדקל,31 ","מתנ""ס תל מונד","(32.2573654, 34.9210273)"
154,תל מונד,6,"החצב,1 ","ביה""ס נוף ילדות","(32.2522033, 34.9138018)"
154,תל מונד,7,"הדקל,64 ","בי""ס שלנו","(32.2484512, 34.9141199)"
154,תל מונד,8,"הדקל,64 ","בי""ס שלנו","(32.2484512, 34.9141199)"
154,תל מונד,9,"הדקל,31 ","מתנ""ס תל מונד","(32.2573654, 34.9210273)"
154,תל מונד,10,"החצב,1 ","ביה""ס נוף ילדות","(32.2522033, 34.9138018)"
154,תל מונד,11,"השקמה,5 ","בי""ס ממ""ד אור תורה","(32.2574947, 34.9168845)"
154,תל מונד,12,"החצב,1 ","ביה""ס נוף ילדות","(32.2522033, 34.9138018)"
154,תל מונד,13,"החצב,1 ","ביה""ס נוף ילדות","(32.2522033, 34.9138018)"
154,תל מונד,14,"הדקל,64 ","בי""ס שלנו","(32.2484512, 34.9141199)"
154,תל מונד,15,"הדקל,31 ","מתנ""ס תל מונד","(32.2573654, 34.9210273)"
154,תל מונד,16,"הדקל,109 ",מועדון פיס לקשיש,"(32.2484173, 34.9141136)"
154,תל מונד,17,"החצב,1 ","ביה""ס נוף ילדות","(32.2522033, 34.9138018)"
2002,תנובות,1,תנובות,מזכירות-בית הועד,"(32.31247, 34.964671)"
1309,אלעד,1,"רבי טרפון,1 ","בי""ס בית מרגלית","(32.048419, 34.9478359)"
1309,אלעד,2,"חוני המעגל,32 ","בי""ס בית יעקב","(32.0526391, 34.9500888)"
1309,אלעד,3,"שמאי,20 ",ישיבה תיכונית ראשית חוכמה,"(32.0488389, 34.9493161)"
1309,אלעד,4,"חוני המעגל,32 ","בי""ס בית יעקב","(32.0526391, 34.9500888)"
1309,אלעד,5,"רבן יוחנן בן זכאי,10 ",אולפנת נחלה דרכא,"(32.0471492, 34.959084)"
1309,אלעד,6,"אבן גבירול,1 ","בי""ס איילים (בנות)","(32.0538882, 34.9584417)"
1309,אלעד,7,"רבן יוחנן בן זכאי,2 ","בי""ס איילים (בנים)","(32.0469893, 34.9590242)"
1309,אלעד,8,"רבי טרפון,1 ","בי""ס בית מרגלית","(32.048419, 34.9478359)"
1309,אלעד,9,"רבי יונתן בן עוזיאל,19 ",סמינר ויז'ניץ,
1309,אלעד,10,"רבי יונתן בן עוזיאל,19 ",סמינר ויז'ניץ,
1309,אלעד,11,"שמעון הצדיק,24 ","בי""ס חב""ד בנות","(32.0467722, 34.9636154)"
1309,אלעד,12,"רבי יונתן בן עוזיאל,19 ",סמינר ויז'ניץ,
1309,אלעד,13,"רבי יונתן בן עוזיאל,19 ",סמינר ויז'ניץ,
1309,אלעד,14,"רבי יהושע,3 ","בי""ס בית מרגלית החדש","(32.0560234, 34.9580433)"
1309,אלעד,15,"אבן גבירול,1 ","בי""ס איילים (בנות)","(32.0538882, 34.9584417)"
1309,אלעד,16,"אבן גבירול,1 ","בי""ס איילים (בנות)","(32.0538882, 34.9584417)"
1309,אלעד,17,"שמעון הצדיק,24 ","בי""ס חב""ד בנות","(32.0467722, 34.9636154)"
1309,אלעד,18,"רבן יוחנן בן זכאי,2 ","בי""ס איילים (בנים)","(32.0469893, 34.9590242)"
1309,אלעד,19,"שמאי,20 ",ישיבה תיכונית ראשית חוכמה,"(32.0488389, 34.9493161)"
1309,אלעד,20,"רבי יהושע,3 ","בי""ס בית מרגלית החדש","(32.0560234, 34.9580433)"
1309,אלעד,21,"המאירי,3 ","בי""ס כלל חסידי בית יעקב","(32.0516754, 34.966119)"
1309,אלעד,22,"המאירי,3 ","בי""ס כלל חסידי בית יעקב","(32.0516754, 34.966119)"
1309,אלעד,23,"רבי יהושע,3 ","בי""ס בית מרגלית החדש","(32.0560234, 34.9580433)"
1309,אלעד,24,"אבן גבירול,1 ","בי""ס איילים (בנות)","(32.0538882, 34.9584417)"
1309,אלעד,25,"חוני המעגל,32 ","בי""ס בית יעקב","(32.0526391, 34.9500888)"
1309,אלעד,26,"שמעון הצדיק,24 ","בי""ס חב""ד בנות","(32.0467722, 34.9636154)"
1309,אלעד,27,"רבי חייא,5 ",בית יעקב חסידי,"(32.0495219, 34.963603)"
1309,אלעד,28,"רבי יהושע,3 ","בי""ס בית מרגלית החדש","(32.0560234, 34.9580433)"
1309,אלעד,29,"רבי יונתן בן עוזיאל,19 ",סמינר ויז'ניץ,
1309,אלעד,30,"רבן יוחנן בן זכאי,2 ","בי""ס איילים (בנים)","(32.0469893, 34.9590242)"
1309,אלעד,31,"רבי יהושע,3 ","בי""ס בית מרגלית החדש","(32.0560234, 34.9580433)"
1309,אלעד,32,"רבי חייא,5 ",בית יעקב חסידי,"(32.0495219, 34.963603)"
1309,אלעד,33,"רבי טרפון,1 ","בי""ס בית מרגלית","(32.048419, 34.9478359)"
1309,אלעד,34,"אבן גבירול,1 ","בי""ס איילים (בנות)","(32.0538882, 34.9584417)"
1309,אלעד,35,"רבן יוחנן בן זכאי,10 ",אולפנת נחלה דרכא,"(32.0471492, 34.959084)"
1309,אלעד,36,"רבי יונתן בן עוזיאל,19 ",סמינר ויז'ניץ,
1309,אלעד,37,"המאירי,3 ","בי""ס כלל חסידי בית יעקב","(32.0516754, 34.966119)"
1309,אלעד,38,"שמעון הצדיק,24 ","בי""ס חב""ד בנות","(32.0467722, 34.9636154)"
450,בארות יצחק,1,בארות יצחק,מועדון החבר הותיק,
448,בני עטרות,1,בני עטרות,מועדון בני עטרות,
2038,ברקת,1,התאנה,בית העם,"(32.0175653, 34.9438184)"
2038,ברקת,2,התאנה,בית העם,"(32.0175653, 34.9438184)"
870,גבעת השלושה,1,גבעת השלושה,מועדון תרבות,
802,"גבעת כ""ח",1,"גבעת כ""ח",מועדון/מרפאה,
681,גבעת שמואל,1,"רחבת אילן,20 ","בי""ס ממלכתי בן גוריון","(32.0709807, 34.8464575)"
681,גבעת שמואל,2,"נימרובר,1 ","בי""ס אלון חטיבה בוגרת","(32.0772183, 34.8481914)"
681,גבעת שמואל,3,"נחום,1 ","מתנ""ס גבעת שמואל","(32.0788823, 34.8500065)"
681,גבעת שמואל,4,"יהודה הלוי,39 ",בית העם,"(32.0810521, 34.8486085)"
681,גבעת שמואל,5,"הנשיא,12 ",גן דובדבן- ליד בית כנסת בית אל,"(32.0804782, 34.8538314)"
681,גבעת שמואל,6,"יהודה הלוי,39 ",בית העם,"(32.0810521, 34.8486085)"
681,גבעת שמואל,7,"הרימון,1 ","בי""ס ממ""ד ע""ש מנחם בגין","(32.0830084, 34.8505004)"
681,גבעת שמואל,8,"רחבת אילן,20 ","בי""ס ממלכתי בן גוריון","(32.0709807, 34.8464575)"
681,גבעת שמואל,9,"רחבת אילן,20 ","בי""ס ממלכתי בן גוריון","(32.0709807, 34.8464575)"
681,גבעת שמואל,10,"נימרובר,1 ","בי""ס אלון חטיבה בוגרת","(32.0772183, 34.8481914)"
681,גבעת שמואל,11,"בגין מנחם,2 ","אולפנא אמי""ת","(32.0739504, 34.8535265)"
681,גבעת שמואל,12,"רחבת אילן,20 ","בי""ס ממלכתי בן גוריון","(32.0709807, 34.8464575)"
681,גבעת שמואל,13,"נחום,1 ","מתנ""ס גבעת שמואל","(32.0788823, 34.8500065)"
681,גבעת שמואל,14,"נימרובר,1 ","בי""ס אלון חטיבה בוגרת","(32.0772183, 34.8481914)"
681,גבעת שמואל,15,"ביאליק,59 ","בי""ס ממ""ד זבולון","(32.077594, 34.8494224)"
681,גבעת שמואל,16,"ביאליק,59 ","בי""ס ממ""ד זבולון","(32.077594, 34.8494224)"
681,גבעת שמואל,17,"בגין מנחם,2 ","אולפנא אמי""ת","(32.0739504, 34.8535265)"
681,גבעת שמואל,18,"בגין מנחם,2 ","אולפנא אמי""ת","(32.0739504, 34.8535265)"
681,גבעת שמואל,19,"בגין מנחם,2 ","אולפנא אמי""ת","(32.0739504, 34.8535265)"
681,גבעת שמואל,20,"בגין מנחם,2 ","אולפנא אמי""ת","(32.0739504, 34.8535265)"
681,גבעת שמואל,21,"בגין מנחם,2 ","אולפנא אמי""ת","(32.0739504, 34.8535265)"
681,גבעת שמואל,22,"ביאליק,59 ","בי""ס ממ""ד זבולון","(32.077594, 34.8494224)"
681,גבעת שמואל,23,"ביאליק,59 ","בי""ס ממ""ד זבולון","(32.077594, 34.8494224)"
681,גבעת שמואל,24,"בגין מנחם,2 ","אולפנא אמי""ת","(32.0739504, 34.8535265)"
681,גבעת שמואל,25,"הרימון,1 ","בי""ס ממ""ד ע""ש מנחם בגין","(32.0830084, 34.8505004)"
681,גבעת שמואל,26,"הרימון,1 ","בי""ס ממ""ד ע""ש מנחם בגין","(32.0830084, 34.8505004)"
681,גבעת שמואל,27,"ביאליק,59 ","בי""ס ממ""ד זבולון","(32.077594, 34.8494224)"
681,גבעת שמואל,28,"ביאליק,59 ","בי""ס ממ""ד זבולון","(32.077594, 34.8494224)"
681,גבעת שמואל,29,"הרימון,1 ","בי""ס ממ""ד ע""ש מנחם בגין","(32.0830084, 34.8505004)"
681,גבעת שמואל,30,"הרימון,1 ","בי""ס ממ""ד ע""ש מנחם בגין","(32.0830084, 34.8505004)"
681,גבעת שמואל,31,"רחבת אילן,20 ","בי""ס ממלכתי בן גוריון","(32.0709807, 34.8464575)"
681,גבעת שמואל,950,"הרימון,1 ","בי""ס ממ""ד ע""ש מנחם בגין","(32.0830084, 34.8505004)"
681,גבעת שמואל,951,"ביאליק,59 ","בי""ס ממ""ד זבולון","(32.077594, 34.8494224)"
681,גבעת שמואל,990,"רחבת אילן,20 ","בי""ס ממלכתי בן גוריון","(32.0709807, 34.8464575)"
229,גני תקווה,1,"הרי יהודה,29 ","בי""ס ממלכתי דתי אריאל","(32.061127, 34.8733839)"
229,גני תקווה,2,"הגליל,22 ","בי""ס גנים","(32.0569408, 34.8703085)"
229,גני תקווה,4,"דרך המלך,6 ","בי""ס איילות","(32.0656463, 34.8727758)"
229,גני תקווה,5,"דרך המלך,6 ","בי""ס איילות","(32.0656463, 34.8727758)"
229,גני תקווה,6,"דרך הים,3 ","בי""ס יובלים","(32.064056, 34.8780742)"
229,גני תקווה,7,"הגליל,39 ","בי""ס יסודי בית יעקב בנות","(32.0574623, 34.875659)"
229,גני תקווה,8,"סמ תבור,9 ","בי""ס יסודי רביבים",
229,גני תקווה,9,"הגליל,39 ","בי""ס יסודי בית יעקב בנות","(32.0574623, 34.875659)"
229,גני תקווה,10,"הכרמל,20 ",מרכז הבמה,"(32.0594191, 34.8821162)"
229,גני תקווה,11,"הרי יהודה,29 ","בי""ס ממלכתי דתי אריאל","(32.061127, 34.8733839)"
229,גני תקווה,12,"דרך המלך,6 ","בי""ס איילות","(32.0656463, 34.8727758)"
229,גני תקווה,13,"סמ תבור,9 ","בי""ס יסודי רביבים",
229,גני תקווה,14,"הכרמל,20 ",מרכז הבמה,"(32.0594191, 34.8821162)"
229,גני תקווה,15,"הכרמל,20 ",מרכז הבמה,"(32.0594191, 34.8821162)"
229,גני תקווה,16,"סמ תבור,9 ","בי""ס יסודי רביבים",
229,גני תקווה,17,"דרך המלך,6 ","בי""ס איילות","(32.0656463, 34.8727758)"
229,גני תקווה,18,"דרך הים,3 ","בי""ס יובלים","(32.064056, 34.8780742)"
229,גני תקווה,19,"דרך הים,3 ","בי""ס יובלים","(32.064056, 34.8780742)"
229,גני תקווה,20,"דרך הים,3 ","בי""ס יובלים","(32.064056, 34.8780742)"
229,גני תקווה,21,"דרך הים,3 ","בי""ס יובלים","(32.064056, 34.8780742)"
229,גני תקווה,22,"דרך המלך,6 ","בי""ס איילות","(32.0656463, 34.8727758)"
229,גני תקווה,23,"דרך הים,9 ","ביה""ס חט""ב הראשונים","(32.0642371, 34.8738515)"
229,גני תקווה,24,"דרך הים,3 ","בי""ס יובלים","(32.064056, 34.8780742)"
229,גני תקווה,25,"דרך המלך,6 ","בי""ס איילות","(32.0656463, 34.8727758)"
229,גני תקווה,26,"דרך הים,9 ","ביה""ס חט""ב הראשונים","(32.0642371, 34.8738515)"
229,גני תקווה,27,"דרך המלך,6 ","בי""ס איילות","(32.0656463, 34.8727758)"
229,גני תקווה,28,"דרך המלך,6 ","בי""ס איילות","(32.0656463, 34.8727758)"
229,גני תקווה,29,"דרך המלך,6 ","בי""ס איילות","(32.0656463, 34.8727758)"
229,גני תקווה,990,"הגליל,22 ","בי""ס גנים","(32.0569408, 34.8703085)"
128,גת רימון,1,"הברוש,3 ",בית-הראשונים,"(32.0671567, 34.8808277)"
663,טירת יהודה,1,טירת יהודה,האסם - אולם אירועים,"(32.0174199, 34.9379674)"
663,טירת יהודה,2,טירת יהודה,האסם - אולם אירועים,"(32.0174199, 34.9379674)"
9400,יהוד-מונוסון,1,"מוהליבר,144 ","מתנ""ס שטיינברג","(32.0328456, 34.8977388)"
9400,יהוד-מונוסון,2,"הרצל,31 ","בי""ס הרצל","(32.0310448, 34.8859359)"
9400,יהוד-מונוסון,3,כהן רם,"בי""ס תיכון מקיף יהוד","(32.0393398, 34.8931311)"
9400,יהוד-מונוסון,4,"קדושי מצרים,32 ","בי""ס יהודה הלוי","(32.0342562, 34.8893958)"
9400,יהוד-מונוסון,5,"חתוכה סעדיה,31 ",מועדון הגימלאים שר,"(32.0333299, 34.8876951)"
9400,יהוד-מונוסון,6,"וינהויז זאב,4 ",החברה הכלכלית לפיתוח י.מונסון,"(32.0294554, 34.8880319)"
9400,יהוד-מונוסון,7,"מוהליבר,144 ","מתנ""ס שטיינברג","(32.0328456, 34.8977388)"
9400,יהוד-מונוסון,8,"סירקין,8 ","בי""ס רמז","(32.0329241, 34.8943719)"
9400,יהוד-מונוסון,9,"סירקין,8 ","בי""ס רמז","(32.0329241, 34.8943719)"
9400,יהוד-מונוסון,10,"נורדאו,9 ","בית הספר חמ""ד במעלה","(32.0293101, 34.8959176)"
9400,יהוד-מונוסון,11,"בן צבי,12 ","בי""ס יגאל אלון - חטיבה דתית","(32.0303448, 34.8961244)"
9400,יהוד-מונוסון,12,"בן צבי,12 ","בי""ס יגאל אלון - חטיבה דתית","(32.0303448, 34.8961244)"
9400,יהוד-מונוסון,13,"מוהליבר,144 ","מתנ""ס שטיינברג","(32.0328456, 34.8977388)"
9400,יהוד-מונוסון,14,"חתוכה סעדיה,41 ","מתנ""ס אדלר","(32.0333299, 34.8876951)"
9400,יהוד-מונוסון,15,"סירקין,8 ","בי""ס רמז","(32.0329241, 34.8943719)"
9400,יהוד-מונוסון,16,"סירקין,8 ","בי""ס רמז","(32.0329241, 34.8943719)"
9400,יהוד-מונוסון,17,"קדושי מצרים,32 ","בי""ס יהודה הלוי","(32.0342562, 34.8893958)"
9400,יהוד-מונוסון,18,כהן רם,"בי""ס תיכון מקיף יהוד","(32.0393398, 34.8931311)"
9400,יהוד-מונוסון,19,"הרצל,31 ","בי""ס הרצל","(32.0310448, 34.8859359)"
9400,יהוד-מונוסון,20,"היובל,1 ","בי""ס היובל","(32.0340434, 34.8792628)"
9400,יהוד-מונוסון,21,"ביל""ו",מבנה רב תכליתי - גני ילדים,"(32.0290986, 34.888133)"
9400,יהוד-מונוסון,22,"מוהליבר,144 ","מתנ""ס שטיינברג","(32.0328456, 34.8977388)"
9400,יהוד-מונוסון,23,"הרצל,31 ","בי""ס הרצל","(32.0310448, 34.8859359)"
9400,יהוד-מונוסון,24,"קדושי מצרים,32 ","בי""ס יהודה הלוי","(32.0342562, 34.8893958)"
9400,יהוד-מונוסון,25,"דרך דיין משה,5 ","חט""ב ע""ש מ. ליניק - סביונים",
9400,יהוד-מונוסון,26,"היובל,1 ","בי""ס היובל","(32.0340434, 34.8792628)"
9400,יהוד-מונוסון,27,"היובל,1 ","בי""ס היובל","(32.0340434, 34.8792628)"
9400,יהוד-מונוסון,28,"דרך דיין משה,5 ","חט""ב ע""ש מ. ליניק - סביונים",
9400,יהוד-מונוסון,29,כהן רם,"בי""ס תיכון מקיף יהוד","(32.0393398, 34.8931311)"
9400,יהוד-מונוסון,30,"ביאקובסקי,7 ",גן עירית,"(32.0336466, 34.8898824)"
9400,יהוד-מונוסון,31,"היובל,1 ","בי""ס היובל","(32.0340434, 34.8792628)"
9400,יהוד-מונוסון,32,"סירקין,8 ","בי""ס רמז","(32.0329241, 34.8943719)"
9400,יהוד-מונוסון,33,"ביאקובסקי,7 ",גן סיגלית,"(32.0336466, 34.8898824)"
9400,יהוד-מונוסון,34,"ביל""ו",מבנה רב תכליתי - גני ילדים,"(32.0290986, 34.888133)"
9400,יהוד-מונוסון,35,כהן רם,"בי""ס תיכון מקיף יהוד","(32.0393398, 34.8931311)"
9400,יהוד-מונוסון,36,"קדושי מצרים,32 ","בי""ס יהודה הלוי","(32.0342562, 34.8893958)"
9400,יהוד-מונוסון,37,"מרבד הקסמים,8 ",גן חצב לוטם,"(32.031574, 34.8879183)"
9400,יהוד-מונוסון,38,"היובל,1 ","בי""ס היובל","(32.0340434, 34.8792628)"
9400,יהוד-מונוסון,39,"וינהויז זאב,4 ",החברה הכלכלית לפיתוח י.מונסון,"(32.0294554, 34.8880319)"
9400,יהוד-מונוסון,101,"שוהם נוה אפרים,1 ","בי""ס אורנים","(32.0291481, 34.8694446)"
9400,יהוד-מונוסון,102,"שוהם נוה אפרים,1 ","בי""ס אורנים","(32.0291481, 34.8694446)"
9400,יהוד-מונוסון,103,"שוהם נוה אפרים,1 ","בי""ס אורנים","(32.0291481, 34.8694446)"
9400,יהוד-מונוסון,104,"שוהם נוה אפרים,1 ","בי""ס אורנים","(32.0291481, 34.8694446)"
9400,יהוד-מונוסון,105,"שוהם נוה אפרים,1 ","בי""ס אורנים","(32.0291481, 34.8694446)"
9400,יהוד-מונוסון,990,"וינהויז זאב,4 ",החברה הכלכלית לפיתוח י.מונסון,"(32.0294554, 34.8880319)"
249,כפר סירקין,1,הבנים,בית החבר הוותיק,"(32.0762072, 34.92276)"
249,כפר סירקין,2,הבנים,בית החבר הוותיק,"(32.0762072, 34.92276)"
722,מגשימים,1,"הברוש,2 ",בית העם,"(32.0475119, 34.8982693)"
606,מזור,1,מזור,בית העם,"(32.0454438, 34.9227061)"
606,מזור,2,מזור,בית העם,"(32.0454438, 34.9227061)"
230,מעש,1,"השלושה,27 ",מועדון קשישים,"(32.0664361, 34.891816)"
257,נופך,1,"תרשיש,21 ",מבנה רב תכליתי (מועדון),"(32.042752, 34.9218482)"
449,נחלים,1,לשם,בית העם-בית דני,
449,נחלים,2,לשם,בית העם-בית דני,
705,נחשונים,1,"נחשונים,1 ",מועדון יחד,"(32.0708005, 34.9554659)"
587,סביון,1,"גן השקמים,2 ","בי""ס סביון -גני יהודה","(32.045778, 34.8763163)"
587,סביון,2,"גן השקמים,2 ","בי""ס סביון -גני יהודה","(32.045778, 34.8763163)"
587,סביון,3,"גן השקמים,2 ","בי""ס סביון -גני יהודה","(32.045778, 34.8763163)"
587,סביון,4,"גן השקמים,2 ","בי""ס סביון -גני יהודה","(32.045778, 34.8763163)"
587,סביון,5,גן השקמים,"בי""ס יסודי סביון שכבה ה'","(32.045778, 34.8763163)"
587,סביון,101,גן השקמים,"בי""ס יסודי סביון שכבה ה'","(32.045778, 34.8763163)"
587,סביון,102,גן השקמים,"בי""ס יסודי סביון שכבה ה'","(32.045778, 34.8763163)"
871,עינת,1,עינת,בית דרור,"(32.0819361, 34.9418478)"
7900,פתח תקווה,1,"מבצע חורב,6 ","בי""ס ע""ש חיים חפר","(32.0993423, 34.8843379)"
7900,פתח תקווה,2,"הבנים,5 ","בי""ס קרול","(32.0753196, 34.8850119)"
7900,פתח תקווה,3,"משה שמיר,2 ","בי""ס ע""ש אריק אינשטיין","(32.0986003, 34.8739241)"
7900,פתח תקווה,4,אש שלום,תיכון מעיין (הבניין העגול),"(32.0927915, 34.8774814)"
7900,פתח תקווה,5,"הרב חפוטא יאיר,2 ","בי""ס מעוף",
7900,פתח תקווה,6,אש שלום,תיכון מעיין (הבניין העגול),"(32.0927915, 34.8774814)"
7900,פתח תקווה,7,"דורני שלום,2 ","בי""ס נאות מרגלית","(32.0990056, 34.8890759)"
7900,פתח תקווה,8,"הבנים,5 ","בי""ס קרול","(32.0753196, 34.8850119)"
7900,פתח תקווה,9,"דורני שלום,2 ","בי""ס נאות מרגלית","(32.0990056, 34.8890759)"
7900,פתח תקווה,10,"הרב חפוטא יאיר,2 ","בי""ס מעוף",
7900,פתח תקווה,11,הרב אילויצקי,בית יעקב יסודי חרדי,
7900,פתח תקווה,12,"הרב חפוטא יאיר,2 ","בי""ס מעוף",
7900,פתח תקווה,13,"הרב מוהליבר שמואל,10 ","בי""ס נצח ישראל",
7900,פתח תקווה,14,"הרב מוהליבר שמואל,10 ","בי""ס נצח ישראל",
7900,פתח תקווה,15,"הרב מוהליבר שמואל,17 ","בי""ס למרחב בנות-לשעבר נצח בנים",
7900,פתח תקווה,16,"הרב מוהליבר שמואל,17 ","בי""ס למרחב בנות-לשעבר נצח בנים",
7900,פתח תקווה,17,"הרב מוהליבר שמואל,17 ","בי""ס למרחב בנות-לשעבר נצח בנים",
7900,פתח תקווה,18,"וולפסון דוד,31 ","בי""ס גורדון","(32.086318, 34.8883208)"
7900,פתח תקווה,19,"הרב מוהליבר שמואל,17 ","בי""ס למרחב בנות-לשעבר נצח בנים",
7900,פתח תקווה,20,"שטמפפר יהושע,90 ",בית דני,"(32.0951696, 34.8932181)"
7900,פתח תקווה,21,"חזון איש,4 ","בי""ס שמעוני","(32.0911996, 34.8945674)"
7900,פתח תקווה,22,"עין גנים,27 ","בי""ס עין גנים","(32.0878696, 34.8945415)"
7900,פתח תקווה,23,"הרב מוהליבר שמואל,17 ","בי""ס למרחב בנות-לשעבר נצח בנים",
7900,פתח תקווה,24,"חזון איש,4 ","בי""ס שמעוני","(32.0911996, 34.8945674)"
7900,פתח תקווה,25,"וולפסון דוד,31 ","בי""ס גורדון","(32.086318, 34.8883208)"
7900,פתח תקווה,26,"סביון,23 ","בי""ס שארית ישראל","(32.0864757, 34.8918053)"
7900,פתח תקווה,27,"סביון,23 ","בי""ס שארית ישראל","(32.0864757, 34.8918053)"
7900,פתח תקווה,28,"רחל המשוררת,18 ","בי""ס חט""ב ע""ש בן צבי","(32.0853323, 34.8946361)"
7900,פתח תקווה,29,"וולפסון דוד,31 ","בי""ס גורדון","(32.086318, 34.8883208)"
7900,פתח תקווה,30,"רחל המשוררת,18 ","בי""ס חט""ב ע""ש בן צבי","(32.0853323, 34.8946361)"
7900,פתח תקווה,31,"קהילת יוסטון,3 ",המרכז הקהילתי,"(32.0913962, 34.9040159)"
7900,פתח תקווה,32,"שטמפפר יהושע,90 ",בית דני,"(32.0951696, 34.8932181)"
7900,פתח תקווה,33,"עין גנים,71 ",חטיבת ברנר,"(32.0878696, 34.8945415)"
7900,פתח תקווה,34,"הרב עוזיאל,16 ","בי""ס אלונים","(32.0906059, 34.898431)"
7900,פתח תקווה,35,"הרב עוזיאל,16 ","בי""ס אלונים","(32.0906059, 34.898431)"
7900,פתח תקווה,36,"הרב אונטרמן,14 ","בי""ס מעלות חיים (משה""ב)","(32.099596, 34.8992377)"
7900,פתח תקווה,37,"המגינים,21 ","בי""ס אמיר","(32.0883704, 34.8964075)"
7900,פתח תקווה,38,"קהילת יוסטון,3 ",המרכז הקהילתי,"(32.0913962, 34.9040159)"
7900,פתח תקווה,39,"יחיעם,11 ",גן מישור וגן פרדס,"(32.0798705, 34.9181297)"
7900,פתח תקווה,40,"רמז דוד,33 ","מתנ""ס בית מרקו דדו","(32.0864888, 34.9023026)"
7900,פתח תקווה,41,ככר גפן,"בי""ס קיבוץ גלויות",
7900,פתח תקווה,42,"הרב אונטרמן,14 ","בי""ס מעלות חיים (משה""ב)","(32.099596, 34.8992377)"
7900,פתח תקווה,43,"קהילת יוסטון,3 ",המרכז הקהילתי,"(32.0913962, 34.9040159)"
7900,פתח תקווה,44,"הבנים,5 ","בי""ס קרול","(32.0753196, 34.8850119)"
7900,פתח תקווה,45,"הרב מוהליבר שמואל,17 ","בי""ס למרחב בנות-לשעבר נצח בנים",
7900,פתח תקווה,46,"וולפסון דוד,31 ","בי""ס גורדון","(32.086318, 34.8883208)"
7900,פתח תקווה,47,"עדש שפיק,7 ","בי""ס מורשה",
7900,פתח תקווה,48,"הבנים,5 ","בי""ס קרול","(32.0753196, 34.8850119)"
7900,פתח תקווה,49,"עדש שפיק,2 ","בי""ס יובלים",
7900,פתח תקווה,50,"מנחת שלמה,1 ",בית ספר בית יעקב,"(32.0693361, 34.9124919)"
7900,פתח תקווה,51,"עדש שפיק,2 ","בי""ס יובלים",
7900,פתח תקווה,52,"עדש שפיק,2 ","בי""ס יובלים",
7900,פתח תקווה,53,"עדש שפיק,7 ","בי""ס מורשה",
7900,פתח תקווה,54,"עדש שפיק,7 ","בי""ס מורשה",
7900,פתח תקווה,55,"עדש שפיק,7 ","בי""ס מורשה",
7900,פתח תקווה,56,"יונה,74 ","בי""ס אדר","(32.0723074, 34.8994546)"
7900,פתח תקווה,57,"תפוצות ישראל,7 ","בי""ס אורנים","(32.0765766, 34.9001695)"
7900,פתח תקווה,58,"תפוצות ישראל,7 ","בי""ס אורנים","(32.0765766, 34.9001695)"
7900,פתח תקווה,59,"שולמית,1 ","מתנ""ס שערים","(32.077269, 34.9014782)"
7900,פתח תקווה,60,"עין גנים,71 ",חטיבת ברנר,"(32.0878696, 34.8945415)"
7900,פתח תקווה,61,"החמישה,8 ","בי""ס יסודי בית יעקב","(32.0721119, 34.8926664)"
7900,פתח תקווה,62,"החמישה,8 ","בי""ס יסודי בית יעקב","(32.0721119, 34.8926664)"
7900,פתח תקווה,63,"ישעיהו ישראל,12 ","תיכון ע""ש ברנר","(32.0790194, 34.8993399)"
7900,פתח תקווה,64,"ישעיהו ישראל,12 ","תיכון ע""ש ברנר","(32.0790194, 34.8993399)"
7900,פתח תקווה,65,"הוברמן,8 ","בי""ס הוברמן","(32.0753587, 34.8877951)"
7900,פתח תקווה,66,"קיש,48 ","בי""ס יסודות","(32.072742, 34.8950248)"
7900,פתח תקווה,67,"קיש,48 ","בי""ס יסודות","(32.072742, 34.8950248)"
7900,פתח תקווה,68,"שפרינצק,17 ","ביה""ס אור חיה","(32.0770093, 34.8916425)"
7900,פתח תקווה,69,"הוברמן,8 ","בי""ס הוברמן","(32.0753587, 34.8877951)"
7900,פתח תקווה,70,"שפרינצק,17 ","ביה""ס אור חיה","(32.0770093, 34.8916425)"
7900,פתח תקווה,71,"הרב מימון,4 ","בי""ס תיכון אולפנא דרכי נועם","(32.0773543, 34.8923445)"
7900,פתח תקווה,72,"שפרינצק,39 ","מתנ""ס אחדות","(32.0770093, 34.8916425)"
7900,פתח תקווה,73,"הרב מימון,4 ","בי""ס תיכון אולפנא דרכי נועם","(32.0773543, 34.8923445)"
7900,פתח תקווה,74,"הוברמן,8 ","בי""ס הוברמן","(32.0753587, 34.8877951)"
7900,פתח תקווה,75,"ילין אבינועם,10 ",בית מזלי,"(32.0790691, 34.8880362)"
7900,פתח תקווה,76,"ילין אבינועם,10 ",בית מזלי,"(32.0790691, 34.8880362)"
7900,פתח תקווה,77,"הרב מימון,4 ","בי""ס תיכון אולפנא דרכי נועם","(32.0773543, 34.8923445)"
7900,פתח תקווה,78,"סמילנסקי,4 ",מועדון גמלאים,"(32.083987, 34.8837732)"
7900,פתח תקווה,79,"סמילנסקי,4 ",מועדון גמלאים,"(32.083987, 34.8837732)"
7900,פתח תקווה,80,"סביון,23 ","בי""ס שארית ישראל","(32.0864757, 34.8918053)"
7900,פתח תקווה,81,"שפירא הרמן צבי,46 ",מרכז קהילתי המרכז,"(32.079381, 34.8870369)"
7900,פתח תקווה,82,"סעדיה גאון,8 ","בי""ס פיק""א","(32.0880413, 34.8798192)"
7900,פתח תקווה,83,הרב אילויצקי,בית יעקב יסודי חרדי,
7900,פתח תקווה,84,"סעדיה גאון,8 ","בי""ס פיק""א","(32.0880413, 34.8798192)"
7900,פתח תקווה,85,"ילין אבינועם,10 ",בית מזלי,"(32.0790691, 34.8880362)"
7900,פתח תקווה,86,"שפירא הרמן צבי,46 ","בי""ס הס","(32.079381, 34.8870369)"
7900,פתח תקווה,87,"סעדיה גאון,8 ","בי""ס פיק""א","(32.0880413, 34.8798192)"
7900,פתח תקווה,88,"שפירא הרמן צבי,46 ",מרכז קהילתי המרכז,"(32.079381, 34.8870369)"
7900,פתח תקווה,89,המורה אליהו,בית יעקב סמדר וגפן,"(32.0874222, 34.8803568)"
7900,פתח תקווה,90,הרב אילויצקי,בית יעקב יסודי חרדי,
7900,פתח תקווה,91,"הפורצים,18 ","מתנ""ס רמת ורבר","(32.0880993, 34.8768516)"
7900,פתח תקווה,92,"הפורצים,18 ","מתנ""ס רמת ורבר","(32.0880993, 34.8768516)"
7900,פתח תקווה,93,"הפורצים,18 ","מתנ""ס רמת ורבר","(32.0880993, 34.8768516)"
7900,פתח תקווה,94,"אורן אבי,3 ","חט""ב בן גוריון","(32.0819459, 34.8626375)"
7900,פתח תקווה,95,"אנדרסן,8 ","חט""ב אחד העם","(32.0896783, 34.8732021)"
7900,פתח תקווה,96,"קפלן אליעזר,42 ",נעמת טכנולוגי,
7900,פתח תקווה,97,"קפלן אליעזר,42 ",נעמת טכנולוגי,
7900,פתח תקווה,98,"אנדרסן,8 ","חט""ב אחד העם","(32.0896783, 34.8732021)"
7900,פתח תקווה,99,"אנדרסן,8 ","חט""ב אחד העם","(32.0896783, 34.8732021)"
7900,פתח תקווה,100,"קפלן אליעזר,7 ","בי""ס קפלן",
7900,פתח תקווה,101,"שולזינגר,3 ","בית חינוך יסודי ע""ש אורי אורבך","(32.0765734, 34.8765814)"
7900,פתח תקווה,102,"הרב אויערבך משה,10 ","מתנ""ס זמיר","(32.0718245, 34.8656381)"
7900,פתח תקווה,103,"הצפירה,4 ","מתנ""ס קרית מטלון","(32.0888586, 34.8490023)"
7900,פתח תקווה,104,"הצפירה,4 ","מתנ""ס קרית מטלון","(32.0888586, 34.8490023)"
7900,פתח תקווה,105,"אשכול לוי,2 ","בי""ס נוה עוז","(32.069012, 34.8602904)"
7900,פתח תקווה,106,"אשכול לוי,2 ","בי""ס נוה עוז","(32.069012, 34.8602904)"
7900,פתח תקווה,107,"העצמאות,50 ","בי""ס יסודי הדר","(32.0749495, 34.8771352)"
7900,פתח תקווה,108,"ציפורי טובה,4 ","בי""ס תיכון בן גוריון","(32.0789394, 34.8695518)"
7900,פתח תקווה,109,"בס זליג,17 ",אולפנית ישורון בנות,"(32.0753929, 34.8801704)"
7900,פתח תקווה,110,"אמסטרדם,16 ",רב תחומי פתח תקווה ב',"(32.0837385, 34.8651823)"
7900,פתח תקווה,111,"אנדרסן,8 ","חט""ב אחד העם","(32.0896783, 34.8732021)"
7900,פתח תקווה,112,"שפירא הרמן צבי,46 ","בי""ס הס","(32.079381, 34.8870369)"
7900,פתח תקווה,113,"סלומון,12 ",בית התלמיד,"(32.0847108, 34.8805431)"
7900,פתח תקווה,114,"קיש,48 ","בי""ס יסודות","(32.072742, 34.8950248)"
7900,פתח תקווה,115,"סלומון,12 ",בית התלמיד,"(32.0847108, 34.8805431)"
7900,פתח תקווה,116,"יטקובסקי אחים,13 ","בי""ס ביאליק","(32.0779172, 34.8706403)"
7900,פתח תקווה,117,"קפלן אליעזר,7 ","בי""ס קפלן",
7900,פתח תקווה,118,"ציפורי טובה,4 ","בי""ס תיכון בן גוריון","(32.0789394, 34.8695518)"
7900,פתח תקווה,119,"שפירא הרמן צבי,46 ","בי""ס הס","(32.079381, 34.8870369)"
7900,פתח תקווה,120,"שפירא הרמן צבי,46 ",מרכז קהילתי המרכז,"(32.079381, 34.8870369)"
7900,פתח תקווה,121,"קפלן אליעזר,7 ","בי""ס קפלן",
7900,פתח תקווה,122,"קפלן אליעזר,7 ","בי""ס קפלן",
7900,פתח תקווה,123,"קפלן אליעזר,42 ",נעמת טכנולוגי,
7900,פתח תקווה,125,יהלום בנימין,"בי""ס יד לבנים","(32.0833992, 34.8775822)"
7900,פתח תקווה,126,"שפירא הרמן צבי,46 ","בי""ס הס","(32.079381, 34.8870369)"
7900,פתח תקווה,127,"שפירא הרמן צבי,46 ",מרכז קהילתי המרכז,"(32.079381, 34.8870369)"
7900,פתח תקווה,128,"הפורצים,18 ","מתנ""ס רמת ורבר","(32.0880993, 34.8768516)"
7900,פתח תקווה,129,"העצמאות,50 ","בי""ס יסודי הדר","(32.0749495, 34.8771352)"
7900,פתח תקווה,130,"העצמאות,50 ","בי""ס יסודי הדר","(32.0749495, 34.8771352)"
7900,פתח תקווה,131,המורה אליהו,בית יעקב סמדר וגפן,"(32.0874222, 34.8803568)"
7900,פתח תקווה,132,המורה אליהו,בית יעקב סמדר וגפן,"(32.0874222, 34.8803568)"
7900,פתח תקווה,133,"סעדיה גאון,8 ","בי""ס פיק""א","(32.0880413, 34.8798192)"
7900,פתח תקווה,134,"הבנים,5 ","בי""ס קרול","(32.0753196, 34.8850119)"
7900,פתח תקווה,135,"דורני שלום,2 ","בי""ס נאות מרגלית","(32.0990056, 34.8890759)"
7900,פתח תקווה,136,"דורני שלום,2 ","בי""ס נאות מרגלית","(32.0990056, 34.8890759)"
7900,פתח תקווה,137,"הבנים,5 ","בי""ס קרול","(32.0753196, 34.8850119)"
7900,פתח תקווה,138,"אשכול לוי,2 ","בי""ס נוה עוז","(32.069012, 34.8602904)"
7900,פתח תקווה,139,"יטקובסקי אחים,13 ","בי""ס ביאליק","(32.0779172, 34.8706403)"
7900,פתח תקווה,140,"שולזינגר,3 ","בית חינוך יסודי ע""ש אורי אורבך","(32.0765734, 34.8765814)"
7900,פתח תקווה,141,יהלום בנימין,"בי""ס יד לבנים","(32.0833992, 34.8775822)"
7900,פתח תקווה,142,"בס זליג,17 ",אולפנית ישורון בנות,"(32.0753929, 34.8801704)"
7900,פתח תקווה,143,"יטקובסקי אחים,13 ","בי""ס ביאליק","(32.0779172, 34.8706403)"
7900,פתח תקווה,144,"שפירא הרמן צבי,46 ","בי""ס הס","(32.079381, 34.8870369)"
7900,פתח תקווה,145,"סמילנסקי,4 ",מועדון גמלאים,"(32.083987, 34.8837732)"
7900,פתח תקווה,146,יהלום בנימין,"בי""ס יד לבנים","(32.0833992, 34.8775822)"
7900,פתח תקווה,147,יהלום בנימין,"בי""ס יד לבנים","(32.0833992, 34.8775822)"
7900,פתח תקווה,148,"הוברמן,8 ","בי""ס הוברמן","(32.0753587, 34.8877951)"
7900,פתח תקווה,149,"שולמית,1 ","מתנ""ס שערים","(32.077269, 34.9014782)"
7900,פתח תקווה,150,"נצח ישראל,7 ",ישיבת צביה,"(32.0898441, 34.9001383)"
7900,פתח תקווה,151,"נצח ישראל,7 ",ישיבת צביה,"(32.0898441, 34.9001383)"
7900,פתח תקווה,152,"עין גנים,71 ",חטיבת ברנר,"(32.0878696, 34.8945415)"
7900,פתח תקווה,153,"הרב אונטרמן,14 ","בי""ס מעלות חיים (משה""ב)","(32.099596, 34.8992377)"
7900,פתח תקווה,154,"עין גנים,27 ","בי""ס עין גנים","(32.0878696, 34.8945415)"
7900,פתח תקווה,155,"וולפסון דוד,31 ","בי""ס גורדון","(32.086318, 34.8883208)"
7900,פתח תקווה,156,"שטמפפר יהושע,90 ",בית דני,"(32.0951696, 34.8932181)"
7900,פתח תקווה,157,"קהילת יוסטון,3 ",המרכז הקהילתי,"(32.0913962, 34.9040159)"
7900,פתח תקווה,158,ככר גפן,"בי""ס קיבוץ גלויות",
7900,פתח תקווה,159,"הרב אונטרמן,14 ","בי""ס מעלות חיים (משה""ב)","(32.099596, 34.8992377)"
7900,פתח תקווה,160,"סביון,23 ","בי""ס שארית ישראל","(32.0864757, 34.8918053)"
7900,פתח תקווה,161,"רחל המשוררת,18 ","בי""ס חט""ב ע""ש בן צבי","(32.0853323, 34.8946361)"
7900,פתח תקווה,162,"הרב קוק,33 ",גן יסעור,"(32.0817016, 34.8793194)"
7900,פתח תקווה,163,"עין גנים,27 ","בי""ס עין גנים","(32.0878696, 34.8945415)"
7900,פתח תקווה,164,"חזון איש,4 ","בי""ס שמעוני","(32.0911996, 34.8945674)"
7900,פתח תקווה,165,"עין גנים,27 ","בי""ס עין גנים","(32.0878696, 34.8945415)"
7900,פתח תקווה,166,"חזון איש,4 ","בי""ס שמעוני","(32.0911996, 34.8945674)"
7900,פתח תקווה,167,"וולפסון דוד,31 ","בי""ס גורדון","(32.086318, 34.8883208)"
7900,פתח תקווה,168,"הבנים,5 ","בי""ס קרול","(32.0753196, 34.8850119)"
7900,פתח תקווה,169,"הרב מוהליבר שמואל,10 ","בי""ס נצח ישראל",
7900,פתח תקווה,170,אש שלום,תיכון מעיין (הבניין העגול),"(32.0927915, 34.8774814)"
7900,פתח תקווה,171,"חזון איש,4 ","בי""ס שמעוני","(32.0911996, 34.8945674)"
7900,פתח תקווה,172,"נצח ישראל,7 ",ישיבת צביה,"(32.0898441, 34.9001383)"
7900,פתח תקווה,173,"סלומון,12 ",בית התלמיד,"(32.0847108, 34.8805431)"
7900,פתח תקווה,174,"בס זליג,17 ",אולפנית ישורון בנות,"(32.0753929, 34.8801704)"
7900,פתח תקווה,175,"הרב מוהליבר שמואל,17 ","בי""ס למרחב בנות-לשעבר נצח בנים",
7900,פתח תקווה,176,"סביון,23 ","בי""ס שארית ישראל","(32.0864757, 34.8918053)"
7900,פתח תקווה,177,"ישעיהו ישראל,12 ","תיכון ע""ש ברנר","(32.0790194, 34.8993399)"
7900,פתח תקווה,179,"הוברמן,8 ","בי""ס הוברמן","(32.0753587, 34.8877951)"
7900,פתח תקווה,185,"המגינים,21 ","בי""ס אמיר","(32.0883704, 34.8964075)"
7900,פתח תקווה,186,"קהילת יוסטון,3 ",המרכז הקהילתי,"(32.0913962, 34.9040159)"
7900,פתח תקווה,187,"הרב אונטרמן,14 ","בי""ס מעלות חיים (משה""ב)","(32.099596, 34.8992377)"
7900,פתח תקווה,188,"פפר יוסף,20 ",מרכז פיס לגיל הזהב,"(32.0911827, 34.8963126)"
7900,פתח תקווה,189,"פפר יוסף,20 ",מרכז פיס לגיל הזהב,"(32.0911827, 34.8963126)"
7900,פתח תקווה,191,"בס זליג,17 ",אולפנית ישורון בנות,"(32.0753929, 34.8801704)"
7900,פתח תקווה,192,"קיש,48 ","בי""ס יסודות","(32.072742, 34.8950248)"
7900,פתח תקווה,193,"קיש,48 ","בי""ס יסודות","(32.072742, 34.8950248)"
7900,פתח תקווה,194,"החמישה,8 ","בי""ס יסודי בית יעקב","(32.0721119, 34.8926664)"
7900,פתח תקווה,195,"עדש שפיק,2 ","בי""ס יובלים",
7900,פתח תקווה,196,"עדש שפיק,2 ","בי""ס יובלים",
7900,פתח תקווה,197,"הרב משורר ישעיהו,27 ","בי""ס ממ""ד עמיטל אקדמי","(32.0693242, 34.9050791)"
7900,פתח תקווה,198,"מנחת שלמה,1 ",בית ספר בית יעקב,"(32.0693361, 34.9124919)"
7900,פתח תקווה,199,"הרב משורר ישעיהו,27 ","בי""ס ממ""ד עמיטל אקדמי","(32.0693242, 34.9050791)"
7900,פתח תקווה,200,"זכרון יעקב,4 ","ביה""ס ע""ש נעמי שמר","(32.1039164, 34.874828)"
7900,פתח תקווה,201,"טבצ'ניק דוד,3 ","חט""ב רחביה (הבניין המרובע)","(32.0935639, 34.8772257)"
7900,פתח תקווה,202,"זכרון יעקב,60 ","בית חינוך ע""ש חיים בר-לב","(32.1039164, 34.874828)"
7900,פתח תקווה,203,"בן חור,14 ","ביה""ס אהוד מנור","(32.1059157, 34.8784249)"
7900,פתח תקווה,204,"זכרון יעקב,4 ","ביה""ס ע""ש נעמי שמר","(32.1039164, 34.874828)"
7900,פתח תקווה,205,"הרב חפוטא יאיר,2 ","בי""ס מעוף",
7900,פתח תקווה,206,"הבנים,5 ","בי""ס קרול","(32.0753196, 34.8850119)"
7900,פתח תקווה,207,"ראשון לציון,6 ","בי""ס יצחק נבון","(32.1043698, 34.8765388)"
7900,פתח תקווה,208,"טבצ'ניק דוד,3 ","חט""ב רחביה (הבניין המרובע)","(32.0935639, 34.8772257)"
7900,פתח תקווה,209,"זכרון יעקב,52 ",תיכון אחד העם,"(32.1035712, 34.871917)"
7900,פתח תקווה,210,"הרב מימון,4 ","בי""ס תיכון אולפנא דרכי נועם","(32.0773543, 34.8923445)"
7900,פתח תקווה,211,"זכרון יעקב,4 ","ביה""ס ע""ש נעמי שמר","(32.1039164, 34.874828)"
7900,פתח תקווה,212,"שפרינצק,17 ","ביה""ס אור חיה","(32.0770093, 34.8916425)"
7900,פתח תקווה,213,"העצמאות,50 ","בי""ס יסודי הדר","(32.0749495, 34.8771352)"
7900,פתח תקווה,214,"סביון,23 ","בי""ס שארית ישראל","(32.0864757, 34.8918053)"
7900,פתח תקווה,215,מרדכי בצ'איב,"ביה""ס נווה אברהם",
7900,פתח תקווה,216,"הפורצים,18 ","מתנ""ס רמת ורבר","(32.0880993, 34.8768516)"
7900,פתח תקווה,217,"סעדיה גאון,8 ","בי""ס פיק""א","(32.0880413, 34.8798192)"
7900,פתח תקווה,218,"שטמפפר יהושע,90 ",בית דני,"(32.0951696, 34.8932181)"
7900,פתח תקווה,219,"הרב חפוטא יאיר,4 ","בי""ס בית יהודה - מעיין חינוך ת",
7900,פתח תקווה,220,הרב אילויצקי,בית יעקב יסודי חרדי,
7900,פתח תקווה,221,"שפירא הרמן צבי,46 ","בי""ס הס","(32.079381, 34.8870369)"
7900,פתח תקווה,222,"הרב קוק,33 ",גן איה,"(32.0817016, 34.8793194)"
7900,פתח תקווה,223,"סביון,23 ","בי""ס שארית ישראל","(32.0864757, 34.8918053)"
7900,פתח תקווה,225,"אמסטרדם,16 ",רב תחומי פתח תקווה ב',"(32.0837385, 34.8651823)"
7900,פתח תקווה,226,"עין גנים,27 ","בי""ס עין גנים","(32.0878696, 34.8945415)"
7900,פתח תקווה,227,יהלום בנימין,"בי""ס יד לבנים","(32.0833992, 34.8775822)"
7900,פתח תקווה,228,"הצפירה,4 ","מתנ""ס קרית מטלון","(32.0888586, 34.8490023)"
7900,פתח תקווה,229,"הרב מימון,4 ","בי""ס תיכון אולפנא דרכי נועם","(32.0773543, 34.8923445)"
7900,פתח תקווה,230,"עין גנים,71 ",חטיבת ברנר,"(32.0878696, 34.8945415)"
7900,פתח תקווה,231,"ישעיהו ישראל,12 ","תיכון ע""ש ברנר","(32.0790194, 34.8993399)"
7900,פתח תקווה,232,"ישעיהו ישראל,12 ","תיכון ע""ש ברנר","(32.0790194, 34.8993399)"
7900,פתח תקווה,233,"חזון איש,4 ","בי""ס שמעוני","(32.0911996, 34.8945674)"
7900,פתח תקווה,234,מרדכי בצ'איב,"ביה""ס נווה אברהם",
7900,פתח תקווה,235,מרדכי בצ'איב,"ביה""ס נווה אברהם",
7900,פתח תקווה,236,"עדש שפיק,7 ","בי""ס מורשה",
7900,פתח תקווה,237,"מנחת שלמה,1 ",בית ספר בית יעקב,"(32.0693361, 34.9124919)"
7900,פתח תקווה,238,"הרב משורר ישעיהו,27 ","בי""ס ממ""ד עמיטל אקדמי","(32.0693242, 34.9050791)"
7900,פתח תקווה,239,"עדש שפיק,7 ","בי""ס מורשה",
7900,פתח תקווה,240,"שטמפפר יהושע,90 ",בית דני,"(32.0951696, 34.8932181)"
7900,פתח תקווה,241,"הרב משורר ישעיהו,27 ","בי""ס ממ""ד עמיטל אקדמי","(32.0693242, 34.9050791)"
7900,פתח תקווה,242,"העצמאות,50 ","בי""ס יסודי הדר","(32.0749495, 34.8771352)"
7900,פתח תקווה,243,"בס זליג,17 ",אולפנית ישורון בנות,"(32.0753929, 34.8801704)"
7900,פתח תקווה,244,"זכרון יעקב,43 ","בי""ס אחד העם","(32.1039164, 34.874828)"
7900,פתח תקווה,245,"זכרון יעקב,4 ","ביה""ס ע""ש נעמי שמר","(32.1039164, 34.874828)"
7900,פתח תקווה,246,"בראון אריה,3 ","בי""ס ע""ש גולדה מאיר","(32.1022023, 34.8780607)"
7900,פתח תקווה,247,"רום יעל,10 ","בי""ס ממלכתי ע""ש נתן יונתן","(32.0989467, 34.8799584)"
7900,פתח תקווה,248,"בן חור,14 ","ביה""ס אהוד מנור","(32.1059157, 34.8784249)"
7900,פתח תקווה,249,"בן חור,14 ","ביה""ס אהוד מנור","(32.1059157, 34.8784249)"
7900,פתח תקווה,251,"שולזינגר,3 ","בית חינוך יסודי ע""ש אורי אורבך","(32.0765734, 34.8765814)"
7900,פתח תקווה,253,ככר גפן,"בי""ס קיבוץ גלויות",
7900,פתח תקווה,254,"ישעיהו ישראל,12 ","תיכון ע""ש ברנר","(32.0790194, 34.8993399)"
7900,פתח תקווה,255,"הרב מוהליבר שמואל,17 ","בי""ס למרחב בנות-לשעבר נצח בנים",
7900,פתח תקווה,256,"הרב מוהליבר שמואל,17 ","בי""ס למרחב בנות-לשעבר נצח בנים",
7900,פתח תקווה,257,מרדכי בצ'איב,"ביה""ס נווה אברהם",
7900,פתח תקווה,258,"זכרון יעקב,60 ","בית חינוך ע""ש חיים בר-לב","(32.1039164, 34.874828)"
7900,פתח תקווה,259,"הרב חפוטא יאיר,4 ","בי""ס בית יהודה - מעיין חינוך ת",
7900,פתח תקווה,260,"יחיעם,11 ",גן מישור וגן פרדס,"(32.0798705, 34.9181297)"
7900,פתח תקווה,261,"תפוצות ישראל,7 ","בי""ס אורנים","(32.0765766, 34.9001695)"
7900,פתח תקווה,262,"מנחת שלמה,1 ",בית ספר בית יעקב,"(32.0693361, 34.9124919)"
7900,פתח תקווה,263,"שפירא הרמן צבי,46 ",מרכז קהילתי המרכז,"(32.079381, 34.8870369)"
7900,פתח תקווה,264,"הרב אונטרמן,14 ","בי""ס מעלות חיים (משה""ב)","(32.099596, 34.8992377)"
7900,פתח תקווה,265,"שפרינצק,39 ","מתנ""ס אחדות","(32.0770093, 34.8916425)"
7900,פתח תקווה,266,"עדש שפיק,7 ","בי""ס מורשה",
7900,פתח תקווה,267,"בן חור,14 ","ביה""ס אהוד מנור","(32.1059157, 34.8784249)"
7900,פתח תקווה,268,מרדכי בצ'איב,"ביה""ס נווה אברהם",
7900,פתח תקווה,269,"בראון אריה,3 ","בי""ס ע""ש גולדה מאיר","(32.1022023, 34.8780607)"
7900,פתח תקווה,270,"הרב אונטרמן,14 ","בי""ס מעלות חיים (משה""ב)","(32.099596, 34.8992377)"
7900,פתח תקווה,271,"רום יעל,10 ","בי""ס ממלכתי ע""ש נתן יונתן","(32.0989467, 34.8799584)"
7900,פתח תקווה,272,"העצמאות,50 ","בי""ס יסודי הדר","(32.0749495, 34.8771352)"
7900,פתח תקווה,273,"עידוד ישראל,5 ","בי""ס דבורה עומר","(32.0715725, 34.8625533)"
7900,פתח תקווה,274,"ציפורי טובה,4 ","בי""ס תיכון בן גוריון","(32.0789394, 34.8695518)"
7900,פתח תקווה,275,"אמסטרדם,16 ",רב תחומי פתח תקווה ב',"(32.0837385, 34.8651823)"
7900,פתח תקווה,276,"עידוד ישראל,5 ","בי""ס דבורה עומר","(32.0715725, 34.8625533)"
7900,פתח תקווה,277,"מבצע חורב,6 ","בי""ס ע""ש חיים חפר","(32.0993423, 34.8843379)"
7900,פתח תקווה,278,"רום יעל,10 ","בי""ס ממלכתי ע""ש נתן יונתן","(32.0989467, 34.8799584)"
7900,פתח תקווה,279,"הרב חפוטא יאיר,4 ","בי""ס בית יהודה - מעיין חינוך ת",
7900,פתח תקווה,280,"הרב עוזיאל,16 ","בי""ס אלונים","(32.0906059, 34.898431)"
7900,פתח תקווה,281,מרדכי בצ'איב,"ביה""ס נווה אברהם",
7900,פתח תקווה,282,"ראשון לציון,6 ","בי""ס יצחק נבון","(32.1043698, 34.8765388)"
7900,פתח תקווה,283,"שולזינגר,10 ","מתנ""ס עולמות","(32.0765734, 34.8765814)"
7900,פתח תקווה,284,"ציפורי טובה,4 ","בי""ס תיכון בן גוריון","(32.0789394, 34.8695518)"
7900,פתח תקווה,285,"טבצ'ניק דוד,3 ","חט""ב רחביה (הבניין המרובע)","(32.0935639, 34.8772257)"
7900,פתח תקווה,286,"הרב אויערבך משה,10 ","מתנ""ס זמיר","(32.0718245, 34.8656381)"
7900,פתח תקווה,287,"מבצע חורב,6 ","בי""ס ע""ש חיים חפר","(32.0993423, 34.8843379)"
7900,פתח תקווה,288,"רום יעל,10 ","בי""ס ממלכתי ע""ש נתן יונתן","(32.0989467, 34.8799584)"
7900,פתח תקווה,289,"אבידן דוד,13 ","בי""ס ע""ש אלימלך כנר","(32.0744458, 34.8639138)"
7900,פתח תקווה,290,"האחים בכר,3 ",תיכון יצחק שמיר,"(32.0967867, 34.8807646)"
7900,פתח תקווה,291,"משה שמיר,2 ","בי""ס ע""ש אריק אינשטיין","(32.0986003, 34.8739241)"
7900,פתח תקווה,292,"האחים בכר,3 ",תיכון יצחק שמיר,"(32.0967867, 34.8807646)"
7900,פתח תקווה,293,"ישעיהו ישראל,12 ","תיכון ע""ש ברנר","(32.0790194, 34.8993399)"
7900,פתח תקווה,294,"הרב משורר ישעיהו,27 ","בי""ס ממ""ד עמיטל אקדמי","(32.0693242, 34.9050791)"
7900,פתח תקווה,295,"מבצע חורב,6 ","בי""ס ע""ש חיים חפר","(32.0993423, 34.8843379)"
7900,פתח תקווה,296,"מנחת שלמה,1 ",בית ספר בית יעקב,"(32.0693361, 34.9124919)"
7900,פתח תקווה,297,"עדש שפיק,2 ","בי""ס יובלים",
7900,פתח תקווה,298,"בן חור,14 ","ביה""ס אהוד מנור","(32.1059157, 34.8784249)"
7900,פתח תקווה,299,"האחים בכר,3 ",תיכון יצחק שמיר,"(32.0967867, 34.8807646)"
7900,פתח תקווה,300,"י""ד הבנים,64 ","מתנ""ס יד הבנים","(32.0723446, 34.8798462)"
7900,פתח תקווה,301,"הרב משורר ישעיהו,27 ","בי""ס ממ""ד עמיטל אקדמי","(32.0693242, 34.9050791)"
7900,פתח תקווה,302,"בראון אריה,3 ","בי""ס ע""ש גולדה מאיר","(32.1022023, 34.8780607)"
7900,פתח תקווה,303,"מנחת שלמה,1 ",בית ספר בית יעקב,"(32.0693361, 34.9124919)"
7900,פתח תקווה,304,"בראון אריה,3 ","בי""ס ע""ש גולדה מאיר","(32.1022023, 34.8780607)"
7900,פתח תקווה,305,"רום יעל,10 ","בי""ס ממלכתי ע""ש נתן יונתן","(32.0989467, 34.8799584)"
7900,פתח תקווה,306,"האחים בכר,3 ",חטיבת יצחק שמיר,"(32.0967867, 34.8807646)"
7900,פתח תקווה,307,"ציפורי טובה,4 ","בי""ס תיכון בן גוריון","(32.0789394, 34.8695518)"
7900,פתח תקווה,308,"משה שמיר,2 ","בי""ס ע""ש אריק אינשטיין","(32.0986003, 34.8739241)"
7900,פתח תקווה,309,"מנחת שלמה,1 ",בית ספר בית יעקב,"(32.0693361, 34.9124919)"
7900,פתח תקווה,310,"שולזינגר,10 ","מתנ""ס עולמות","(32.0765734, 34.8765814)"
7900,פתח תקווה,311,"עידוד ישראל,5 ","בי""ס דבורה עומר","(32.0715725, 34.8625533)"
7900,פתח תקווה,312,מרדכי בצ'איב,"ביה""ס נווה אברהם",
7900,פתח תקווה,313,"הרב חפוטא יאיר,4 ","בי""ס בית יהודה - מעיין חינוך ת",
7900,פתח תקווה,314,"בראון אריה,3 ","בי""ס ע""ש גולדה מאיר","(32.1022023, 34.8780607)"
7900,פתח תקווה,315,"מבצע חורב,6 ","בי""ס ע""ש חיים חפר","(32.0993423, 34.8843379)"
7900,פתח תקווה,316,"אורן אבי,3 ","חט""ב בן גוריון","(32.0819459, 34.8626375)"
7900,פתח תקווה,317,"עדש שפיק,2 ","בי""ס יובלים",
7900,פתח תקווה,318,"עידוד ישראל,5 ","בי""ס דבורה עומר","(32.0715725, 34.8625533)"
7900,פתח תקווה,319,"אמסטרדם,16 ",רב תחומי פתח תקווה ב',"(32.0837385, 34.8651823)"
7900,פתח תקווה,320,"רום יעל,10 ","בי""ס ממלכתי ע""ש נתן יונתן","(32.0989467, 34.8799584)"
7900,פתח תקווה,321,"אשכול לוי,2 ","בי""ס נוה עוז","(32.069012, 34.8602904)"
7900,פתח תקווה,322,"שולזינגר,10 ","מתנ""ס עולמות","(32.0765734, 34.8765814)"
7900,פתח תקווה,323,"בן חור,14 ","ביה""ס אהוד מנור","(32.1059157, 34.8784249)"
7900,פתח תקווה,949,"אמסטרדם,16 ",רב תחומי פתח תקווה ב',"(32.0837385, 34.8651823)"
7900,פתח תקווה,950,"מבצע חורב,6 ","בי""ס ע""ש חיים חפר","(32.0993423, 34.8843379)"
7900,פתח תקווה,951,"זכרון יעקב,52 ",תיכון אחד העם,"(32.1035712, 34.871917)"
7900,פתח תקווה,952,"טבצ'ניק דוד,3 ","חט""ב מרחביה ותיכון מעיין","(32.0935639, 34.8772257)"
7900,פתח תקווה,953,"אמסטרדם,16 ",רב תחומי פתח תקווה ב',"(32.0837385, 34.8651823)"
7900,פתח תקווה,954,"אשכול לוי,2 ","בי""ס נוה עוז","(32.069012, 34.8602904)"
7900,פתח תקווה,955,"עידוד ישראל,5 ","בי""ס דבורה עומר","(32.0715725, 34.8625533)"
7900,פתח תקווה,956,"שולזינגר,10 ","מתנ""ס עולמות","(32.0765734, 34.8765814)"
7900,פתח תקווה,957,"ישעיהו ישראל,12 ","תיכון ע""ש ברנר","(32.0790194, 34.8993399)"
7900,פתח תקווה,958,"הרב משורר ישעיהו,27 ","בי""ס ממ""ד עמיטל אקדמי","(32.0693242, 34.9050791)"
7900,פתח תקווה,959,"אשכול לוי,2 ","בי""ס נוה עוז","(32.069012, 34.8602904)"
7900,פתח תקווה,960,"אבידן דוד,13 ","בי""ס ע""ש אלימלך כנר","(32.0744458, 34.8639138)"
7900,פתח תקווה,962,"רום יעל,10 ","בי""ס ממלכתי ע""ש נתן יונתן","(32.0989467, 34.8799584)"
7900,פתח תקווה,965,"זכרון יעקב,52 ",תיכון אחד העם,"(32.1035712, 34.871917)"
7900,פתח תקווה,990,"הרב מוהליבר שמואל,17 ","בי""ס למרחב בנות-לשעבר נצח בנים",
2640,ראש העין,1,"יחיא יצחק הלוי,20 ","מועדון פסיפס (רש""ש)",
2640,ראש העין,2,"דוד המלך,19 ",מועדון נוער אביב,"(32.0953538, 34.9509957)"
2640,ראש העין,3,"שבזי,93 ","בי""ס רמב""ם","(32.0974375, 34.9429604)"
2640,ראש העין,4,"מרבד הקסמים,10 ","מתנ""ס לב העיר","(32.0965923, 34.944633)"
2640,ראש העין,5,"שילה,21 ",עיריית ראש העין,"(32.091386, 34.9599799)"
2640,ראש העין,6,"המתמיד,23 ",מועדון גיל הזהב,"(32.0915326, 34.9510935)"
2640,ראש העין,7,"מהריק""א,3 ","בי""ס בית יעקב","(32.0994569, 34.9426823)"
2640,ראש העין,8,"מרבד הקסמים,10 ","מתנ""ס לב העיר","(32.0965923, 34.944633)"
2640,ראש העין,9,"החמישה,51 ",אולפנת זבולון,"(32.0927191, 34.9504891)"
2640,ראש העין,10,"מהריק""א,3 ","בי""ס בית יעקב","(32.0994569, 34.9426823)"
2640,ראש העין,11,"הרש""ש,30 ",גן זמר,"(32.0975692, 34.9502303)"
2640,ראש העין,12,"שבזי,93 ","בי""ס רמב""ם","(32.0974375, 34.9429604)"
2640,ראש העין,13,"זכריה משה,7 ",סימפוניה- קונסרבטוריון עירוני,"(32.0976522, 34.9452383)"
2640,ראש העין,14,"רש""י,120 ",גן תמר,"(32.0966122, 34.9569596)"
2640,ראש העין,15,"ג'ון קנדי,34 ",גן עפרוני,"(32.0970445, 34.9526733)"
2640,ראש העין,16,"דוד המלך,19 ",מועדון נוער אביב,"(32.0953538, 34.9509957)"
2640,ראש העין,18,"מהריק""א,3 ","בי""ס בית יעקב","(32.0994569, 34.9426823)"
2640,ראש העין,19,"עירית,29 ","מועדון ויצ""ו",
2640,ראש העין,20,"הדרור,33 ",גן ליצ'י,"(32.1039974, 34.9610131)"
2640,ראש העין,21,"כרמל,59 ",גן ילדים יערה,"(32.0905447, 34.9646516)"
2640,ראש העין,22,"ברקן,58 ",גן ילדים רותם,"(32.0944054, 34.9765585)"
2640,ראש העין,23,"גזית,19 ","בי""ס ממלכתי אפק",
2640,ראש העין,24,"דרגות,9 ",מקלט ג'ודוקא,"(32.0958026, 34.9680094)"
2640,ראש העין,25,"שבזי,157 ","ביה""ס הממלכתי אשכול","(32.0846607, 34.9645084)"
2640,ראש העין,26,"מבצע דני,1 ",מתנס לב אפק (גיל הרך),"(32.0968935, 34.9757386)"
2640,ראש העין,27,"מבצע דני,1 ",מתנס לב אפק (גיל הרך),"(32.0968935, 34.9757386)"
2640,ראש העין,28,"קתרוס,37 ",מועדון גיל הזהב קתרוס,"(32.0911844, 34.974297)"
2640,ראש העין,29,"נווה אפיקים,3 ","בי""ס נופים","(32.0930663, 34.9713369)"
2640,ראש העין,30,"קתרוס,37 ",מועדון גיל הזהב קתרוס,"(32.0911844, 34.974297)"
2640,ראש העין,31,"נווה אפיקים,1 ","מתנ""ס לב אפק- מקום בלב","(32.0922852, 34.9778648)"
2640,ראש העין,32,"נווה אפיקים,3 ","בי""ס נופים","(32.0930663, 34.9713369)"
2640,ראש העין,33,"יונה,3 ","מתנ""ס לב הגבעה (גבעת הסלעים)","(32.1016411, 34.9602061)"
2640,ראש העין,34,"קתרוס,37 ",מועדון גיל הזהב קתרוס,"(32.0911844, 34.974297)"
2640,ראש העין,35,"סמדר,12 ",בית המתנדב,"(32.0864389, 34.9554304)"
2640,ראש העין,36,"שבזי,157 ","ביה""ס הממלכתי אשכול","(32.0846607, 34.9645084)"
2640,ראש העין,37,"המתמיד,23 ",מועדון גיל הזהב,"(32.0915326, 34.9510935)"
2640,ראש העין,38,"זכריה משה,7 ",סימפוניה- קונסרבטוריון עירוני,"(32.0976522, 34.9452383)"
2640,ראש העין,39,"המתמיד,23 ",מועדון גיל הזהב,"(32.0915326, 34.9510935)"
2640,ראש העין,40,"שילה,21 ",עיריית ראש העין,"(32.091386, 34.9599799)"
2640,ראש העין,41,"ג'ון קנדי,34 ",מרכז אביבית,"(32.0970445, 34.9526733)"
2640,ראש העין,42,"חרמון,34 ",גן סביון,"(32.0915816, 34.9622389)"
2640,ראש העין,43,"אילנות,56 ",מקלט בסיס הדרכה,
2640,ראש העין,44,"כינור,28 ",גן שמש,"(32.0905947, 34.97407)"
2640,ראש העין,45,"נווה אפיקים,3 ","בי""ס נופים","(32.0930663, 34.9713369)"
2640,ראש העין,46,"הרש""ש,30 ",גן קשת,"(32.0975692, 34.9502303)"
2640,ראש העין,47,"נווה אפיקים,1 ","מתנ""ס לב אפק- מקום בלב","(32.0922852, 34.9778648)"
2640,ראש העין,48,"יונה,3 ","מתנ""ס לב הגבעה (גבעת הסלעים)","(32.1016411, 34.9602061)"
2640,ראש העין,49,"החמישה,51 ",אולפנת זבולון,"(32.0927191, 34.9504891)"
2640,ראש העין,50,"נווה אפיקים,3 ","בי""ס נופים","(32.0930663, 34.9713369)"
2640,ראש העין,51,"שבזי,93 ","בי""ס רמב""ם","(32.0974375, 34.9429604)"
2640,ראש העין,52,"זכריה משה,7 ",סימפוניה- קונסרבטוריון עירוני,"(32.0976522, 34.9452383)"
2640,ראש העין,53,"גזית,19 ","בי""ס ממלכתי אפק",
2640,ראש העין,54,"שבזי,157 ",ביס ממלכתי אשכול,"(32.0846607, 34.9645084)"
2640,ראש העין,55,"שבזי,182 ","בי""ס צומח","(32.0974375, 34.9429604)"
2640,ראש העין,56,"יגאל אלון,25 ","בי""ס ע""ש חיים גורי","(32.0867718, 34.9787605)"
2640,ראש העין,57,מרים הנביאה,גן שבתאי,"(32.0808417, 34.9858609)"
2640,ראש העין,58,"יפה ירקוני,9 ","בי""ס ע""ש שמעון פרס","(32.086465, 34.9752395)"
2640,ראש העין,59,"שבזי,182 ","בי""ס צומח","(32.0974375, 34.9429604)"
2640,ראש העין,60,"יפה ירקוני,9 ","בי""ס ע""ש שמעון פרס","(32.086465, 34.9752395)"
2640,ראש העין,61,"יפה ירקוני,9 ","בי""ס ע""ש שמעון פרס","(32.086465, 34.9752395)"
2640,ראש העין,62,"כינור,28 ",גן שמש,"(32.0905947, 34.97407)"
2640,ראש העין,63,"מהריק""א,3 ","בי""ס בית יעקב","(32.0994569, 34.9426823)"
2640,ראש העין,64,"יפה ירקוני,9 ","בי""ס ע""ש שמעון פרס","(32.086465, 34.9752395)"
2640,ראש העין,65,"שבזי,182 ","בי""ס צומח","(32.0974375, 34.9429604)"
2640,ראש העין,66,"שבזי,182 ","בי""ס צומח","(32.0974375, 34.9429604)"
2640,ראש העין,67,"יפה ירקוני,9 ","בי""ס ע""ש שמעון פרס","(32.086465, 34.9752395)"
2640,ראש העין,68,"שבזי,157 ",ביס ממלכתי אשכול,"(32.0846607, 34.9645084)"
2640,ראש העין,69,"יגאל אלון,25 ","בי""ס ע""ש חיים גורי","(32.0867718, 34.9787605)"
2640,ראש העין,70,"שבזי,182 ","בי""ס צומח","(32.0974375, 34.9429604)"
2640,ראש העין,71,"יפה ירקוני,9 ","בי""ס ע""ש שמעון פרס","(32.086465, 34.9752395)"
2640,ראש העין,72,"יפה ירקוני,9 ","בי""ס ע""ש שמעון פרס","(32.086465, 34.9752395)"
2640,ראש העין,73,"נחשול,13 ",גן ניצבא,"(32.1075624, 34.9457584)"
2640,ראש העין,74,"יפה ירקוני,9 ","בי""ס ע""ש שמעון פרס","(32.086465, 34.9752395)"
2640,ראש העין,75,"יגאל אלון,25 ","בי""ס ע""ש חיים גורי","(32.0867718, 34.9787605)"
2640,ראש העין,76,"שבזי,182 ","בי""ס צומח","(32.0974375, 34.9429604)"
2640,ראש העין,77,"שבזי,182 ","בי""ס צומח","(32.0974375, 34.9429604)"
2640,ראש העין,78,מרים הנביאה,גן שביט,"(32.0808417, 34.9858609)"
2640,ראש העין,79,"יגאל אלון,25 ","בי""ס ע""ש חיים גורי","(32.0867718, 34.9787605)"
2640,ראש העין,80,"נחשול,13 ",גן ניצבא,"(32.1075624, 34.9457584)"
2640,ראש העין,81,מרים הנביאה,גן שביט,"(32.0808417, 34.9858609)"
2640,ראש העין,82,מרים הנביאה,גן שביט,"(32.0808417, 34.9858609)"
2640,ראש העין,950,"נחשול,13 ",גן ניצבא,"(32.1075624, 34.9457584)"
2640,ראש העין,990,"שילה,21 ",עיריית ראש העין,"(32.091386, 34.9599799)"
616,רינתיה,1,דרך המבואות,בית רוני - בית תרבות,"(32.0443546, 34.9245972)"
804,אחיסמך,1,אחיסמך,אוהל-אברהם,
804,אחיסמך,2,אחיסמך,אוהל-אברהם,
797,אחיעזר,1,אחיעזר,בית תרבות,
797,אחיעזר,2,אחיעזר,בית תרבות,
2530,באר יעקב,1,הדקל,"בי""ס סביון","(31.9388621, 34.833446)"
2530,באר יעקב,2,"הגפן,7 ",תיכון חרדי באר יעקב,"(31.9458315, 34.8360989)"
2530,באר יעקב,3,"הרב עוזיאל,13 ","מתנ""ס לב הבאר","(31.9425739, 34.8376092)"
2530,באר יעקב,4,"חזון איש,1 ","בי""ס אגודת ישראל","(31.9446469, 34.8386866)"
2530,באר יעקב,5,"בן יוסף שלמה,18 ","בי""ס הדרים אילן רמון","(31.9405884, 34.837528)"
2530,באר יעקב,6,"בן יוסף שלמה,18 ","בי""ס הדרים אילן רמון","(31.9405884, 34.837528)"
2530,באר יעקב,7,"בן יוסף שלמה,18 ","בי""ס הדרים אילן רמון","(31.9405884, 34.837528)"
2530,באר יעקב,8,"בן יוסף שלמה,18 ","בי""ס הדרים אילן רמון","(31.9405884, 34.837528)"
2530,באר יעקב,9,"הגפן,7 ",תיכון חרדי באר יעקב,"(31.9458315, 34.8360989)"
2530,באר יעקב,10,הדקל,"בי""ס סביון","(31.9388621, 34.833446)"
2530,באר יעקב,11,"חזון איש,1 ","בי""ס אגודת ישראל","(31.9446469, 34.8386866)"
2530,באר יעקב,12,הדקל,"בי""ס סביון","(31.9388621, 34.833446)"
2530,באר יעקב,13,"גולדברג לאה,1 ","בי""ס תלמים","(31.9423259, 34.8467881)"
2530,באר יעקב,14,הדקל,"בי""ס סביון","(31.9388621, 34.833446)"
2530,באר יעקב,15,"בן יוסף שלמה,18 ","בי""ס הדרים אילן רמון","(31.9405884, 34.837528)"
2530,באר יעקב,16,הדקל,"בי""ס סביון","(31.9388621, 34.833446)"
2530,באר יעקב,17,"גולדברג לאה,1 ","בי""ס תלמים","(31.9423259, 34.8467881)"
2530,באר יעקב,18,"גולדברג לאה,1 ","בי""ס תלמים","(31.9423259, 34.8467881)"
2530,באר יעקב,19,הדקל,"בי""ס סביון","(31.9388621, 34.833446)"
2530,באר יעקב,20,"טופז,6 ","בי""ס נווה נחום","(31.9413351, 34.8277018)"
2530,באר יעקב,21,שוהם,"בי""ס צמרות","(31.939688, 34.8250242)"
2530,באר יעקב,22,"טופז,6 ","בי""ס נווה נחום","(31.9413351, 34.8277018)"
2530,באר יעקב,23,שוהם,"בי""ס צמרות","(31.939688, 34.8250242)"
2530,באר יעקב,24,שוהם,"בי""ס צמרות","(31.939688, 34.8250242)"
2530,באר יעקב,25,שוהם,"בי""ס צמרות","(31.939688, 34.8250242)"
2530,באר יעקב,26,שוהם,"בי""ס צמרות","(31.939688, 34.8250242)"
2530,באר יעקב,27,"טופז,6 ","בי""ס נווה נחום","(31.9413351, 34.8277018)"
2530,באר יעקב,28,שוהם,"בי""ס צמרות","(31.939688, 34.8250242)"
466,בית דגן,1,"קפלן,4 ","בי""ס ממ""ד רמבם","(32.0003599, 34.8320299)"
466,בית דגן,2,"קפלן,4 ","בי""ס ממ""ד רמבם","(32.0003599, 34.8320299)"
466,בית דגן,3,"בגין מנחם,40 ",מרכז קהילתי,"(32.00314, 34.8270195)"
466,בית דגן,4,"בגין מנחם,42 ",מרכז פיס לקשיש,"(32.00314, 34.8270195)"
466,בית דגן,5,"קפלן,4 ","בי""ס ממ""ד רמבם","(32.0003599, 34.8320299)"
466,בית דגן,6,"בגין מנחם,42 ",מרכז פיס לקשיש,"(32.00314, 34.8270195)"
466,בית דגן,7,"הבנים,8 ","בי""ס שדות","(32.0017936, 34.8330541)"
466,בית דגן,8,"בגין מנחם,40 ",מרכז קהילתי,"(32.00314, 34.8270195)"
466,בית דגן,9,"קפלן,4 ","בי""ס ממ""ד רמבם","(32.0003599, 34.8320299)"
1050,בית חשמונאי,1,בית חשמונאי,"ביה""ס שדות איילון","(31.89205, 34.919982)"
1050,בית חשמונאי,2,בית חשמונאי,"ביה""ס שדות איילון","(31.89205, 34.919982)"
1050,בית חשמונאי,3,בית חשמונאי,"ביה""ס שדות איילון","(31.89205, 34.919982)"
784,בית נחמיה,1,בית נחמיה,בית העם,"(31.974834, 34.955123)"
301,בית עוזיאל,1,בית עוזיאל,המועדון החדש,"(31.874781, 34.892713)"
604,בית עריף,1,בית עריף,בית תרבות,
1084,בן שמן (כפר נוער),1,"בן שמן (כפר נוער),9999 ",בית ספר יסודי,
2013,בן שמן (מושב),1,בן שמן (מושב),מזכירות,
370,גזר,1,גזר,מזכירות,"(31.8770069, 34.9208529)"
863,גינתון,1,גינתון,מזכירות,
745,גמזו,1,גמזו,מועדון מושב גימזו,"(31.933468, 34.939712)"
836,גנות,1,גנות,בית תרבות,
1103,גני הדר,1,גני הדר,מועדון חברים,"(32.9632572, 35.4891667)"
3823,גני מודיעין,1,"רמ""א,8 ","בי""ס חינוך עצמאי - בנים",
3823,גני מודיעין,2,"רמ""א,8 ","בי""ס חינוך עצמאי - בנים",
3823,גני מודיעין,3,"רמ""א,8 ","בי""ס חינוך עצמאי - בנות",
788,זיתן,1,הגפן,מועדון ליד המכולת,"(31.9740242, 34.8899129)"
788,זיתן,2,הגפן,מועדון ליד המכולת,"(31.9740242, 34.8899129)"
618,חדיד,1,הרקפת,אסם,"(31.9687405, 34.9326203)"
160,חולדה,1,חולדה,מועדון חבר,"(32.0778756, 34.8297172)"
801,חמד,1,חמד,היכל שמואל דן,"(31.271251, 34.807503)"
3770,חשמונאים,1,הכרמל,"ביס ממ""ד רמת מודיעין",
3770,חשמונאים,2,הכרמל,"ביס ממ""ד רמת מודיעין",
3770,חשמונאים,3,הכרמל,"ביס ממ""ד רמת מודיעין",
3770,חשמונאים,4,הכרמל,"ביס ממ""ד רמת מודיעין",
798,יגל,1,יגל,מועדון ותיקים,"(31.984923, 34.877182)"
64,"יד רמב""ם",1,"יד רמב""ם",מבנה ארכיון חדש,"(31.903458, 34.897619)"
64,"יד רמב""ם",2,"יד רמב""ם",בית המייסדים,"(31.903458, 34.897619)"
759,יציץ,1,האלון,מועדון תרבות,"(31.8646774, 34.8643979)"
828,ישרש,1,ישרש,מועדון,
2010,כפר בן נון,1,כפר בן נון,מועדון,
707,כפר דניאל,1,כפר דניאל,בית העם,
3796,כפר האורנים,1,"נחל מודיעין,2 ","בי""ס אור",
3796,כפר האורנים,2,"נחל מודיעין,2 ","בי""ס אור",
3796,כפר האורנים,3,"נחל מודיעין,2 ","בי""ס אור",
696,"כפר חב""ד",1,"כפר חב""ד","בי""ס ממ""ד בית רבקה - צעירות","(31.983689, 34.8577)"
696,"כפר חב""ד",2,"כפר חב""ד","בי""ס ממ""ד בית רבקה - בוגרות","(31.983689, 34.8577)"
696,"כפר חב""ד",3,"כפר חב""ד","בי""ס ממ""ד בית רבקה - צעירות","(31.983689, 34.8577)"
696,"כפר חב""ד",4,"כפר חב""ד","בי""ס ממ""ד בית רבקה - צעירות","(31.983689, 34.8577)"
696,"כפר חב""ד",5,"כפר חב""ד","בי""ס ממ""ד בית רבקה - צעירות","(31.983689, 34.8577)"
696,"כפר חב""ד",6,"כפר חב""ד","בי""ס ממ""ד בית רבקה - בוגרות","(31.983689, 34.8577)"
696,"כפר חב""ד",7,"כפר חב""ד","בי""ס ממ""ד בית רבקה - בוגרות","(31.983689, 34.8577)"
673,כפר טרומן,1,כפר טרומן,בית הפיס לקהילה,"(31.98075, 34.926141)"
1166,כפר רות,1,כפר רות,מועדון,"(31.910108, 35.033964)"
743,כפר שמואל,1,כפר שמואל,"מרכז קהילתי (ע""י הצרכניה)","(31.891573, 34.928532)"
88,כרם בן שמן,1,כרם בן שמן,כפר הנוער בן שמן,
1264,כרמי יוסף,1,"כרמי יוסף,1 ",בית הקהילה,
1264,כרמי יוסף,2,"כרמי יוסף,1 ",בית הקהילה,
1264,כרמי יוסף,3,"כרמי יוסף,1 ",מועדון נוער,
7000,לוד,2,"שדה יצחק,9 ","בי""ס אל-זהרא","(31.9578969, 34.8947848)"
7000,לוד,3,"אקסודוס,6 ","ביה""ס אלראזי","(31.9553271, 34.9002294)"
7000,לוד,4,"אקסודוס,6 ","ביה""ס אלראזי","(31.9553271, 34.9002294)"
7000,לוד,5,"הגיא,1 ","בי""ס אל-ראשדיה","(31.9591301, 34.9032124)"
7000,לוד,6,רובין אריה,"בי""ס רמב""ם","(31.9476495, 34.8975293)"
7000,לוד,7,"שדה יצחק,9 ","בי""ס אל-זהרא","(31.9578969, 34.8947848)"
7000,לוד,8,"הגיא,1 ","בי""ס אל-ראשדיה","(31.9591301, 34.9032124)"
7000,לוד,9,"פלומניק יעקב,1 ","בי""ס נועם נריה","(31.9543602, 34.8909521)"
7000,לוד,10,"פלומניק יעקב,1 ","בי""ס נועם נריה","(31.9543602, 34.8909521)"
7000,לוד,11,"כצנלסון,4 ",ישיבה תיכונית אלישיב,"(31.9528069, 34.8939201)"
7000,לוד,12,"שד דוד המלך,20 ",ספריה לדורות,
7000,לוד,13,"אלתר רחל,3 ","בי""ס המעפילים","(31.9473079, 34.8894687)"
7000,לוד,14,"שד דוד המלך,20 ",ספריה לדורות,
7000,לוד,15,"שפירא חיים משה,33 ",תיכון עתיד למדעים,"(31.948645, 34.9036986)"
7000,לוד,16,"שד צה""ל,4 ","בי""ס אל מנאר",
7000,לוד,17,"הרב חורי חיים,27 ","ביה""ס הראל","(31.9400602, 34.8907921)"
7000,לוד,18,"אקסודוס,6 ","ביה""ס אלראזי","(31.9553271, 34.9002294)"
7000,לוד,19,"שד צה""ל,4 ","בי""ס אל מנאר",
7000,לוד,20,"פלומניק יעקב,1 ","בי""ס נועם נריה","(31.9543602, 34.8909521)"
7000,לוד,21,"אקסודוס,6 ","ביה""ס אלראזי","(31.9553271, 34.9002294)"
7000,לוד,22,"שפירא חיים משה,33 ",תיכון עתיד למדעים,"(31.948645, 34.9036986)"
7000,לוד,23,"שד צה""ל,4 ","בי""ס אל מנאר",
7000,לוד,24,"שפירא חיים משה,13 ","בי""ס מ""מ ע""ש ספיר","(31.9516505, 34.9058128)"
7000,לוד,25,"אלתר רחל,3 ","בי""ס המעפילים","(31.9473079, 34.8894687)"
7000,לוד,26,"אלתר רחל,3 ","בי""ס המעפילים","(31.9473079, 34.8894687)"
7000,לוד,27,"קפלן,2 ","ביה""ס נועם המאירי","(31.943181, 34.886967)"
7000,לוד,28,"שפירא חיים משה,13 ","בי""ס מ""מ ע""ש ספיר","(31.9516505, 34.9058128)"
7000,לוד,29,"קפלן,2 ","ביה""ס נועם המאירי","(31.943181, 34.886967)"
7000,לוד,30,"קפלן,2 ","ביה""ס נועם המאירי","(31.943181, 34.886967)"
7000,לוד,31,"דיזרעאלי,11 ","מתנ""ס דנוור",
7000,לוד,32,"אלתר רחל,3 ","בי""ס המעפילים","(31.9473079, 34.8894687)"
7000,לוד,33,"דיזרעאלי,11 ","מתנ""ס דנוור",
7000,לוד,34,"אלפעל,4 ","ביה""ס לוי אשכול","(31.948905, 34.8854025)"
7000,לוד,35,"פנקס דוד,5 ","בי""ס ממלכתי דקל",
7000,לוד,36,"מזרחי דוד,6 ","בי""ס התיכון הערבי להנדסה ומדע",
7000,לוד,37,"דיזרעאלי,11 ","מתנ""ס דנוור",
7000,לוד,38,"דיזרעאלי,13 ","בי""ס נטעים",
7000,לוד,39,"אלפעל,4 ","ביה""ס לוי אשכול","(31.948905, 34.8854025)"
7000,לוד,40,גולן,מתחם גני ילדים,"(31.9492143, 34.8843938)"
7000,לוד,41,"קפלן,2 ","ביה""ס נועם המאירי","(31.943181, 34.886967)"
7000,לוד,42,"דיזרעאלי,13 ","בי""ס נטעים",
7000,לוד,43,"פנקס דוד,5 ","בי""ס ממלכתי דקל",
7000,לוד,44,"דיזרעאלי,13 ","בי""ס נטעים",
7000,לוד,45,"כצנלסון,4 ",ישיבה תיכונית אלישיב,"(31.9528069, 34.8939201)"
7000,לוד,46,"הרב חורי חיים,27 ","ביה""ס הראל","(31.9400602, 34.8907921)"
7000,לוד,47,"חטיבת הראל,10 ",גן ילדים סחלב,"(31.9341293, 34.8891627)"
7000,לוד,48,רובין אריה,"בי""ס רמב""ם","(31.9476495, 34.8975293)"
7000,לוד,49,"חטיבת הראל,10 ",גן ילדים קשת,"(31.9341293, 34.8891627)"
7000,לוד,50,"הרב חורי חיים,27 ","ביה""ס הראל","(31.9400602, 34.8907921)"
7000,לוד,51,"אקסודוס,6 ","ביה""ס אלראזי","(31.9553271, 34.9002294)"
7000,לוד,52,"הרב חורי חיים,27 ","בי""ס הראל (יבילים)","(31.9400602, 34.8907921)"
7000,לוד,53,"שפירא חיים משה,13 ","בי""ס מ""מ ע""ש ספיר","(31.9516505, 34.9058128)"
7000,לוד,54,"הרב חורי חיים,27 ","בי""ס הראל (יבילים)","(31.9400602, 34.8907921)"
7000,לוד,55,"הרב חורי חיים,27 ","בי""ס הראל (יבילים)","(31.9400602, 34.8907921)"
7000,לוד,56,"שפירא חיים משה,13 ","בי""ס מ""מ ע""ש ספיר","(31.9516505, 34.9058128)"
7000,לוד,57,"שפירא חיים משה,33 ",תיכון עתיד למדעים,"(31.948645, 34.9036986)"
7000,לוד,58,רובין אריה,"בי""ס רמב""ם","(31.9476495, 34.8975293)"
7000,לוד,59,"הרב חורי חיים,27 ","בי""ס הראל (יבילים)","(31.9400602, 34.8907921)"
7000,לוד,60,"צמח צדק,1 ","בי""ס ממ""ד ב חב""ד (בנות)","(31.943277, 34.8766774)"
7000,לוד,61,"צמח צדק,4 ","בי""ס חב""ד ב' (בנים)","(31.9434887, 34.8760419)"
7000,לוד,62,גולן,מתחם גני ילדים,"(31.9492143, 34.8843938)"
7000,לוד,63,גולן,מתחם גני ילדים,"(31.9492143, 34.8843938)"
7000,לוד,64,"אלתר רחל,3 ","בי""ס המעפילים","(31.9473079, 34.8894687)"
7000,לוד,65,רבין יצחק,"בי""ס נוה שלום","(31.9528879, 34.8753074)"
7000,לוד,66,רבין יצחק,"בי""ס נוה שלום","(31.9528879, 34.8753074)"
7000,לוד,67,"מזרחי דוד,6 ","בי""ס התיכון הערבי להנדסה ומדע",
7000,לוד,68,"דיזרעאלי,13 ","בי""ס נטעים",
7000,לוד,69,"פנקס דוד,5 ","בי""ס ממלכתי דקל",
7000,לוד,70,"לובלין אהרון,9 ","תיכון מקיף ע""ש מקסים לוי","(31.9601334, 34.8826938)"
7000,לוד,71,"ארבע העונות,2 ","בי""ס זבולון המר (צעירים)",
7000,לוד,72,"ארבע העונות,2 ","בי""ס זבולון המר (צעירים)",
7000,לוד,73,"ארבע העונות,2 ","בי""ס זבולון המר (צעירים)",
7000,לוד,74,"לובלין אהרון,9 ","תיכון מקיף ע""ש מקסים לוי","(31.9601334, 34.8826938)"
7000,לוד,75,"ארבע העונות,2 ","בי""ס זבולון המר (צעירים)",
7000,לוד,76,"לובלין אהרון,9 ","תיכון מקיף ע""ש מקסים לוי","(31.9601334, 34.8826938)"
7000,לוד,77,"לובלין אהרון,2 ","בי""ס גני אביב","(31.9617817, 34.8767791)"
7000,לוד,78,"לובלין אהרון,2 ","בי""ס גני אביב","(31.9617817, 34.8767791)"
7000,לוד,79,"לובלין אהרון,2 ","בי""ס גני אביב","(31.9617817, 34.8767791)"
7000,לוד,80,"ארבע העונות,2 ","בי""ס זבולון המר (צעירים)",
7000,לוד,81,"לובלין אהרון,9 ","תיכון מקיף ע""ש מקסים לוי","(31.9601334, 34.8826938)"
7000,לוד,82,"לובלין אהרון,9 ","תיכון מקיף ע""ש מקסים לוי","(31.9601334, 34.8826938)"
7000,לוד,83,"לובלין אהרון,2 ","בי""ס גני אביב","(31.9617817, 34.8767791)"
7000,לוד,84,"לובלין אהרון,2 ","בי""ס גני אביב","(31.9617817, 34.8767791)"
7000,לוד,85,"ארבע העונות,2 ","בי""ס זבולון המר (צעירים)",
7000,לוד,86,"האיילון,10 ",בית ספר יסודי גני יער,"(31.9460502, 34.9048362)"
7000,לוד,87,"האיילון,10 ",בית ספר יסודי גני יער,"(31.9460502, 34.9048362)"
7000,לוד,88,"ארבע העונות,2 ","בי""ס זבולון המר (צעירים)",
7000,לוד,89,"האיילון,10 ",בית ספר יסודי גני יער,"(31.9460502, 34.9048362)"
7000,לוד,90,"האיילון,10 ",בית ספר יסודי גני יער,"(31.9460502, 34.9048362)"
7000,לוד,91,"כצנלסון,4 ",ישיבה תיכונית אלישיב,"(31.9528069, 34.8939201)"
7000,לוד,92,"האיילון,10 ",בית ספר יסודי גני יער,"(31.9460502, 34.9048362)"
7000,לוד,93,"הרב אלישיב,9 ",בית יעקב (בנות),"(31.9341521, 34.8977599)"
7000,לוד,94,"אקסודוס,6 ","ביה""ס אלראזי","(31.9553271, 34.9002294)"
7000,לוד,95,"הרב אלישיב,9 ",בית יעקב (בנות),"(31.9341521, 34.8977599)"
7000,לוד,96,"מזרחי דוד,6 ","בי""ס התיכון הערבי להנדסה ומדע",
7000,לוד,97,"הרב אלישיב,9 ",בית יעקב (בנות),"(31.9341521, 34.8977599)"
7000,לוד,98,"הרב אלישיב,9 ",בית יעקב (בנות),"(31.9341521, 34.8977599)"
7000,לוד,951,"שדה יצחק,9 ","בי""ס אל-זהרא","(31.9578969, 34.8947848)"
7000,לוד,952,"הרב אלישיב,9 ",בית יעקב (בנות),"(31.9341521, 34.8977599)"
7000,לוד,953,"האיילון,10 ",בית ספר יסודי גני יער,"(31.9460502, 34.9048362)"
7000,לוד,990,"אלתר רחל,3 ","בי""ס המעפילים","(31.9473079, 34.8894687)"
1310,לפיד,1,"השקמה,40 ",מועדון פיס,
1310,לפיד,2,"השקמה,67 ","בי""ס יסודי לפיד",
1310,לפיד,3,"השקמה,67 ","בי""ס יסודי לפיד",
3709,מבוא חורון,1,מבוא חורון,"ממ""ד תורני נטעים בנות",
3709,מבוא חורון,2,מבוא חורון,"ממ""ד תורני נטעים בנות",
1141,מבוא מודיעים,1,מבוא מודיעים,מזכירות,"(31.9344487, 34.9882935)"
1200,מודיעין-מכבים-רעות,1,"שדרות דם המכבים,9 ","בי""ס עירוני א'",
1200,מודיעין-מכבים-רעות,2,"גינת איילון,34 ","בי""ס ממלכתי - היובל",
1200,מודיעין-מכבים-רעות,3,"נחל עיון,1 ","בי""ס על יסודי ע""ש יצחק רבין","(31.8988226, 35.0119663)"
1200,מודיעין-מכבים-רעות,4,"נחל עיון,1 ","בי""ס על יסודי ע""ש יצחק רבין","(31.8988226, 35.0119663)"
1200,מודיעין-מכבים-רעות,5,"עמק דותן,11 ","בי""ס אופק","(31.8985906, 35.0091926)"
1200,מודיעין-מכבים-רעות,6,"נחל צלמון,23 ","בי""ס משואות נריה","(31.8917635, 35.0101258)"
1200,מודיעין-מכבים-רעות,7,"גינת החולה,52 ","בי""ס ממ""ד - נתיב זבולון",
1200,מודיעין-מכבים-רעות,8,"עמק דותן,11 ","בי""ס אופק","(31.8985906, 35.0091926)"
1200,מודיעין-מכבים-רעות,9,"גינת החולה,12 ","בי""ס ממלכתי - דורות",
1200,מודיעין-מכבים-רעות,10,"שדרות דם המכבים,9 ","בי""ס עירוני א'",
1200,מודיעין-מכבים-רעות,11,"תלתן,2 ","בי""ס ממלכתי - עידנים","(31.9066534, 35.0070935)"
1200,מודיעין-מכבים-רעות,12,"שדרות דם המכבים,9 ","בי""ס עירוני א'",
1200,מודיעין-מכבים-רעות,13,"גינת איילון,34 ","בי""ס ממלכתי - היובל",
1200,מודיעין-מכבים-רעות,14,"נחל עיון,1 ","בי""ס על יסודי ע""ש יצחק רבין","(31.8988226, 35.0119663)"
1200,מודיעין-מכבים-רעות,15,"נחל עיון,1 ","בי""ס על יסודי ע""ש יצחק רבין","(31.8988226, 35.0119663)"
1200,מודיעין-מכבים-רעות,16,"שד יצחק רבין,32 ","בי""ס יסודי ממלכתי - ניצנים","(31.8930182, 35.0039932)"
1200,מודיעין-מכבים-רעות,17,"גינת החולה,52 ","בי""ס ממ""ד - נתיב זבולון",
1200,מודיעין-מכבים-רעות,18,"שד יצחק רבין,32 ","בי""ס יסודי ממלכתי - ניצנים","(31.8930182, 35.0039932)"
1200,מודיעין-מכבים-רעות,19,"גינת החולה,12 ","בי""ס ממלכתי - דורות",
1200,מודיעין-מכבים-רעות,20,"רא""ל חיים ברלב,45 ","בי""ס אילן רמון",
1200,מודיעין-מכבים-רעות,21,"אליהו הנביא,2 ","בי""ס ממלכתי ה' אסיף","(31.9120643, 35.0078751)"
1200,מודיעין-מכבים-רעות,22,"עמק בית שאן,51 ","בי""ס אבני החושן תורני-אומניות","(31.9127645, 35.0016225)"
1200,מודיעין-מכבים-רעות,23,"ישעיהו הנביא,23 ","ביה""ס יסודי יחד","(31.9159577, 35.0017388)"
1200,מודיעין-מכבים-רעות,24,"אליהו הנביא,2 ","בי""ס ממלכתי ה' אסיף","(31.9120643, 35.0078751)"
1200,מודיעין-מכבים-רעות,25,"רא""ל חיים ברלב,45 ","בי""ס אילן רמון",
1200,מודיעין-מכבים-רעות,26,"עמק בית שאן,51 ","בי""ס אבני החושן תורני-אומניות","(31.9127645, 35.0016225)"
1200,מודיעין-מכבים-רעות,27,"אליהו הנביא,2 ","בי""ס ממלכתי ה' אסיף","(31.9120643, 35.0078751)"
1200,מודיעין-מכבים-רעות,28,"חטיבת הצנחנים,1 ","בי""ס ממלכתי קשת","(31.9090836, 34.9974852)"
1200,מודיעין-מכבים-רעות,29,"ישעיהו הנביא,23 ","ביה""ס יסודי יחד","(31.9159577, 35.0017388)"
1200,מודיעין-מכבים-רעות,30,"גינת איילון,34 ","בי""ס ממלכתי - היובל",
1200,מודיעין-מכבים-רעות,31,"תלתן,2 ","בי""ס ממלכתי - עידנים","(31.9066534, 35.0070935)"
1200,מודיעין-מכבים-רעות,32,"גינת החולה,52 ","בי""ס ממ""ד - נתיב זבולון",
1200,מודיעין-מכבים-רעות,33,"גינת איילון,34 ","בי""ס ממלכתי - היובל",
1200,מודיעין-מכבים-רעות,34,"נחל עיון,1 ","בי""ס על יסודי ע""ש יצחק רבין","(31.8988226, 35.0119663)"
1200,מודיעין-מכבים-רעות,35,"נחל צלמון,23 ","בי""ס משואות נריה","(31.8917635, 35.0101258)"
1200,מודיעין-מכבים-רעות,36,"חטיבת הצנחנים,1 ","בי""ס ממלכתי קשת","(31.9090836, 34.9974852)"
1200,מודיעין-מכבים-רעות,37,"יהלום,52 ","בי""ס דרכי יהודה","(31.9027913, 34.9987807)"
1200,מודיעין-מכבים-רעות,38,"שני,80 ","בי""ס ממלכתי חוט-השני","(31.901198, 35.0018441)"
1200,מודיעין-מכבים-רעות,39,"שני,80 ","בי""ס ממלכתי חוט-השני","(31.901198, 35.0018441)"
1200,מודיעין-מכבים-רעות,40,"אפרים,15 ","בי""ס ממ""ד תורני ""שבטי-ישראל""","(31.8840445, 35.0064184)"
1200,מודיעין-מכבים-רעות,41,"שד יצחק רבין,32 ","בי""ס יסודי ממלכתי - ניצנים","(31.8930182, 35.0039932)"
1200,מודיעין-מכבים-רעות,42,"נחל צלמון,23 ","בי""ס משואות נריה","(31.8917635, 35.0101258)"
1200,מודיעין-מכבים-רעות,43,"דן,20 ",גן ארבל,"(31.8892738, 35.0030755)"
1200,מודיעין-מכבים-רעות,44,"ראובן,6 ","בי""ס ""רעים""","(31.886093, 35.0013393)"
1200,מודיעין-מכבים-רעות,45,"עמק האלה,40 ","בי""ס האלה","(31.9141914, 35.005755)"
1200,מודיעין-מכבים-רעות,46,"עמק חרוד,9 ","בי""ס אורט עירוני ד","(31.9178805, 35.0012841)"
1200,מודיעין-מכבים-רעות,47,"ראובן,6 ","בי""ס ""רעים""","(31.886093, 35.0013393)"
1200,מודיעין-מכבים-רעות,48,"עמק בית שאן,51 ","בי""ס אבני החושן תורני-אומניות","(31.9127645, 35.0016225)"
1200,מודיעין-מכבים-רעות,49,"חטיבת הצנחנים,1 ","בי""ס ממלכתי קשת","(31.9090836, 34.9974852)"
1200,מודיעין-מכבים-רעות,50,"יהלום,52 ","בי""ס דרכי יהודה","(31.9027913, 34.9987807)"
1200,מודיעין-מכבים-רעות,51,"אבני החושן,55 ","בי""ס אבני חן","(31.9048041, 34.9912276)"
1200,מודיעין-מכבים-רעות,52,"שדרות דם המכבים,9 ","בי""ס עירוני א'",
1200,מודיעין-מכבים-רעות,53,"גינת החולה,12 ","בי""ס ממלכתי - דורות",
1200,מודיעין-מכבים-רעות,54,"שני,80 ","בי""ס ממלכתי חוט-השני","(31.901198, 35.0018441)"
1200,מודיעין-מכבים-רעות,55,"שרה אמנו,59 ","בי""ס ""אלונים""","(31.88255, 35.0101513)"
1200,מודיעין-מכבים-רעות,56,"עמק דותן,11 ","בי""ס אופק","(31.8985906, 35.0091926)"
1200,מודיעין-מכבים-רעות,57,"חטיבת הצנחנים,1 ","בי""ס ממלכתי קשת","(31.9090836, 34.9974852)"
1200,מודיעין-מכבים-רעות,58,"עמק האלה,40 ","בי""ס האלה","(31.9141914, 35.005755)"
1200,מודיעין-מכבים-רעות,59,"אליהו הנביא,2 ","בי""ס ממלכתי ה' אסיף","(31.9120643, 35.0078751)"
1200,מודיעין-מכבים-רעות,60,"שני,80 ","בי""ס ממלכתי חוט-השני","(31.901198, 35.0018441)"
1200,מודיעין-מכבים-רעות,61,"שד מנחם בגין,55 ","בי""ס דתי תורני אריאל",
1200,מודיעין-מכבים-רעות,62,"אפרים,15 ","בי""ס ממ""ד תורני ""שבטי-ישראל""","(31.8840445, 35.0064184)"
1200,מודיעין-מכבים-רעות,63,"ישעיהו הנביא,23 ","ביה""ס יסודי יחד","(31.9159577, 35.0017388)"
1200,מודיעין-מכבים-רעות,64,"חשון,30 ","בי""ס ממלכתי יוזמ""ה","(31.9145378, 35.0131928)"
1200,מודיעין-מכבים-רעות,65,"עמק האלה,40 ","בי""ס האלה","(31.9141914, 35.005755)"
1200,מודיעין-מכבים-רעות,66,"חשון,30 ","בי""ס ממלכתי יוזמ""ה","(31.9145378, 35.0131928)"
1200,מודיעין-מכבים-רעות,67,"עמק האלה,40 ","בי""ס האלה","(31.9141914, 35.005755)"
1200,מודיעין-מכבים-רעות,68,"ראובן,6 ","בי""ס ""רעים""","(31.886093, 35.0013393)"
1200,מודיעין-מכבים-רעות,69,"יהלום,52 ","בי""ס דרכי יהודה","(31.9027913, 34.9987807)"
1200,מודיעין-מכבים-רעות,70,"תלתן,2 ","בי""ס ממלכתי - עידנים","(31.9066534, 35.0070935)"
1200,מודיעין-מכבים-רעות,71,"נחליאלי,4 ","בי""ס ענבלים","(31.8953696, 34.9926635)"
1200,מודיעין-מכבים-רעות,72,"עמק חרוד,9 ","בי""ס אורט עירוני ד","(31.9178805, 35.0012841)"
1200,מודיעין-מכבים-רעות,73,"חשון,30 ","בי""ס ממלכתי יוזמ""ה","(31.9145378, 35.0131928)"
1200,מודיעין-מכבים-רעות,74,"שרה אמנו,59 ","בי""ס ""אלונים""","(31.88255, 35.0101513)"
1200,מודיעין-מכבים-רעות,75,"חטיבת הצנחנים,1 ","בי""ס ממלכתי קשת","(31.9090836, 34.9974852)"
1200,מודיעין-מכבים-רעות,76,"אליהו הנביא,2 ","בי""ס ממלכתי ה' אסיף","(31.9120643, 35.0078751)"
1200,מודיעין-מכבים-רעות,77,"שד מנחם בגין,55 ","בי""ס דתי תורני אריאל",
1200,מודיעין-מכבים-רעות,78,"חשון,30 ","בי""ס ממלכתי יוזמ""ה","(31.9145378, 35.0131928)"
1200,מודיעין-מכבים-רעות,79,"נחל צלמון,23 ","בי""ס משואות נריה","(31.8917635, 35.0101258)"
1200,מודיעין-מכבים-רעות,80,"עמק חרוד,9 ","בי""ס אורט עירוני ד","(31.9178805, 35.0012841)"
1200,מודיעין-מכבים-רעות,81,"גינת איילון,34 ","בי""ס ממלכתי - היובל",
1200,מודיעין-מכבים-רעות,82,"ראובן,6 ","בי""ס ""רעים""","(31.886093, 35.0013393)"
1200,מודיעין-מכבים-רעות,83,"נחליאלי,4 ","בי""ס ענבלים","(31.8953696, 34.9926635)"
1200,מודיעין-מכבים-רעות,84,"נחליאלי,4 ","בי""ס ענבלים","(31.8953696, 34.9926635)"
1200,מודיעין-מכבים-רעות,85,"נחליאלי,4 ","בי""ס ענבלים","(31.8953696, 34.9926635)"
1200,מודיעין-מכבים-רעות,86,"נחליאלי,4 ","בי""ס ענבלים","(31.8953696, 34.9926635)"
1200,מודיעין-מכבים-רעות,87,"נחל עיון,1 ","בי""ס על יסודי ע""ש יצחק רבין","(31.8988226, 35.0119663)"
1200,מודיעין-מכבים-רעות,88,"אבני החושן,55 ","בי""ס אבני חן","(31.9048041, 34.9912276)"
1200,מודיעין-מכבים-רעות,89,"נחליאלי,4 ","בי""ס ענבלים","(31.8953696, 34.9926635)"
1200,מודיעין-מכבים-רעות,90,"שרה אמנו,59 ","בי""ס ""אלונים""","(31.88255, 35.0101513)"
1200,מודיעין-מכבים-רעות,91,"אפרים,15 ","בי""ס ממ""ד תורני ""שבטי-ישראל""","(31.8840445, 35.0064184)"
1200,מודיעין-מכבים-רעות,92,"יהלום,52 ","בי""ס דרכי יהודה","(31.9027913, 34.9987807)"
1200,מודיעין-מכבים-רעות,93,"אליהו הנביא,2 ","בי""ס ממלכתי ה' אסיף","(31.9120643, 35.0078751)"
1200,מודיעין-מכבים-רעות,94,"נחליאלי,4 ","בי""ס ענבלים","(31.8953696, 34.9926635)"
1200,מודיעין-מכבים-רעות,101,"דרך ד""ר פלד ישראל","בי""ס מעוז המכבים","(31.892943, 35.032829)"
1200,מודיעין-מכבים-רעות,102,"דרך ד""ר פלד ישראל","בי""ס מעוז המכבים","(31.892943, 35.032829)"
1200,מודיעין-מכבים-רעות,103,הדרים מכבים רעות,"בי""ס חט""ב מור - רעות","(31.887388, 35.0163556)"
1200,מודיעין-מכבים-רעות,104,הדרים מכבים רעות,"בי""ס חט""ב מור - רעות","(31.887388, 35.0163556)"
1200,מודיעין-מכבים-רעות,105,הדרים מכבים רעות,"בי""ס חט""ב מור - רעות","(31.887388, 35.0163556)"
1200,מודיעין-מכבים-רעות,106,"ניצן מכבים רעות,2 ","בי""ס עמית - רעות","(31.8847116, 35.0220713)"
1200,מודיעין-מכבים-רעות,107,"ניצן מכבים רעות,2 ","בי""ס עמית - רעות","(31.8847116, 35.0220713)"
1200,מודיעין-מכבים-רעות,108,"דרך ד""ר פלד ישראל","בי""ס מעוז המכבים","(31.892943, 35.032829)"
1200,מודיעין-מכבים-רעות,109,"ערבי נחל מכבים רעות,51 ","בי""ס תיכון מעוף ברנקו וייס","(31.892867, 35.0177236)"
1200,מודיעין-מכבים-רעות,110,הדרים מכבים רעות,"בי""ס חט""ב מור - רעות","(31.887388, 35.0163556)"
1200,מודיעין-מכבים-רעות,111,הדרים מכבים רעות,"בי""ס חט""ב מור - רעות","(31.887388, 35.0163556)"
1200,מודיעין-מכבים-רעות,112,"ניצן מכבים רעות,2 ","בי""ס עמית - רעות","(31.8847116, 35.0220713)"
1200,מודיעין-מכבים-רעות,113,"דרך ד""ר פלד ישראל","בי""ס מעוז המכבים","(31.892943, 35.032829)"
1200,מודיעין-מכבים-רעות,114,"ערבי נחל מכבים רעות,51 ","בי""ס תיכון מעוף ברנקו וייס","(31.892867, 35.0177236)"
3797,מודיעין עילית,2,"אבני נזר,59 ",בנין אשכולות הפיס קרית ספר,
3797,מודיעין עילית,3,"קצות החושן,7 ",גני פיס,
3797,מודיעין עילית,4,"אבני נזר,59 ",בנין אשכולות הפיס קרית ספר,
3797,מודיעין עילית,5,"נתיבות המשפט,5 ","בי""ס בית יעקב נתיבות דעת",
3797,מודיעין עילית,6,"מרומי שדה,8 ",גן ילדים מרומי שדה,
3797,מודיעין עילית,7,"נתיבות המשפט,5 ","בי""ס בית יעקב נתיבות דעת",
3797,מודיעין עילית,8,"רבי יהודה הנשיא,24ב",מעלות בת-שבע,
3797,מודיעין עילית,9,"מסילת יוסף,48ב",גני ילדים,
3797,מודיעין עילית,10,"נתיבות המשפט,5 ","בי""ס בית יעקב נתיבות דעת",
3797,מודיעין עילית,11,"רבי יהודה הנשיא,24ב",מעלות בת-שבע,
3797,מודיעין עילית,12,"מנחת שלמה,2 ","בי""ס אבי עזרי",
3797,מודיעין עילית,13,"נתיבות המשפט,5 ","בי""ס בית יעקב נתיבות דעת",
3797,מודיעין עילית,14,"נתיבות המשפט,5 ","בי""ס בית יעקב נתיבות דעת",
3797,מודיעין עילית,15,"שדרות יחזקאל,1 ","גני ילדים ""עץ הדעת""",
3797,מודיעין עילית,16,"רבי עקיבא,29 ",גני מורשת-בנות,
3797,מודיעין עילית,17,"רבי שמעון בר יוחאי,21 ",גני ילדים עץ הדעת,
3797,מודיעין עילית,18,"רבי עקיבא,2 ","בי""ס משכנות תמר",
3797,מודיעין עילית,19,"רבי עקיבא,29 ",גני מורשת-בנות,
3797,מודיעין עילית,20,"מנחת שלמה,2 ","בי""ס אבי עזרי",
3797,מודיעין עילית,22,"רש""י,2 ","בי""ס נאות הפסגה",
3797,מודיעין עילית,23,"רש""י,2 ","בי""ס נאות הפסגה",
3797,מודיעין עילית,24,"זכרון שמואל,3 ",גני ילדים,
3797,מודיעין עילית,26,"מנחת שלמה,2 ","בי""ס אבי עזרי",
3797,מודיעין עילית,27,"אבני נזר,59 ",בנין אשכולות הפיס קרית ספר,
3797,מודיעין עילית,28,"נתיבות המשפט,111 ",סמינר בית יעקב,"(31.9339485, 35.0471955)"
3797,מודיעין עילית,29,"רבי עקיבא,2 ","בי""ס משכנות תמר",
3797,מודיעין עילית,30,"רבי שמעון בר יוחאי,21 ",גני ילדים עץ הדעת,
3797,מודיעין עילית,31,"נתיבות המשפט,111 ",סמינר בית יעקב,"(31.9339485, 35.0471955)"
3797,מודיעין עילית,32,"זכרון שמואל,3 ",גני ילדים,
3797,מודיעין עילית,33,"נתיבות המשפט,5 ","בי""ס בית יעקב נתיבות דעת",
3797,מודיעין עילית,34,"אבי עזרי,3 ","בי""ס בית יעקב איילת השחר",
3797,מודיעין עילית,36,"רבי שמעון בר יוחאי,21 ",גני ילדים עץ הדעת,
3797,מודיעין עילית,37,"אור החיים,31 ","בי""ס אהלי ספר בנות",
3797,מודיעין עילית,38,"נתיבות המשפט,111 ",סמינר בית יעקב,"(31.9339485, 35.0471955)"
3797,מודיעין עילית,39,"אבי עזרי,3 ","בי""ס בית יעקב איילת השחר",
3797,מודיעין עילית,40,"נתיבות המשפט,111 ",סמינר בית יעקב,"(31.9339485, 35.0471955)"
3797,מודיעין עילית,41,"מרומי שדה,8 ",גן ילדים מרומי שדה,
3797,מודיעין עילית,42,"נתיבות המשפט,111 ",סמינר בית יעקב,"(31.9339485, 35.0471955)"
3797,מודיעין עילית,43,"רבי עקיבא,2 ","בי""ס משכנות תמר",
3797,מודיעין עילית,44,"רש""י,2 ","בי""ס נאות הפסגה",
3797,מודיעין עילית,45,"אבני נזר,59 ",בנין אשכולות הפיס קרית ספר,
3797,מודיעין עילית,46,"אבי עזרי,3 ","בי""ס בית יעקב איילת השחר",
3797,מודיעין עילית,47,"נתיבות המשפט,111 ",סמינר בית יעקב,"(31.9339485, 35.0471955)"
3797,מודיעין עילית,48,"רבי עקיבא,29 ",גני מורשת-בנות,
3797,מודיעין עילית,49,"רש""י,2 ","בי""ס נאות הפסגה",
3797,מודיעין עילית,50,"רבי עקיבא,2 ","בי""ס משכנות תמר",
3797,מודיעין עילית,51,"קצות החושן,7 ",גני פיס,
3797,מודיעין עילית,52,"מנחת שלמה,2 ","בי""ס אבי עזרי",
3797,מודיעין עילית,53,"רש""י,2 ","בי""ס נאות הפסגה",
3797,מודיעין עילית,54,"רבי יהודה הנשיא,24ב",מעלות בת-שבע,
3797,מודיעין עילית,55,"מסילת יוסף,48ב",גני ילדים,
757,מצליח,1,מצליח,מועדון מצליח,"(31.9038496, 34.8781924)"
757,מצליח,2,מצליח,מועדון מצליח,"(31.9038496, 34.8781924)"
670,משמר איילון,1,משמר איילון,מועדון המחלבה החדש,"(31.870474, 34.946002)"
563,משמר דוד,1,משמר דוד,צהרון (מועדונית לשעבר),"(31.821993, 34.901605)"
729,משמר השבעה,1,משמר השבעה,מועדון תרבות,
3648,מתתיהו,1,מתתיהו,חדר נוער,
1333,נוף איילון,1,"מוריה,16 ",מתנס שלב ב,"(31.8660582, 34.9862504)"
1333,נוף איילון,2,נוף איילון,מזכירות,"(31.867451, 34.985983)"
1333,נוף איילון,3,נוף איילון,מזכירות,"(31.867451, 34.985983)"
3655,"ניל""י",1,"ניל""י",בית תרבות,"(32.319262, 34.861575)"
3655,"ניל""י",2,"ניל""י",בית תרבות,"(32.319262, 34.861575)"
331,ניר צבי,1,ניר צבי,מועדון ויצו,"(31.9323562, 34.801954)"
331,ניר צבי,2,ניר צבי,גן ערבה,"(31.9323562, 34.801954)"
3787,נעלה,1,נעלה,מזכירות נעלה,
3787,נעלה,2,נעלה,מזכירות נעלה,
158,נען,1,נען,מועדון לחבר,
158,נען,2,נען,מועדון לחבר,
435,נצר סרני,1,נצר סרני,חדר אסיפות,"(31.9266782, 34.8256034)"
610,סתריה,1,סתריה,בית יובל,"(31.8842356, 34.8495456)"
610,סתריה,2,סתריה,בית יובל,"(31.8842356, 34.8495456)"
711,עזריה,1,עזריה,גן שקדיה,"(31.88769, 34.911453)"
711,עזריה,2,עזריה,גן זית,"(31.88769, 34.911453)"
838,פדיה,1,פדיה,מועדון,"(31.8539724, 34.8749206)"
839,פתחיה,1,פתחיה,"בית תרבות פתחיה ע""ש יוסי ישי","(31.866158, 34.88799)"
594,צפריה,1,צפריה,מועדון,"(32.0048187, 34.8550045)"
735,רמות מאיר,1,רמות מאיר,מועדון,"(31.873996, 34.854455)"
8500,רמלה,1,"אחימאיר אבא,2 ","תיכון אמי""ת","(31.939653, 34.8712954)"
8500,רמלה,2,"חיים אשר,12 ",מרכז מחוננים מבנה א',"(31.9337152, 34.8706432)"
8500,רמלה,3,"אחימאיר אבא,2 ","תיכון אמי""ת","(31.939653, 34.8712954)"
8500,רמלה,4,"חיים אשר,12 ",מרכז מחוננים מבנה א',"(31.9337152, 34.8706432)"
8500,רמלה,5,"חיים אשר,12 ",מרכז מחוננים מבנה א',"(31.9337152, 34.8706432)"
8500,רמלה,6,"אחימאיר אבא,2 ","תיכון אמי""ת","(31.939653, 34.8712954)"
8500,רמלה,7,"אחימאיר אבא,2 ","תיכון אמי""ת","(31.939653, 34.8712954)"
8500,רמלה,8,"תמיר שמואל,3 ","בי""ס אופק","(31.9374157, 34.8744843)"
8500,רמלה,9,"תמיר שמואל,3 ","בי""ס אופק","(31.9374157, 34.8744843)"
8500,רמלה,10,"מבצע קדש,1 ",בית ווקר,"(31.9370496, 34.866833)"
8500,רמלה,11,"חיים אשר,12 ",מרכז מחוננים מבנה א',"(31.9337152, 34.8706432)"
8500,רמלה,12,"הלל אברהם,6 ",מתחם הידידות א,"(31.9293732, 34.8621125)"
8500,רמלה,13,"תמיר שמואל,3 ","בי""ס אופק","(31.9374157, 34.8744843)"
8500,רמלה,14,"בורוכוב,22 ","בי""ס אריאל - א","(31.9361038, 34.861442)"
8500,רמלה,15,"מבצע קדש,1 ",בית ווקר,"(31.9370496, 34.866833)"
8500,רמלה,16,"יוספטל גיורא,23 ","בי""ס מענית","(31.9341507, 34.8605021)"
8500,רמלה,17,"בורוכוב,22 ","בי""ס אריאל - א","(31.9361038, 34.861442)"
8500,רמלה,18,"מבצע קדש,1 ",בית ווקר,"(31.9370496, 34.866833)"
8500,רמלה,19,"הלל אברהם,6 ",מתחם הידידות א,"(31.9293732, 34.8621125)"
8500,רמלה,20,"הלל אברהם,10 ","בי""ס בן צבי","(31.9293732, 34.8621125)"
8500,רמלה,21,ברזילי,"בי""ס בר אילן","(31.929917, 34.8582405)"
8500,רמלה,22,שרת,"בי""ס שרת-ממלכתי","(31.9341753, 34.8557451)"
8500,רמלה,23,שרת,"בי""ס שרת-ממלכתי","(31.9341753, 34.8557451)"
8500,רמלה,24,"הלל אברהם,10 ","בי""ס בן צבי","(31.9293732, 34.8621125)"
8500,רמלה,25,"הלל אברהם,10 ","בי""ס בן צבי","(31.9293732, 34.8621125)"
8500,רמלה,26,"יוספטל גיורא,23 ","בי""ס מענית","(31.9341507, 34.8605021)"
8500,רמלה,27,"בורוכוב,22 ","בי""ס אריאל - א","(31.9361038, 34.861442)"
8500,רמלה,28,"מבצע משה,10 ","בי""ס עמל","(31.928268, 34.8599351)"
8500,רמלה,29,"הגלעדי,5 ","בי""ס אלאמל א",
8500,רמלה,30,ברזילי,"בי""ס בר אילן","(31.929917, 34.8582405)"
8500,רמלה,31,ברזילי,"בי""ס בר אילן","(31.929917, 34.8582405)"
8500,רמלה,32,ברזילי,"בי""ס בר אילן","(31.929917, 34.8582405)"
8500,רמלה,33,שרת,"בי""ס שרת-ממלכתי","(31.9341753, 34.8557451)"
8500,רמלה,34,"מור,2 ","בי""ס נווה שלום","(31.9218342, 34.8640894)"
8500,רמלה,35,"רש""י,1 ","בי""ס אלהודא - א","(31.92364, 34.8752119)"
8500,רמלה,36,"רש""י,1 ","בי""ס אלהודא - א","(31.92364, 34.8752119)"
8500,רמלה,37,"רזיאל דוד,24 ",תיכון דתי - עתיד איתן (לשעבר),"(31.9221258, 34.862176)"
8500,רמלה,38,"אחימאיר אבא,2 ","תיכון אמי""ת","(31.939653, 34.8712954)"
8500,רמלה,39,"מור,2 ","בי""ס נווה שלום","(31.9218342, 34.8640894)"
8500,רמלה,40,"הגלעדי,5 ","בי""ס אלאמל א",
8500,רמלה,41,"הגלעדי,5 ","בי""ס אלאמל ב",
8500,רמלה,42,ברזילי,"בי""ס בר אילן","(31.929917, 34.8582405)"
8500,רמלה,43,"הגלעדי,5 ","בי""ס אלאמל ב",
8500,רמלה,44,"תמיר שמואל,3 ","בי""ס אופק","(31.9374157, 34.8744843)"
8500,רמלה,45,"חיטמן עוזי,31 ",קריית האומנים,"(31.9187573, 34.8711033)"
8500,רמלה,46,"חיטמן עוזי,31 ",קריית האומנים,"(31.9187573, 34.8711033)"
8500,רמלה,47,"בנאי יוסי,56 ","בי""ס שש שנתי למדעים ולאומנויות","(31.9129485, 34.8741944)"
8500,רמלה,48,"רש""י,1 ","בי""ס אלהודא - א","(31.92364, 34.8752119)"
8500,רמלה,49,"מבצע משה,10 ","בי""ס עמל","(31.928268, 34.8599351)"
8500,רמלה,50,התמר,"בי""ס ערבי אלג'יאריש","(31.9222929, 34.8514804)"
8500,רמלה,51,"התמר,1 ","מתנ""ס קלור","(31.9222929, 34.8514804)"
8500,רמלה,52,ג'וואריש,גני ילדים כלנית רקפת,
8500,רמלה,53,"הפעמונית,1 ","בי""ס רעות","(31.9246488, 34.8492108)"
8500,רמלה,54,רזיאל דוד,"בי""ס בן גוריון","(31.926081, 34.8634623)"
8500,רמלה,55,"בן גוריון,16 ","בי""ס ממ""ד הרי""ן א'","(31.9244329, 34.8598223)"
8500,רמלה,56,"זכריה,9 ","בי""ס ברנקו ויס","(31.9229013, 34.8659334)"
8500,רמלה,57,"שטיין יהודה,11 ","בי""ס ממ""ד הרי""ן ב'","(31.92634, 34.8611193)"
8500,רמלה,58,רזיאל דוד,"בי""ס בן גוריון","(31.926081, 34.8634623)"
8500,רמלה,59,"מבצע יונתן,7 ","חט""ב נווה יונתן","(31.9588857, 34.8968666)"
8500,רמלה,60,"הפעמונית,1 ","בי""ס רעות","(31.9246488, 34.8492108)"
8500,רמלה,61,"מבצע משה,10 ","בי""ס עמל","(31.928268, 34.8599351)"
8500,רמלה,62,"מבצע משה,10 ","בי""ס עמל","(31.928268, 34.8599351)"
8500,רמלה,63,"שטיין יהודה,11 ","בי""ס ממ""ד הרי""ן ב'","(31.92634, 34.8611193)"
8500,רמלה,64,"הפעמונית,1 ","בי""ס רעות","(31.9246488, 34.8492108)"
8500,רמלה,65,"מור,2 ","בי""ס נווה שלום","(31.9218342, 34.8640894)"
8500,רמלה,66,רזיאל דוד,"בי""ס בן גוריון","(31.926081, 34.8634623)"
8500,רמלה,67,"מבצע יונתן,7 ","חט""ב נווה יונתן","(31.9588857, 34.8968666)"
8500,רמלה,68,רזיאל דוד,"בי""ס בן גוריון","(31.926081, 34.8634623)"
8500,רמלה,69,"הלל אברהם,6 ",מתחם הידידות א,"(31.9293732, 34.8621125)"
8500,רמלה,70,"וילנה,6 ","מתי""א רג""ב - ביס עצמאות לשעבר","(31.9325325, 34.8606665)"
8500,רמלה,71,"וילנה,6 ","מתי""א רג""ב - ביס עצמאות לשעבר","(31.9325325, 34.8606665)"
8500,רמלה,72,"בורוכוב,22 ","בי""ס אריאל - ב","(31.9361038, 34.861442)"
8500,רמלה,73,"יוספטל גיורא,23 ","בי""ס מענית","(31.9341507, 34.8605021)"
8500,רמלה,74,"בורוכוב,22 ","בי""ס אריאל - ב","(31.9361038, 34.861442)"
8500,רמלה,75,"יוספטל גיורא,23 ","בי""ס מענית","(31.9341507, 34.8605021)"
8500,רמלה,76,"הזית,4 ",מכללה אזורית רמלה (קמפוס),"(31.9268441, 34.8531666)"
8500,רמלה,77,שרת,"בי""ס שרת-ממלכתי","(31.9341753, 34.8557451)"
8500,רמלה,78,"הזית,4 ",מכללה אזורית רמלה (קמפוס),"(31.9268441, 34.8531666)"
8500,רמלה,79,"הזית,4 ",מכללה אזורית רמלה (קמפוס),"(31.9268441, 34.8531666)"
8500,רמלה,80,"חיים אשר,12 ",מרכז מחוננים מבנה ב',"(31.9337152, 34.8706432)"
8500,רמלה,81,"רש""י,1 ","בי""ס אלהודא - א","(31.92364, 34.8752119)"
8500,רמלה,82,רזיאל דוד,"בי""ס בן גוריון","(31.926081, 34.8634623)"
8500,רמלה,83,"בן גוריון,16 ","בי""ס ממ""ד הרי""ן א'","(31.9244329, 34.8598223)"
8500,רמלה,84,"אחימאיר אבא,2 ","תיכון אמי""ת","(31.939653, 34.8712954)"
8500,רמלה,85,"חיטמן עוזי,31 ",קריית האומנים,"(31.9187573, 34.8711033)"
8500,רמלה,86,"בנאי יוסי,9 ","בי""ס יסודי קשת","(31.9129485, 34.8741944)"
8500,רמלה,87,"זכריה,9 ","בי""ס ברנקו ויס","(31.9229013, 34.8659334)"
8500,רמלה,88,"בנאי יוסי,9 ","בי""ס יסודי קשת","(31.9129485, 34.8741944)"
8500,רמלה,89,"בנאי יוסי,9 ","בי""ס יסודי קשת","(31.9129485, 34.8741944)"
8500,רמלה,90,"תמיר שמואל,3 ","בי""ס אופק","(31.9374157, 34.8744843)"
8500,רמלה,91,"חיטמן עוזי,31 ",קריית האומנים,"(31.9187573, 34.8711033)"
8500,רמלה,92,"תמיר שמואל,3 ","בי""ס אופק","(31.9374157, 34.8744843)"
8500,רמלה,93,שרת,"בי""ס שרת-ממלכתי","(31.9341753, 34.8557451)"
8500,רמלה,94,"יוספטל גיורא,23 ","בי""ס מענית","(31.9341507, 34.8605021)"
8500,רמלה,95,"התמר,1 ","מתנ""ס קלור","(31.9222929, 34.8514804)"
8500,רמלה,96,"הזית,4 ",מכללה אזורית רמלה (קמפוס),"(31.9268441, 34.8531666)"
8500,רמלה,97,"בנאי יוסי,9 ","בי""ס יסודי קשת","(31.9129485, 34.8741944)"
8500,רמלה,950,"דוכיפת,1 ","בי""ס אל עומריה","(31.9337538, 34.8876372)"
8500,רמלה,951,"דוכיפת,1 ","בי""ס אל עומריה","(31.9337538, 34.8876372)"
8500,רמלה,990,"חיים אשר,12 ",מרכז מחוננים מבנה ב',"(31.9337152, 34.8706432)"
1304,שוהם,1,"המכבים,10 ","בי""ס אבני החושן",
1304,שוהם,2,"תפן,7 ","בי""ס אבן חן","(32.0013059, 34.9443323)"
1304,שוהם,3,"צורן,6 ","בי""ס ניצנים","(31.989103, 34.9485822)"
1304,שוהם,4,"החושן,2 ",תיכון שוהם,"(31.9995601, 34.9456794)"
1304,שוהם,5,"כרמל,6 ",כותר פיס,"(31.9996836, 34.9469559)"
1304,שוהם,6,"שד עמק איילון,34 ","בי""ס צוקים",
1304,שוהם,7,"תפן,7 ","בי""ס אבן חן","(32.0013059, 34.9443323)"
1304,שוהם,8,"החושן,2 ",תיכון שוהם,"(31.9995601, 34.9456794)"
1304,שוהם,9,"תירוש,1 ","בי""ס ממ""ד שלהבת","(32.007801, 34.9503251)"
1304,שוהם,10,"שד עמק איילון,34 ","בי""ס צוקים",
1304,שוהם,11,"שד עמק איילון,34 ","בי""ס צוקים",
1304,שוהם,12,"המכבים,10 ","בי""ס אבני החושן",
1304,שוהם,13,"הקשת,24 ","חט""ב יהלום","(32.0046553, 34.9498744)"
1304,שוהם,14,"המכבים,10 ","בי""ס אבני החושן",
1304,שוהם,15,"תפן,2 ",בית הגמלאי,"(32.0013059, 34.9443323)"
1304,שוהם,16,"נרקיס,3 ","בי""ס רבין","(32.0075183, 34.9475521)"
1304,שוהם,17,"נרקיס,3 ","בי""ס רבין","(32.0075183, 34.9475521)"
1304,שוהם,18,"כרמל,6 ",כותר פיס,"(31.9996836, 34.9469559)"
1304,שוהם,19,"הקשת,24 ","חט""ב יהלום","(32.0046553, 34.9498744)"
1304,שוהם,20,"שד עמק איילון,34 ","בי""ס צוקים",
1304,שוהם,21,"תפן,7 ","בי""ס אבן חן","(32.0013059, 34.9443323)"
1304,שוהם,22,"שד עמק איילון,34 ","בי""ס צוקים",
1304,שוהם,23,"צורן,6 ","בי""ס ניצנים","(31.989103, 34.9485822)"
1304,שוהם,24,"החושן,2 ",תיכון שוהם,"(31.9995601, 34.9456794)"
1304,שוהם,25,"תירוש,1 ","בי""ס ממ""ד שלהבת","(32.007801, 34.9503251)"
1304,שוהם,26,"המכבים,10 ","בי""ס אבני החושן",
1304,שוהם,27,"הקשת,24 ","חט""ב יהלום","(32.0046553, 34.9498744)"
1304,שוהם,28,"תירוש,1 ","בי""ס ממ""ד שלהבת","(32.007801, 34.9503251)"
1304,שוהם,29,"צורן,6 ","בי""ס ניצנים","(31.989103, 34.9485822)"
1165,שילת,1,שילת,חדר זכרון ליד מועדון הנוער,"(31.9187833, 35.0229043)"
856,שעלבים,1,שעלבים,בית ספר שלהבת בנות,"(31.8695472, 34.9856218)"
856,שעלבים,2,שעלבים,בית ספר שלהבת בנות,"(31.8695472, 34.9856218)"
1336,אירוס,1,אירוס,חדר שירות בית הכנסת,"(32.285717, 34.844815)"
562,בית אלעזרי,1,בית אלעזרי,בית ספר בראשית,"(31.8452135, 34.8010429)"
562,בית אלעזרי,2,בית אלעזרי,בית ספר בראשית,"(31.8452135, 34.8010429)"
571,בית גמליאל,1,בית גמליאל,אולם שמחות,"(31.856328, 34.760194)"
571,בית גמליאל,2,בית גמליאל,אולם שמחות,"(31.856328, 34.760194)"
2033,בית חלקיה,1,בית חלקיה,אולם שמחות,"(31.787989, 34.818742)"
159,בית חנן,1,"דרך המיסדים,1 ",בית תרבות אולם אשכול,"(31.9359829, 34.7778293)"
202,בית עובד,1,בית עובד,מועדון,"(32.1596594, 34.8493228)"
848,בית רבן,1,בית רבן,מכללת גבעת וושינגטון,
760,בן זכאי,1,בן זכאי,מזכירות (בית העם),"(32.087318, 34.85083)"
592,בני דרום,1,בני דרום,מזכירות - מועדון,"(31.821353, 34.692818)"
1066,"בני עי""ש",1,"הכלניות,12 ","בי""ס ממ""ד אפרתי","(31.7896664, 34.7630128)"
1066,"בני עי""ש",2,"ערבי נחל,1 ",אולם ספורט,"(31.7876608, 34.7604772)"
1066,"בני עי""ש",3,"הדקל,17 ",מועדון פיס לנוער,"(31.7906812, 34.7567173)"
1066,"בני עי""ש",4,"הדקל,17 ",מועדון פיס לנוער,"(31.7906812, 34.7567173)"
1066,"בני עי""ש",5,"בגין מנחם,19 ",מועדון גיל הזהב,"(31.7899919, 34.7559528)"
1066,"בני עי""ש",6,"הדקל,17 ",מועדון פיס לנוער,"(31.7906812, 34.7567173)"
1066,"בני עי""ש",7,"בגין מנחם,12 ",ספריה עירונית,"(31.7894114, 34.7585092)"
1066,"בני עי""ש",8,"בגין מנחם,19 ",מועדון גיל הזהב,"(31.7899919, 34.7559528)"
1066,"בני עי""ש",9,"בגין מנחם,12 ",ספריה עירונית,"(31.7894114, 34.7585092)"
1066,"בני עי""ש",10,"ערבי נחל,3 ","בי""ס אופק","(31.7876608, 34.7604772)"
588,בני ראם,1,מרווה,מועדון פיס קהילתי,
588,בני ראם,2,מרווה,מועדון פיס קהילתי,
685,בניה,1,בניה,בית העם (מועדון),"(31.84322, 34.745946)"
853,גאליה,1,גאליה,מועדון,
853,גאליה,2,גאליה,מועדון,
147,גבעת ברנר,1,גבעת ברנר,מועדון,"(31.869041, 34.798125)"
147,גבעת ברנר,2,גבעת ברנר,מועדון,"(31.869041, 34.798125)"
147,גבעת ברנר,3,גבעת ברנר,מועדון,"(31.869041, 34.798125)"
2550,גדרה,1,"ויצמן,13 ",ספריה עירונית,"(31.8164497, 34.7805624)"
2550,גדרה,2,"ויצמן,21 ","בי""ס ממ""ד אוהל שלום","(31.8164497, 34.7805624)"
2550,גדרה,3,"סעידי שמחה,17 ","בי""ס מעלות רם",
2550,גדרה,4,"רמז דוד,17 ","בי""ס תיכון אזורי",
2550,גדרה,5,"רמז דוד,17 ","בי""ס תיכון אזורי",
2550,גדרה,6,פוקס,"בי""ס ממלכתי פינס","(31.8116843, 34.7739819)"
2550,גדרה,7,שפירא,"מרכז קהילתי ע""ש אווה גרוס","(31.8173344, 34.7748091)"
2550,גדרה,8,פוקס,"בי""ס ממלכתי פינס","(31.8116843, 34.7739819)"
2550,גדרה,9,"דרך הפרחים,36 ","בי""ס יסודי הבילויים","(31.8082741, 34.7821997)"
2550,גדרה,10,"ויצמן,21 ","בי""ס ממ""ד אוהל שלום","(31.8164497, 34.7805624)"
2550,גדרה,11,פוקס,"בי""ס ממלכתי פינס","(31.8116843, 34.7739819)"
2550,גדרה,12,"אירוס,5 ","בי""ס ממלכתי רעות","(31.8108247, 34.7847491)"
2550,גדרה,13,"ארז,11 ","בי""ס ממלכתי קהילתי גוונים","(31.8031622, 34.7872713)"
2550,גדרה,14,"אירוס,5 ","בי""ס ממלכתי רעות","(31.8108247, 34.7847491)"
2550,גדרה,15,"שד בגין מנחם,51 ","בי""ס תיכון ע""ש אילן ואסף רמון",
2550,גדרה,16,"דרך הפרחים,36 ","בי""ס יסודי הבילויים","(31.8082741, 34.7821997)"
2550,גדרה,17,"שד בגין מנחם,51 ","בי""ס תיכון ע""ש אילן ואסף רמון",
2550,גדרה,18,שפירא,"מרכז קהילתי ע""ש אווה גרוס","(31.8173344, 34.7748091)"
2550,גדרה,19,דבורה עומר,"בי""ס שלהבות חבד",
2550,גדרה,20,"שד רבין יצחק,2 ","בי""ס רימונים",
2550,גדרה,21,פוקס,"בי""ס ממלכתי פינס","(31.8116843, 34.7739819)"
2550,גדרה,22,"ויצמן,21 ","בי""ס ממ""ד אוהל שלום","(31.8164497, 34.7805624)"
2550,גדרה,23,"שד רבין יצחק,2 ","בי""ס רימונים",
2550,גדרה,24,"שד רבין יצחק,2 ","בי""ס רימונים",
2550,גדרה,25,"אירוס,5 ","בי""ס ממלכתי רעות","(31.8108247, 34.7847491)"
2550,גדרה,26,"דרך הפרחים,36 ","בי""ס יסודי הבילויים","(31.8082741, 34.7821997)"
2550,גדרה,27,"שד בגין מנחם,51 ","בי""ס תיכון ע""ש אילן ואסף רמון",
2550,גדרה,28,פוקס,"בי""ס ממלכתי פינס","(31.8116843, 34.7739819)"
2550,גדרה,29,"דבורה הנביאה,3 ","בי""ס דרכא רות","(31.8033994, 34.7904859)"
2550,גדרה,30,דבורה עומר,"בי""ס שלהבות חבד",
2550,גדרה,31,"שד רבין יצחק,2 ","בי""ס רימונים",
2550,גדרה,990,"רמז דוד,17 ","בי""ס תיכון אזורי",
196,גיבתון,1,המייסדים,בית התרבות (מועדון),"(31.8887489, 34.8003619)"
1072,גן הדרום,1,גן הדרום,בית העם,"(31.803738, 34.699215)"
166,גן יבנה,1,מירון,"בי""ס ממלכתי מכבים","(31.7806828, 34.6958507)"
166,גן יבנה,2,"דרך יצחק רבין,2 ",אורט רבין,
166,גן יבנה,3,מירון,"בי""ס ממלכתי מכבים","(31.7806828, 34.6958507)"
166,גן יבנה,4,"דרך יצחק רבין,2 ",אורט רבין,
166,גן יבנה,5,"בגין מנחם,7 ","ביה""ס רמון","(31.7888861, 34.6985406)"
166,גן יבנה,6,השופטים,גן הדס / גן דקל,"(31.784274, 34.7083677)"
166,גן יבנה,7,חשמונאים,"מתנ""ס מכבים (שלוחת פיס)","(31.782361, 34.6895172)"
166,גן יבנה,8,חשמונאים,"מתנ""ס מכבים (שלוחת פיס)","(31.782361, 34.6895172)"
166,גן יבנה,9,"צה""ל,26 ","בי""ס ע""ש אהוד מנור","(31.7926666, 34.7067968)"
166,גן יבנה,10,"א. צ. גרינברג,1 ","חט""ב ע""ש נעמי שמר","(31.7918475, 34.6988191)"
166,גן יבנה,11,"דרך יצחק רבין,2 ",אורט רבין,
166,גן יבנה,12,"צה""ל,26 ","בי""ס ע""ש אהוד מנור","(31.7926666, 34.7067968)"
166,גן יבנה,13,"בגין מנחם,7 ","ביה""ס רמון","(31.7888861, 34.6985406)"
166,גן יבנה,14,"צה""ל,26 ","בי""ס ע""ש אהוד מנור","(31.7926666, 34.7067968)"
166,גן יבנה,15,"בגין מנחם,7 ","ביה""ס רמון","(31.7888861, 34.6985406)"
166,גן יבנה,16,"דרך יצחק רבין,2 ",אורט רבין,
166,גן יבנה,17,חשמונאים,גן מכבים,"(31.782361, 34.6895172)"
166,גן יבנה,18,מירון,"בי""ס ממלכתי מכבים","(31.7806828, 34.6958507)"
166,גן יבנה,19,"צה""ל,26 ","בי""ס ע""ש אהוד מנור","(31.7926666, 34.7067968)"
166,גן יבנה,20,"א. צ. גרינברג,1 ","חט""ב ע""ש נעמי שמר","(31.7918475, 34.6988191)"
166,גן יבנה,21,מירון,"בי""ס ממלכתי מכבים","(31.7806828, 34.6958507)"
166,גן יבנה,22,"א. צ. גרינברג,1 ","חט""ב ע""ש נעמי שמר","(31.7918475, 34.6988191)"
166,גן יבנה,23,"דרך יצחק רבין,2 ",אורט רבין,
166,גן יבנה,24,"צה""ל,26 ","בי""ס ע""ש אהוד מנור","(31.7926666, 34.7067968)"
166,גן יבנה,25,מירון,"בי""ס ממלכתי מכבים","(31.7806828, 34.6958507)"
166,גן יבנה,26,"הרצל,37 ","בי""ס ממלכתי דתי סיני","(31.7880497, 34.7108535)"
166,גן יבנה,990,"הרצל,37 ","בי""ס ממלכתי דתי סיני","(31.7880497, 34.7108535)"
311,גן שורק,1,גן שורק,מועדון,"(31.946208, 34.769133)"
144,גן שלמה,1,גן שלמה,מזכירות,
1371,גני טל,1,גני טל,מזכירות חדר הנצחה,"(31.413891, 34.570046)"
862,גני יוחנן,1,הרקפת,בית הפיס לנוער,"(31.858296, 34.8463688)"
363,חפץ חיים,1,חפץ חיים,מזכירות הקיבוץ,"(31.8907203, 34.8247454)"
2660,יבנה,1,"האורן,20 ","בי""ס גינזבורג חטיבה עליונה","(31.8792142, 34.7408383)"
2660,יבנה,2,"הערבה,20 ","בי""ס ממ""ד תורני נועם","(31.8808273, 34.7402562)"
2660,יבנה,3,"הנרקיס,3 ",מרכז שכונתי - בית סלומון,"(31.8757952, 34.7486449)"
2660,יבנה,4,"חבלבל,1 ","בי""ס תיכון תורני נריה","(31.8723497, 34.7473457)"
2660,יבנה,5,"חרמון,13 ","בי""ס תיכון בנות לאה","(31.8747308, 34.7505194)"
2660,יבנה,6,"סנפיר,6 ",בית ספר לאומנויות,"(31.8675052, 34.7401526)"
2660,יבנה,7,הרב בוכריס,"בי""ס ממלכתי ע""ש ביאליק","(31.8700616, 34.7454024)"
2660,יבנה,8,"חרמון,13 ","בי""ס תיכון בנות לאה","(31.8747308, 34.7505194)"
2660,יבנה,9,"הנרקיס,3 ",מרכז שכונתי - בית סלומון,"(31.8757952, 34.7486449)"
2660,יבנה,10,"הגלבוע,6 ","בי""ס ממלכתי דתי סיני","(31.8744187, 34.7518541)"
2660,יבנה,11,"הערבה,20 ","בי""ס ממ""ד תורני נועם","(31.8808273, 34.7402562)"
2660,יבנה,12,חרוב,"בי""ס מעין","(31.8820503, 34.7382578)"
2660,יבנה,13,שד ירושלים,"בי""ס רמות ויצמן","(31.888449, 34.733818)"
2660,יבנה,14,חרוב,"בי""ס מעין","(31.8820503, 34.7382578)"
2660,יבנה,15,שד ירושלים,"בי""ס רמות ויצמן","(31.888449, 34.733818)"
2660,יבנה,16,"הנשר,3 ","בי""ס בן גוריון","(31.8731183, 34.7418363)"
2660,יבנה,17,"הדרור,21 ","בי""ס יחידני ממ""ד","(31.8763006, 34.7449458)"
2660,יבנה,18,"הנשר,3 ","בי""ס בן גוריון","(31.8731183, 34.7418363)"
2660,יבנה,19,"הדרור,21 ","בי""ס יחידני ממ""ד","(31.8763006, 34.7449458)"
2660,יבנה,20,"הדרור,21 ","בי""ס יחידני ממ""ד","(31.8763006, 34.7449458)"
2660,יבנה,21,"האלון,27 ",מרכז ספורט,"(31.8762703, 34.7415084)"
2660,יבנה,22,"הנשר,3 ","בי""ס בן גוריון","(31.8731183, 34.7418363)"
2660,יבנה,23,"גיבורי החיל,1 ","מרכז קהילתי ע""ש גרמנוב","(31.8685126, 34.7438249)"
2660,יבנה,24,"פטל,1 ","בי""ס ע""ש יחזקאל בסר ז""ל",
2660,יבנה,25,שד ירושלים,"בי""ס רמות ויצמן","(31.888449, 34.733818)"
2660,יבנה,26,הנגב,מועדון נוער עירוני - נווה אילן,"(31.8762377, 34.7258934)"
2660,יבנה,27,חרוב,"בי""ס מעין","(31.8820503, 34.7382578)"
2660,יבנה,28,שד ירושלים,"בי""ס רמות ויצמן","(31.888449, 34.733818)"
2660,יבנה,29,הנגב,מועדון נוער עירוני - נווה אילן,"(31.8762377, 34.7258934)"
2660,יבנה,30,"האלון,27 ",מרכז ספורט,"(31.8762703, 34.7415084)"
2660,יבנה,31,"פטל,1 ",מועדון נוער,
2660,יבנה,32,"פטל,1 ","בי""ס ע""ש יחזקאל בסר ז""ל",
2660,יבנה,33,"פטל,1 ","בי""ס ע""ש יחזקאל בסר ז""ל",
2660,יבנה,34,"פטל,1 ","בי""ס ע""ש יחזקאל בסר ז""ל",
2660,יבנה,35,"הדרור,21 ","בי""ס יחידני ממ""ד","(31.8763006, 34.7449458)"
2660,יבנה,36,"הערבה,20 ","בי""ס ממ""ד תורני נועם","(31.8808273, 34.7402562)"
2660,יבנה,37,"הגלבוע,6 ","בי""ס ממלכתי דתי סיני","(31.8744187, 34.7518541)"
2660,יבנה,38,"פטל,1 ",מועדון נוער,
2660,יבנה,39,"האורן,20 ","בי""ס גינזבורג חטיבה עליונה","(31.8792142, 34.7408383)"
2660,יבנה,40,שד ירושלים,"בי""ס רמות ויצמן","(31.888449, 34.733818)"
2660,יבנה,41,"הדרור,21 ","בי""ס יחידני ממ""ד","(31.8763006, 34.7449458)"
2660,יבנה,42,הנגב,מועדון נוער עירוני - נווה אילן,"(31.8762377, 34.7258934)"
2660,יבנה,43,"הנחשול,2 ","בי""ס האקולוגי","(31.8632792, 34.7409254)"
2660,יבנה,44,"שד הציונות,14 ",בית ספר מרחבים,
2660,יבנה,45,חרוב,"בי""ס מעין","(31.8820503, 34.7382578)"
2660,יבנה,46,"השייטים,5 ","מ קהילתי ע""ש אמנון ליפקין שחק","(31.8678188, 34.7341577)"
2660,יבנה,47,"הדייגים,4 ","בי""ס יצחק רבין","(31.8637194, 34.7327721)"
2660,יבנה,48,"הצדף,9 ","בי""ס מדעי ע""ש אלברט איינשטיין","(31.8674243, 34.7373605)"
2660,יבנה,49,"הצדף,9 ","בי""ס מדעי ע""ש אלברט איינשטיין","(31.8674243, 34.7373605)"
2660,יבנה,50,"סנפיר,6 ",בית ספר לאומנויות,"(31.8675052, 34.7401526)"
2660,יבנה,51,"הדייגים,4 ","בי""ס יצחק רבין","(31.8637194, 34.7327721)"
2660,יבנה,52,"סנפיר,6 ",בית ספר לאומנויות,"(31.8675052, 34.7401526)"
2660,יבנה,53,"הדייגים,4 ","בי""ס יצחק רבין","(31.8637194, 34.7327721)"
2660,יבנה,54,"השייטים,5 ","מ קהילתי ע""ש אמנון ליפקין שחק","(31.8678188, 34.7341577)"
2660,יבנה,55,"הנחשול,2 ","בי""ס האקולוגי","(31.8632792, 34.7409254)"
2660,יבנה,56,"הדייגים,4 ","בי""ס יצחק רבין","(31.8637194, 34.7327721)"
2660,יבנה,57,"הצדף,9 ","בי""ס מדעי ע""ש אלברט איינשטיין","(31.8674243, 34.7373605)"
2660,יבנה,58,"הדוגית,8 ","בי""ס ממלכתי עתידים","(31.8657216, 34.7301956)"
2660,יבנה,59,"הדוגית,8 ","בי""ס ממלכתי עתידים","(31.8657216, 34.7301956)"
2660,יבנה,60,"שד הציונות,14 ",בית ספר מרחבים,
2660,יבנה,61,"שד הציונות,14 ",בית ספר מרחבים,
2660,יבנה,62,"שד הציונות,14 ",בית ספר מרחבים,
2660,יבנה,63,"הדוגית,8 ","בי""ס ממלכתי עתידים","(31.8657216, 34.7301956)"
2660,יבנה,950,חרוב,"בי""ס מעין","(31.8820503, 34.7382578)"
2660,יבנה,951,"הנחשול,2 ","בי""ס האקולוגי","(31.8632792, 34.7409254)"
2660,יבנה,990,"שד דואני,50 ","בנין העיריה - שפ""ע הנדסה",
577,יד בנימין,1,"הראל,11 ",מתנס נחל שורק,"(31.7975057, 34.8227079)"
577,יד בנימין,2,"הראל,4 ",מרכז יום לקשיש,"(31.7975057, 34.8227079)"
577,יד בנימין,3,"הראל,4 ",מרכז יום לקשיש,"(31.7975057, 34.8227079)"
577,יד בנימין,4,"הראל,11 ",מתנס נחל שורק,"(31.7975057, 34.8227079)"
440,יסודות,1,יסודות,בית חנה,"(31.8165846, 34.8611282)"
857,כפר אביב,1,כפר אביב,מועדון,"(32.18679, 34.8206745)"
177,"כפר ביל""ו",1,"כפר ביל""ו",בית דב,"(31.8727182, 34.8234514)"
177,"כפר ביל""ו",2,"כפר ביל""ו",בית דב,"(31.8727182, 34.8234514)"
582,כפר הנגיד,1,החרוב,"מועדון נוער ע""ש נחום מורדוך","(31.8857695, 34.7466739)"
582,כפר הנגיד,2,החרוב,"מועדון נוער ע""ש נחום מורדוך","(31.8857695, 34.7466739)"
764,כפר מרדכי,1,כפר מרדכי,בית ויצו,"(31.8312497, 34.7569447)"
1094,כרם יבנה (ישיבה),1,כרם יבנה (ישיבה),בית אורפיס,
28,מזכרת בתיה,1,"שד אליהו,4 ",מתנס - מפגשים,
28,מזכרת בתיה,2,"שחם יואב,5 ","ביה""ס מ""מ ע""ש בן גוריון","(31.8539554, 34.8399962)"
28,מזכרת בתיה,3,שד מוטה גור,"בי""ס בורג",
28,מזכרת בתיה,4,שד מוטה גור,"בי""ס בורג",
28,מזכרת בתיה,5,בית און,"בי""ס הרצוג - מבנה מס' 1",
28,מזכרת בתיה,6,"שד אליהו,4 ",מתנס - מפגשים,
28,מזכרת בתיה,7,בית און,"בי""ס הרצוג - מבנה מס' 1",
28,מזכרת בתיה,8,בית און,"בי""ס הרצוג - מבנה מס' 1",
28,מזכרת בתיה,9,"שד אליהו,4 ",מתנס - מפגשים,
28,מזכרת בתיה,10,"שחם יואב,5 ","ביה""ס מ""מ ע""ש בן גוריון","(31.8539554, 34.8399962)"
28,מזכרת בתיה,11,"שחם יואב,5 ","ביה""ס מ""מ ע""ש בן גוריון","(31.8539554, 34.8399962)"
28,מזכרת בתיה,12,"שד אליהו,4 ",מתנס - מפגשים,
28,מזכרת בתיה,13,שד מוטה גור,"בי""ס בורג",
28,מזכרת בתיה,14,"שד רפאל סויסה,40 ",בית ספר נבון,
28,מזכרת בתיה,15,"שד רפאל סויסה,40 ",בית ספר נבון,
28,מזכרת בתיה,16,שד מוטה גור,"בי""ס בורג",
28,מזכרת בתיה,17,שד מוטה גור,"בי""ס בורג",
28,מזכרת בתיה,18,"שד רפאל סויסה,40 ",בית ספר נבון,
1411,מחנה הילה,1,מחנה הילה,מועדון משפחות,
1412,מחנה תל נוף,1,מחנה תל נוף,מועדון משפחות,
731,מישר,1,מישר,מזכירות,"(31.8173131, 34.7545052)"
765,משגב דב,1,היוגב,בית רות,"(31.8184442, 34.738678)"
174,נטעים,1,נטעים,מרפאה,
720,ניר גלים,1,ניר גלים,מזכירות ישנה,"(31.8243302, 34.6823645)"
7200,נס ציונה,1,"דוד אלעזר,26 ","בי""ס בן - יהודה","(31.9302901, 34.8125736)"
7200,נס ציונה,2,"שבטי ישראל,14 ",מרכז קהילתי-יד אליעזר,"(31.9359109, 34.8084176)"
7200,נס ציונה,3,"גאולה,30 ","בי""ס ממלכתי דתי חב""ד","(31.9324597, 34.8100302)"
7200,נס ציונה,4,שד אפרים,"בי""ס הדר",
7200,נס ציונה,5,שד אפרים,"בי""ס הדר",
7200,נס ציונה,6,"נורדאו,30 ","בי""ס ממלכתי אשכול","(31.9274033, 34.8042886)"
7200,נס ציונה,7,"נורדאו,30 ","בי""ס ממלכתי אשכול","(31.9274033, 34.8042886)"
7200,נס ציונה,8,"השופטים,7 ","בי""ס סביונים","(31.9235642, 34.8100245)"
7200,נס ציונה,9,"השופטים,7 ","בי""ס סביונים","(31.9235642, 34.8100245)"
7200,נס ציונה,10,שד אפרים,"בי""ס הדר",
7200,נס ציונה,11,"נורדאו,30 ","בי""ס ממלכתי אשכול","(31.9274033, 34.8042886)"
7200,נס ציונה,12,"השופטים,7 ","בי""ס סביונים","(31.9235642, 34.8100245)"
7200,נס ציונה,13,"נורדאו,30 ","בי""ס ממלכתי אשכול","(31.9274033, 34.8042886)"
7200,נס ציונה,14,"הכרמים,12 ","בי""ס העמק (ניצנים)","(31.9136913, 34.7870709)"
7200,נס ציונה,15,שינדלר אוסקר,בית ספר גולדה,"(31.9326962, 34.7908001)"
7200,נס ציונה,16,"המנין הראשון,17 ","בי""ס ראשונים",
7200,נס ציונה,17,"המנין הראשון,17 ","בי""ס ראשונים",
7200,נס ציונה,18,"ההסתדרות,40 ","בי""ס בן צבי","(31.9326478, 34.7929884)"
7200,נס ציונה,19,"השריון,5 ","בי""ס שקד","(31.93172, 34.7929304)"
7200,נס ציונה,20,"השריון,5 ","בי""ס שקד","(31.93172, 34.7929304)"
7200,נס ציונה,21,"המנין הראשון,17 ","בי""ס ראשונים",
7200,נס ציונה,22,"המנין הראשון,17 ","בי""ס ראשונים",
7200,נס ציונה,23,"השריון,5 ","בי""ס שקד","(31.93172, 34.7929304)"
7200,נס ציונה,24,"זמיר,31 ","בי""ס יסודי שדות",
7200,נס ציונה,25,"זמיר,31 ","בי""ס יסודי שדות",
7200,נס ציונה,26,"הכרמים,12 ","בי""ס העמק (ניצנים)","(31.9136913, 34.7870709)"
7200,נס ציונה,27,"שבטי ישראל,14 ",מרכז קהילתי-יד אליעזר,"(31.9359109, 34.8084176)"
7200,נס ציונה,28,"הכרמים,12 ","בי""ס העמק (ניצנים)","(31.9136913, 34.7870709)"
7200,נס ציונה,29,"לרר משה,29 ","ביה""ס ארגמן","(31.9277769, 34.7860704)"
7200,נס ציונה,30,"שבטי ישראל,14 ",מרכז קהילתי-יד אליעזר,"(31.9359109, 34.8084176)"
7200,נס ציונה,31,"שד אפרים,20א","בי""ס שיבולים",
7200,נס ציונה,32,"שד אפרים,20א","בי""ס שיבולים",
7200,נס ציונה,33,"שד אפרים,20א","בי""ס שיבולים",
7200,נס ציונה,34,"השופטים,7 ","בי""ס סביונים","(31.9235642, 34.8100245)"
7200,נס ציונה,35,"דוד אלעזר,26 ","בי""ס בן - יהודה","(31.9302901, 34.8125736)"
7200,נס ציונה,36,"דוד אלעזר,26 ","בי""ס בן - יהודה","(31.9302901, 34.8125736)"
7200,נס ציונה,37,"דוד אלעזר,26 ","בי""ס בן - יהודה","(31.9302901, 34.8125736)"
7200,נס ציונה,50,"השריון,5 ","בי""ס שקד","(31.93172, 34.7929304)"
7200,נס ציונה,51,"ההסתדרות,40 ","בי""ס בן צבי","(31.9326478, 34.7929884)"
7200,נס ציונה,52,"ההסתדרות,40 ","בי""ס בן צבי","(31.9326478, 34.7929884)"
7200,נס ציונה,53,"ההסתדרות,40 ","בי""ס בן צבי","(31.9326478, 34.7929884)"
7200,נס ציונה,56,שינדלר אוסקר,בית ספר גולדה,"(31.9326962, 34.7908001)"
7200,נס ציונה,57,"לרר משה,29 ","ביה""ס ארגמן","(31.9277769, 34.7860704)"
7200,נס ציונה,58,שינדלר אוסקר,בית ספר גולדה,"(31.9326962, 34.7908001)"
7200,נס ציונה,59,"סביון,8 ","בי""ס האירוס","(31.9369218, 34.7899711)"
7200,נס ציונה,60,"לרר משה,29 ","ביה""ס ארגמן","(31.9277769, 34.7860704)"
7200,נס ציונה,61,בוקסר אהרון,גן לוטם,"(31.926124, 34.783357)"
7200,נס ציונה,62,"סביון,8 ","בי""ס האירוס","(31.9369218, 34.7899711)"
7200,נס ציונה,63,"סביון,8 ","בי""ס האירוס","(31.9369218, 34.7899711)"
7200,נס ציונה,64,"השופטים,7 ","בי""ס סביונים","(31.9235642, 34.8100245)"
7200,נס ציונה,65,"לרר משה,29 ","ביה""ס ארגמן","(31.9277769, 34.7860704)"
7200,נס ציונה,66,"לרר משה,29 ","ביה""ס ארגמן","(31.9277769, 34.7860704)"
7200,נס ציונה,67,שד אפרים,"בי""ס הדר",
7200,נס ציונה,68,"המנין הראשון,17 ","בי""ס ראשונים",
7200,נס ציונה,950,"המנין הראשון,17 ","בי""ס ראשונים",
7200,נס ציונה,951,"לרר משה,29 ","ביה""ס ארגמן","(31.9277769, 34.7860704)"
7200,נס ציונה,952,בוקסר אהרון,גן לוטם,"(31.926124, 34.783357)"
7200,נס ציונה,953,"המנין הראשון,17 ","בי""ס ראשונים",
7200,נס ציונה,990,"השופטים,7 ","בי""ס סביונים","(31.9235642, 34.8100245)"
1372,נצר חזני,1,נצר חזני,מוקד קהילתי,"(31.8210572, 34.862853)"
156,עיינות,1,עיינות,בית תרבות - אולם אשכול,
591,עשרת,1,עשרת,מתנס,"(31.8237747, 34.7467623)"
591,עשרת,2,עשרת,מתנס,"(31.8237747, 34.7467623)"
597,פלמחים,1,פלמחים,מועדון,
334,קבוצת יבנה,1,קבוצת יבנה,אולם שמחות - אולם ראשי,
615,קדרון,1,הדר,בית העם,"(31.8163611, 34.8068812)"
615,קדרון,2,הדר,בית העם,"(31.8163611, 34.8068812)"
469,קרית עקרון,1,"הרצל,25 ","מתנס ע""ש פולסקי","(31.8592086, 34.8231337)"
469,קרית עקרון,2,"הרצל,25 ","מתנס ע""ש פולסקי","(31.8592086, 34.8231337)"
469,קרית עקרון,3,"הרצל,25 ","מתנס ע""ש פולסקי","(31.8592086, 34.8231337)"
469,קרית עקרון,4,שרת משה,"בי""ס בן צבי - אולם ספורט","(31.859636, 34.8251782)"
469,קרית עקרון,5,"הרצל,48 ",ספריה עירונית,"(31.8591903, 34.8230853)"
469,קרית עקרון,6,"הרצל,25 ","מתנס ע""ש פולסקי","(31.8592086, 34.8231337)"
469,קרית עקרון,7,"דרך ירושלים,1 ",מרכז יום לקשיש,
469,קרית עקרון,8,"נרקיס,1 ",בית עינב,
469,קרית עקרון,9,"נרקיס,1 ",בית עינב,
469,קרית עקרון,10,"דרך ירושלים,1 ",מרכז יום לקשיש,
469,קרית עקרון,11,"נרקיס,1 ",בית עינב,
469,קרית עקרון,12,"נרקיס,1 ",בית עינב,
469,קרית עקרון,13,"נרקיס,1 ",בית עינב,
469,קרית עקרון,950,"הרצל,25 ","מתנס ע""ש פולסקי","(31.8592086, 34.8231337)"
8300,ראשון לציון,2,"שניאור זלמן,13 ",מבנה הנוער,"(31.9831205, 34.7864426)"
8300,ראשון לציון,3,"הרב נורוק,10 ",ישיבה תיכונית מדעית,"(31.9832665, 34.7909446)"
8300,ראשון לציון,4,"שניאור זלמן,13 ",מבנה הנוער,"(31.9831205, 34.7864426)"
8300,ראשון לציון,5,"הרב נורוק,10 ",ישיבה תיכונית מדעית,"(31.9832665, 34.7909446)"
8300,ראשון לציון,6,"הרב נורוק,10 ",ישיבה תיכונית מדעית,"(31.9832665, 34.7909446)"
8300,ראשון לציון,7,"סילבר,2 ","מתנ""ס רמת אליהו","(31.9845976, 34.7862701)"
8300,ראשון לציון,8,"סילבר,2 ","מתנ""ס רמת אליהו","(31.9845976, 34.7862701)"
8300,ראשון לציון,9,"הרב נורוק,10 ",ישיבה תיכונית מדעית,"(31.9832665, 34.7909446)"
8300,ראשון לציון,10,"אנילביץ,34 ",ישיבת הסדר,"(31.9842255, 34.7899269)"
8300,ראשון לציון,12,"סילבר,2 ","מתנ""ס רמת אליהו","(31.9845976, 34.7862701)"
8300,ראשון לציון,13,"עין הקורא,23 ",גן חוני המעגל (לשעבר בית מדרש),"(31.9653581, 34.8005297)"
8300,ראשון לציון,14,"כצנלסון,26 ","בי""ס בארי","(31.9681319, 34.7955786)"
8300,ראשון לציון,15,"הירקון,4 ","בי""ס ידלין","(31.9638807, 34.7909952)"
8300,ראשון לציון,16,"צמח,7 ","בי""ס יסוד המעלה","(31.9703436, 34.7941212)"
8300,ראשון לציון,17,"הבריגדה,10 ","חט""ב אחרון הבילויים","(31.9697977, 34.7919436)"
8300,ראשון לציון,18,"האחים סמילצ'נסקי,22 ","בי""ס מקיף א - מבנה פרפר","(31.9610045, 34.7972864)"
8300,ראשון לציון,19,"רמז,11 ",בית ספר הראל,"(31.9630412, 34.793017)"
8300,ראשון לציון,20,"כצנלסון,26 ","בי""ס בארי","(31.9681319, 34.7955786)"
8300,ראשון לציון,21,"כצנלסון,26 ","בי""ס בארי","(31.9681319, 34.7955786)"
8300,ראשון לציון,22,"האחים סמילצ'נסקי,22 ","בי""ס מקיף א - מבנה פרפר","(31.9610045, 34.7972864)"
8300,ראשון לציון,23,"שינקין,18 ","בי""ס שלמון","(31.9721648, 34.8007835)"
8300,ראשון לציון,24,"דרובין יואל,37 ","בי""ס צליל מיתר","(31.9579683, 34.7994365)"
8300,ראשון לציון,25,"דרובין יואל,37 ","בי""ס צליל מיתר","(31.9579683, 34.7994365)"
8300,ראשון לציון,26,"אחד העם,7 ",בית ספר חביב - מבנה ישן,"(31.9639705, 34.8094406)"
8300,ראשון לציון,27,"אחד העם,7 ",בית ספר חביב - מבנה ישן,"(31.9639705, 34.8094406)"
8300,ראשון לציון,28,"אחד העם,7 ",בית ספר חביב - מבנה ישן,"(31.9639705, 34.8094406)"
8300,ראשון לציון,29,"אהרון וברוך,1 ","בי""ס יפה נוף","(31.9736165, 34.7989958)"
8300,ראשון לציון,30,"וייז סטפן,13 ","בי""ס תרבות","(31.9707421, 34.8083316)"
8300,ראשון לציון,31,"אחד העם,7 ",בית ספר חביב - מבנה ישן,"(31.9639705, 34.8094406)"
8300,ראשון לציון,32,"וייז סטפן,13 ","בי""ס תרבות","(31.9707421, 34.8083316)"
8300,ראשון לציון,33,"הגדוד העברי,17 ","בי""ס חביב - מבנה חדש","(31.9638036, 34.8104646)"
8300,ראשון לציון,34,"האחים סולימן,2 ","ת""ת חפץ חיים","(31.9636346, 34.8162888)"
8300,ראשון לציון,35,"קידוש השם,11 ","בי""ס אלונים (שובו לשעבר)","(31.9683089, 34.8121232)"
8300,ראשון לציון,36,"גוש עציון,23 ","חט""ב מיכה רייסר","(31.9673642, 34.8214658)"
8300,ראשון לציון,37,"אחד העם,7 ",בית ספר חביב - מבנה ישן,"(31.9639705, 34.8094406)"
8300,ראשון לציון,38,"שינקין,18 ","בי""ס שלמון","(31.9721648, 34.8007835)"
8300,ראשון לציון,39,"גוש עציון,23 ","חט""ב מיכה רייסר","(31.9673642, 34.8214658)"
8300,ראשון לציון,40,"האחים סמילצ'נסקי,22 ","בי""ס מקיף א - מבנה פרפר","(31.9610045, 34.7972864)"
8300,ראשון לציון,41,"דרובין יואל,37 ","בי""ס צליל מיתר","(31.9579683, 34.7994365)"
8300,ראשון לציון,42,"יהודה לייב,38 ","בי""ס בית יעקב","(31.96951, 34.8073138)"
8300,ראשון לציון,43,"ראובן ובת שבע,4 ","בי""ס רעות","(31.9707352, 34.8155301)"
8300,ראשון לציון,44,"קידוש השם,11 ","בי""ס אלונים (שובו לשעבר)","(31.9683089, 34.8121232)"
8300,ראשון לציון,45,"וייז סטפן,13 ","בי""ס תרבות","(31.9707421, 34.8083316)"
8300,ראשון לציון,46,"החצב,22א","בי""ס רמז","(31.9563702, 34.826952)"
8300,ראשון לציון,47,"ההכשרות,4 ","בי""ס תמיר","(31.9692748, 34.8214066)"
8300,ראשון לציון,48,"האחים סמילצ'נסקי,22 ","בי""ס מקיף א - מבנה פרפר","(31.9610045, 34.7972864)"
8300,ראשון לציון,49,"גרינשפן הרשל,6 ","חט""ב מרדכי טביב",
8300,ראשון לציון,50,"גרינשפן הרשל,6 ","חט""ב מרדכי טביב",
8300,ראשון לציון,51,"גיבשטיין יהושע,31 ","בי""ס ממלכתי מישור הנוף","(31.9512517, 34.8109152)"
8300,ראשון לציון,52,"שד יעקב,50 ","מתנ""ס שיכון המזרח",
8300,ראשון לציון,53,"החצב,22א","בי""ס רמז","(31.9563702, 34.826952)"
8300,ראשון לציון,54,"החצב,22א","בי""ס רמז","(31.9563702, 34.826952)"
8300,ראשון לציון,55,"נחמיה,111 ","בי""ס תלמוד תורה אור-מלכה","(31.949643, 34.8261281)"
8300,ראשון לציון,56,"נחמיה,111 ","בי""ס תלמוד תורה אור-מלכה","(31.949643, 34.8261281)"
8300,ראשון לציון,57,"ירמיהו,11 ","בי""ס ישורון","(31.9518244, 34.8161157)"
8300,ראשון לציון,58,"אלפסי,13 ",תיכון טכנולוגי נעמת (תימון),"(31.9499068, 34.821242)"
8300,ראשון לציון,59,"שד יעקב,50 ","מתנ""ס שיכון המזרח",
8300,ראשון לציון,60,"ירמיהו,11 ","בי""ס ישורון","(31.9518244, 34.8161157)"
8300,ראשון לציון,61,"צ""ג בנות,36 ","בי""ס מעלה שמעוני","(31.9680726, 34.8090268)"
8300,ראשון לציון,62,"צ""ג בנות,36 ","בי""ס מעלה שמעוני","(31.9680726, 34.8090268)"
8300,ראשון לציון,63,"מרגולין,22 ",בית למדע ועמדה,"(31.9689827, 34.8068001)"
8300,ראשון לציון,64,"מרגולין,22 ",בית למדע ועמדה,"(31.9689827, 34.8068001)"
8300,ראשון לציון,65,"סמילנסקי,30 ","בי""ס ממלכתי הדרים","(31.9564325, 34.8056524)"
8300,ראשון לציון,66,סמ גן נחום,גימנסיה גן נחום,
8300,ראשון לציון,67,"קידוש השם,11 ","בי""ס אלונים (שובו לשעבר)","(31.9683089, 34.8121232)"
8300,ראשון לציון,68,"נורדאו,55 ","בי""ס ממ""ד סיני","(31.9587228, 34.8077882)"
8300,ראשון לציון,69,"הרברט סמואל,15 ","בי""ס עדיני","(31.9601388, 34.8139522)"
8300,ראשון לציון,70,"בלקינד שמשון,21 ",מרכז קהילתי עלומים,
8300,ראשון לציון,71,"סמילנסקי,30 ","בי""ס ממלכתי הדרים","(31.9564325, 34.8056524)"
8300,ראשון לציון,72,"נורדאו,55 ","בי""ס ממ""ד סיני","(31.9587228, 34.8077882)"
8300,ראשון לציון,73,"סמילנסקי,30 ","בי""ס ממלכתי הדרים","(31.9564325, 34.8056524)"
8300,ראשון לציון,74,"אהרון וברוך,1 ","בי""ס יפה נוף","(31.9736165, 34.7989958)"
8300,ראשון לציון,75,"שינקין,18 ","בי""ס שלמון","(31.9721648, 34.8007835)"
8300,ראשון לציון,76,"אהרון וברוך,1 ","בי""ס יפה נוף","(31.9736165, 34.7989958)"
8300,ראשון לציון,77,"המתנדבים,6 ","חט""ע מקיף ג העמית","(31.9702757, 34.7923942)"
8300,ראשון לציון,78,"הבריגדה,10 ","חט""ב אחרון הבילויים","(31.9697977, 34.7919436)"
8300,ראשון לציון,79,"הבריגדה,10 ","חט""ב אחרון הבילויים","(31.9697977, 34.7919436)"
8300,ראשון לציון,80,"דרובין יואל,37 ","בי""ס צליל מיתר","(31.9579683, 34.7994365)"
8300,ראשון לציון,81,"ברניצקי נתן,29 ","בי""ס עין הקורא","(31.9591242, 34.7984182)"
8300,ראשון לציון,82,"הירקון,4 ","בי""ס ידלין","(31.9638807, 34.7909952)"
8300,ראשון לציון,83,"רמז,11 ",בית ספר הראל,"(31.9630412, 34.793017)"
8300,ראשון לציון,84,"ברניצקי נתן,29 ","בי""ס עין הקורא","(31.9591242, 34.7984182)"
8300,ראשון לציון,85,"דרובין יואל,35 ","בי""ס אשכולות","(31.9562814, 34.8002737)"
8300,ראשון לציון,86,"ברניצקי נתן,29 ","בי""ס עין הקורא","(31.9591242, 34.7984182)"
8300,ראשון לציון,87,"האחים סמילצ'נסקי,22 ","חט""ע גימנסיה ריאלית","(31.9610045, 34.7972864)"
8300,ראשון לציון,88,"דרובין יואל,35 ","בי""ס אשכולות","(31.9562814, 34.8002737)"
8300,ראשון לציון,89,"דרובין יואל,35 ","בי""ס אשכולות","(31.9562814, 34.8002737)"
8300,ראשון לציון,90,"חיל הצנחנים,5 ","בי""ס חופית","(31.9960115, 34.7407238)"
8300,ראשון לציון,91,"ויניק,39 ","בי""ס ניצנים","(31.9574216, 34.7933861)"
8300,ראשון לציון,92,"הירקון,4 ","בי""ס ידלין","(31.9638807, 34.7909952)"
8300,ראשון לציון,93,"דרובין יואל,37 ","בי""ס צליל מיתר","(31.9579683, 34.7994365)"
8300,ראשון לציון,94,"ויניק,39 ","בי""ס ניצנים","(31.9574216, 34.7933861)"
8300,ראשון לציון,95,"הרב נורוק,10 ",ישיבה תיכונית מדעית,"(31.9832665, 34.7909446)"
8300,ראשון לציון,96,"הרב נורוק,10 ",ישיבה תיכונית מדעית,"(31.9832665, 34.7909446)"
8300,ראשון לציון,97,"אבני החושן,2 ","חט""ב אבני החושן","(31.9816635, 34.7749667)"
8300,ראשון לציון,98,"הרב נורוק,10 ",ישיבה תיכונית מדעית,"(31.9832665, 34.7909446)"
8300,ראשון לציון,99,"ברניצקי נתן,29 ","בי""ס עין הקורא","(31.9591242, 34.7984182)"
8300,ראשון לציון,100,"דרובין יואל,35 ","בי""ס אשכולות","(31.9562814, 34.8002737)"
8300,ראשון לציון,101,"הבריגדה,10 ","חט""ב אחרון הבילויים","(31.9697977, 34.7919436)"
8300,ראשון לציון,102,"כצנלסון,26 ","בי""ס בארי","(31.9681319, 34.7955786)"
8300,ראשון לציון,103,"הירקון,4 ","בי""ס ידלין","(31.9638807, 34.7909952)"
8300,ראשון לציון,104,"האחים סמילצ'נסקי,22 ","חט""ע גימנסיה ריאלית","(31.9610045, 34.7972864)"
8300,ראשון לציון,105,"כצנלסון,26 ","בי""ס בארי","(31.9681319, 34.7955786)"
8300,ראשון לציון,106,"רמז,11 ",בית ספר הראל,"(31.9630412, 34.793017)"
8300,ראשון לציון,107,"רמז,11 ",בית ספר הראל,"(31.9630412, 34.793017)"
8300,ראשון לציון,108,"ויניק,39 ","בי""ס ניצנים","(31.9574216, 34.7933861)"
8300,ראשון לציון,109,"ראובן ובת שבע,4 ","בי""ס רעות","(31.9707352, 34.8155301)"
8300,ראשון לציון,110,"צמח,7 ","בי""ס יסוד המעלה","(31.9703436, 34.7941212)"
8300,ראשון לציון,111,"צמח,7 ","בי""ס יסוד המעלה","(31.9703436, 34.7941212)"
8300,ראשון לציון,112,"המתנדבים,6 ","חט""ע מקיף ג העמית","(31.9702757, 34.7923942)"
8300,ראשון לציון,113,"המתנדבים,6 ","חט""ע מקיף ג העמית","(31.9702757, 34.7923942)"
8300,ראשון לציון,114,"שינקין,18 ","בי""ס שלמון","(31.9721648, 34.8007835)"
8300,ראשון לציון,115,"המתנדבים,6 ","חט""ע מקיף ג העמית","(31.9702757, 34.7923942)"
8300,ראשון לציון,116,"המתנדבים,6 ","חט""ע מקיף ג העמית","(31.9702757, 34.7923942)"
8300,ראשון לציון,117,"שינקין,18 ","בי""ס שלמון","(31.9721648, 34.8007835)"
8300,ראשון לציון,118,"אהרון וברוך,1 ","בי""ס יפה נוף","(31.9736165, 34.7989958)"
8300,ראשון לציון,119,"שינקין,18 ","בי""ס שלמון","(31.9721648, 34.8007835)"
8300,ראשון לציון,120,"יהודה לייב,38 ","בי""ס בית יעקב","(31.96951, 34.8073138)"
8300,ראשון לציון,121,"יהודה לייב,38 ","בי""ס בית יעקב","(31.96951, 34.8073138)"
8300,ראשון לציון,122,"יהודה לייב,38 ","בי""ס בית יעקב","(31.96951, 34.8073138)"
8300,ראשון לציון,123,"יהודה לייב,38 ","בי""ס בית יעקב","(31.96951, 34.8073138)"
8300,ראשון לציון,124,"תנועות הנוער,2 ",המחנות העולים,"(31.972302, 34.8156156)"
8300,ראשון לציון,125,"וייז סטפן,13 ","בי""ס תרבות","(31.9707421, 34.8083316)"
8300,ראשון לציון,126,"הגדוד העברי,17 ","בי""ס חביב - מבנה חדש","(31.9638036, 34.8104646)"
8300,ראשון לציון,127,"ראובן ובת שבע,4 ","בי""ס רעות","(31.9707352, 34.8155301)"
8300,ראשון לציון,128,"הגדוד העברי,17 ","בי""ס חביב - מבנה חדש","(31.9638036, 34.8104646)"
8300,ראשון לציון,129,"הגדוד העברי,17 ","בי""ס חביב - מבנה חדש","(31.9638036, 34.8104646)"
8300,ראשון לציון,130,"אברבנאל,30 ","בי""ס ממלכתי רוזן","(31.9658308, 34.8160263)"
8300,ראשון לציון,131,סמ גן נחום,גימנסיה גן נחום,
8300,ראשון לציון,132,"נורדאו,55 ","בי""ס ממ""ד סיני","(31.9587228, 34.8077882)"
8300,ראשון לציון,133,"נורדאו,55 ","בי""ס ממ""ד סיני","(31.9587228, 34.8077882)"
8300,ראשון לציון,134,"בלקינד שמשון,21 ",מרכז קהילתי עלומים,
8300,ראשון לציון,135,"הרברט סמואל,15 ","בי""ס עדיני","(31.9601388, 34.8139522)"
8300,ראשון לציון,136,"אברבנאל,30 ","בי""ס ממלכתי רוזן","(31.9658308, 34.8160263)"
8300,ראשון לציון,137,"גוש עציון,23 ","חט""ב מיכה רייסר","(31.9673642, 34.8214658)"
8300,ראשון לציון,138,"נורדאו,55 ","בי""ס ממ""ד סיני","(31.9587228, 34.8077882)"
8300,ראשון לציון,139,"לבונטין,15 ",בית זרובבל,"(31.960997, 34.8082724)"
8300,ראשון לציון,140,"גוש עציון,23 ",תיכון מקיף ז' רביבים,"(31.9673642, 34.8214658)"
8300,ראשון לציון,141,"לוין מיכאל וחנה,14 ","בי""ס אופקים",
8300,ראשון לציון,142,"הגדוד העברי,17 ","בי""ס חביב - מבנה חדש","(31.9638036, 34.8104646)"
8300,ראשון לציון,143,"הגדוד העברי,17 ","בי""ס חביב - מבנה חדש","(31.9638036, 34.8104646)"
8300,ראשון לציון,144,"קידוש השם,11 ","בי""ס אלונים (שובו לשעבר)","(31.9683089, 34.8121232)"
8300,ראשון לציון,145,"מרגולין,22 ",בית למדע ועמדה,"(31.9689827, 34.8068001)"
8300,ראשון לציון,146,"האחים סולימן,2 ","ת""ת חפץ חיים","(31.9636346, 34.8162888)"
8300,ראשון לציון,147,"בית יוסף,12 ",מועדון גימלאים (בית -הקשיש),"(31.9640259, 34.8143189)"
8300,ראשון לציון,148,"חיל הצנחנים,5 ","בי""ס חופית","(31.9960115, 34.7407238)"
8300,ראשון לציון,149,"שז""ר זלמן,24 ","בי""ס קהילתי נווה חוף","(31.9965047, 34.7402313)"
8300,ראשון לציון,150,"החלמונית,19 ","בי""ס רננים","(31.9747317, 34.784395)"
8300,ראשון לציון,151,"החלמונית,19 ","בי""ס רננים","(31.9747317, 34.784395)"
8300,ראשון לציון,152,"החלמונית,19 ","בי""ס רננים","(31.9747317, 34.784395)"
8300,ראשון לציון,153,"שומרה,2 ","אמירים - חט""ב ע""ש יצחק רבין","(31.9745393, 34.7793382)"
8300,ראשון לציון,154,"שומרה,2 ","אמירים - חט""ב ע""ש יצחק רבין","(31.9745393, 34.7793382)"
8300,ראשון לציון,155,"שד התקומה,12 ","בי""ס ע""ש זבולון המר",
8300,ראשון לציון,156,"שז""ר זלמן,24 ","בי""ס קהילתי נווה חוף","(31.9965047, 34.7402313)"
8300,ראשון לציון,157,"שדה נחום,4 ",נתיב האולפנה,"(31.9666562, 34.7803942)"
8300,ראשון לציון,158,"שדה נחום,4 ",נתיב האולפנה,"(31.9666562, 34.7803942)"
8300,ראשון לציון,159,"נגבה,33 ","חט""ב קריית גנים","(31.9633075, 34.7764291)"
8300,ראשון לציון,160,"חיל הצנחנים,5 ","בי""ס חופית","(31.9960115, 34.7407238)"
8300,ראשון לציון,161,"אברבנאל,30 ","בי""ס ממלכתי רוזן","(31.9658308, 34.8160263)"
8300,ראשון לציון,162,"גוש עציון,23 ",תיכון מקיף ז' רביבים,"(31.9673642, 34.8214658)"
8300,ראשון לציון,163,"ראובן ובת שבע,4 ","בי""ס רעות","(31.9707352, 34.8155301)"
8300,ראשון לציון,164,"מרגולין,22 ",בית למדע ועמדה,"(31.9689827, 34.8068001)"
8300,ראשון לציון,165,"גוש עציון,23 ","חט""ב מיכה רייסר","(31.9673642, 34.8214658)"
8300,ראשון לציון,166,"בית יוסף,12 ",מועדון גימלאים (בית -הקשיש),"(31.9640259, 34.8143189)"
8300,ראשון לציון,167,"גוש עציון,23 ",תיכון מקיף ז' רביבים,"(31.9673642, 34.8214658)"
8300,ראשון לציון,168,"לוין מיכאל וחנה,14 ","בי""ס אופקים",
8300,ראשון לציון,169,"קידוש השם,11 ","בי""ס אלונים (שובו לשעבר)","(31.9683089, 34.8121232)"
8300,ראשון לציון,170,"ראובן ובת שבע,4 ","בי""ס רעות","(31.9707352, 34.8155301)"
8300,ראשון לציון,171,"אבני החושן,3 ","בי""ס שש שנתי ע""ש איינשטיין","(31.9836387, 34.7735525)"
8300,ראשון לציון,172,"אבני החושן,3 ","בי""ס שש שנתי ע""ש איינשטיין","(31.9836387, 34.7735525)"
8300,ראשון לציון,173,"מבצע משה,39 ","בי""ס איתמר","(31.9825772, 34.7825583)"
8300,ראשון לציון,174,"אבני החושן,2 ","חט""ב אבני החושן","(31.9816635, 34.7749667)"
8300,ראשון לציון,175,"אבני החושן,3 ","בי""ס שש שנתי ע""ש איינשטיין","(31.9836387, 34.7735525)"
8300,ראשון לציון,176,"מבצע משה,39 ","בי""ס איתמר","(31.9825772, 34.7825583)"
8300,ראשון לציון,177,"ההכשרות,4 ","בי""ס תמיר","(31.9692748, 34.8214066)"
8300,ראשון לציון,178,"ראובן ובת שבע,4 ","בי""ס רעות","(31.9707352, 34.8155301)"
8300,ראשון לציון,179,"ראובן ובת שבע,4 ","בי""ס רעות","(31.9707352, 34.8155301)"
8300,ראשון לציון,180,"אבני החושן,2 ","חט""ב אבני החושן","(31.9816635, 34.7749667)"
8300,ראשון לציון,181,"מבצע משה,39 ","בי""ס איתמר","(31.9825772, 34.7825583)"
8300,ראשון לציון,182,"סילבר,2 ","מתנ""ס רמת אליהו","(31.9845976, 34.7862701)"
8300,ראשון לציון,183,"מבצע משה,39 ","בי""ס איתמר","(31.9825772, 34.7825583)"
8300,ראשון לציון,184,"אנילביץ,34 ",ישיבת הסדר,"(31.9842255, 34.7899269)"
8300,ראשון לציון,185,"שד התקומה,12 ","בי""ס ע""ש זבולון המר",
8300,ראשון לציון,186,"היין,2 ","בי""ס כרמים-זיו (חט""צ)","(31.9736577, 34.7774539)"
8300,ראשון לציון,187,"היין,2 ","בי""ס כרמים-זיו (חט""צ)","(31.9736577, 34.7774539)"
8300,ראשון לציון,188,"שד התקומה,12 ","בי""ס ע""ש זבולון המר",
8300,ראשון לציון,189,"שד התקומה,12 ","בי""ס ע""ש זבולון המר",
8300,ראשון לציון,190,"היין,2 ","בי""ס כרמים-זיו (חט""צ)","(31.9736577, 34.7774539)"
8300,ראשון לציון,191,"הסחלב,2 ","בי""ס יסודי אביבים","(31.9710879, 34.7856133)"
8300,ראשון לציון,192,"הסחלב,2 ","בי""ס יסודי אביבים","(31.9710879, 34.7856133)"
8300,ראשון לציון,193,"החלמונית,19 ","בי""ס רננים","(31.9747317, 34.784395)"
8300,ראשון לציון,194,"החלמונית,19 ","בי""ס רננים","(31.9747317, 34.784395)"
8300,ראשון לציון,195,"שדה נחום,4 ",נתיב האולפנה,"(31.9666562, 34.7803942)"
8300,ראשון לציון,196,"נגבה,33 ","חט""ב קריית גנים","(31.9633075, 34.7764291)"
8300,ראשון לציון,197,"נגבה,33 ","חט""ב קריית גנים","(31.9633075, 34.7764291)"
8300,ראשון לציון,198,"נגבה,33 ","חט""ב קריית גנים","(31.9633075, 34.7764291)"
8300,ראשון לציון,199,"ראם,25 ","תיכון מקיף ע""ש יגאל אלון","(31.9551428, 34.8144772)"
8300,ראשון לציון,200,"גרינשפן הרשל,6 ","חט""ב מרדכי טביב",
8300,ראשון לציון,201,"גרינשפן הרשל,6 ","חט""ב מרדכי טביב",
8300,ראשון לציון,202,"הרברט סמואל,15 ","בי""ס עדיני","(31.9601388, 34.8139522)"
8300,ראשון לציון,203,"האחים סמילצ'נסקי,22 ","חט""ע גימנסיה ריאלית","(31.9610045, 34.7972864)"
8300,ראשון לציון,204,"סמילנסקי,30 ","בי""ס ממלכתי הדרים","(31.9564325, 34.8056524)"
8300,ראשון לציון,205,"ראם,25 ","תיכון מקיף ע""ש יגאל אלון","(31.9551428, 34.8144772)"
8300,ראשון לציון,206,"גיבשטיין יהושע,31 ","בי""ס ממלכתי מישור הנוף","(31.9512517, 34.8109152)"
8300,ראשון לציון,207,"אלפסי,13 ",תיכון טכנולוגי נעמת (תימון),"(31.9499068, 34.821242)"
8300,ראשון לציון,208,"ירמיהו,11 ","בי""ס ישורון","(31.9518244, 34.8161157)"
8300,ראשון לציון,209,"ויניק,39 ","בי""ס ניצנים","(31.9574216, 34.7933861)"
8300,ראשון לציון,210,"ויניק,39 ","בי""ס ניצנים","(31.9574216, 34.7933861)"
8300,ראשון לציון,211,"דרובין יואל,35 ","בי""ס אשכולות","(31.9562814, 34.8002737)"
8300,ראשון לציון,212,"נורדאו,55 ","בי""ס ממ""ד סיני","(31.9587228, 34.8077882)"
8300,ראשון לציון,213,"הירקון,4 ","בי""ס ידלין","(31.9638807, 34.7909952)"
8300,ראשון לציון,214,"ברניצקי נתן,29 ","בי""ס עין הקורא","(31.9591242, 34.7984182)"
8300,ראשון לציון,215,"לבונטין,15 ",בית זרובבל,"(31.960997, 34.8082724)"
8300,ראשון לציון,216,"הרברט סמואל,15 ","בי""ס עדיני","(31.9601388, 34.8139522)"
8300,ראשון לציון,217,"הרצל,119 ","חט""ב זלמן ארן","(31.9567144, 34.8038897)"
8300,ראשון לציון,218,סמ גן נחום,גימנסיה גן נחום,
8300,ראשון לציון,219,"נורדאו,55 ","בי""ס ממ""ד סיני","(31.9587228, 34.8077882)"
8300,ראשון לציון,220,"חיל הצנחנים,5 ","בי""ס חופית","(31.9960115, 34.7407238)"
8300,ראשון לציון,221,"שז""ר זלמן,24 ","בי""ס קהילתי נווה חוף","(31.9965047, 34.7402313)"
8300,ראשון לציון,222,"חיל הצנחנים,5 ","בי""ס חופית","(31.9960115, 34.7407238)"
8300,ראשון לציון,223,"יהודה לייב,38 ","בי""ס בית יעקב","(31.96951, 34.8073138)"
8300,ראשון לציון,224,"גיבשטיין יהושע,31 ","בי""ס ממלכתי מישור הנוף","(31.9512517, 34.8109152)"
8300,ראשון לציון,225,"הבריגדה,10 ","חט""ב אחרון הבילויים","(31.9697977, 34.7919436)"
8300,ראשון לציון,226,"צמח,7 ","בי""ס יסוד המעלה","(31.9703436, 34.7941212)"
8300,ראשון לציון,227,"כצנלסון,26 ","בי""ס בארי","(31.9681319, 34.7955786)"
8300,ראשון לציון,228,"יהודה לייב,38 ","בי""ס בית יעקב","(31.96951, 34.8073138)"
8300,ראשון לציון,229,"תנועות הנוער,2 ",המחנות העולים,"(31.972302, 34.8156156)"
8300,ראשון לציון,230,"סילבר,2 ","מתנ""ס רמת אליהו","(31.9845976, 34.7862701)"
8300,ראשון לציון,231,"הרקפת,31 ","בי""ס רזאל","(31.9514142, 34.8313815)"
8300,ראשון לציון,232,"הגדוד העברי,17 ","בי""ס חביב - מבנה חדש","(31.9638036, 34.8104646)"
8300,ראשון לציון,233,"אברבנאל,30 ","בי""ס ממלכתי רוזן","(31.9658308, 34.8160263)"
8300,ראשון לציון,234,"נורדאו,55 ","בי""ס ממ""ד סיני","(31.9587228, 34.8077882)"
8300,ראשון לציון,235,"אבני החושן,2 ","חט""ב אבני החושן","(31.9816635, 34.7749667)"
8300,ראשון לציון,236,"ש נווה דקלים,54 ","בי""ס נווה דקלים","(31.9796323, 34.7558347)"
8300,ראשון לציון,237,"שינקין,18 ","בי""ס שלמון","(31.9721648, 34.8007835)"
8300,ראשון לציון,238,"אלקבץ,2 ","בי""ס מרחבים","(31.9784045, 34.7734465)"
8300,ראשון לציון,239,"אבני החושן,2 ","חט""ב אבני החושן","(31.9816635, 34.7749667)"
8300,ראשון לציון,240,"שז""ר זלמן,24 ","בי""ס קהילתי נווה חוף","(31.9965047, 34.7402313)"
8300,ראשון לציון,241,"שז""ר זלמן,24 ","בי""ס קהילתי נווה חוף","(31.9965047, 34.7402313)"
8300,ראשון לציון,242,"קידוש השם,11 ","בי""ס אלונים (שובו לשעבר)","(31.9683089, 34.8121232)"
8300,ראשון לציון,243,"שומרה,2 ","אמירים - חט""ב ע""ש יצחק רבין","(31.9745393, 34.7793382)"
8300,ראשון לציון,244,"אנילביץ,34 ",ישיבת הסדר,"(31.9842255, 34.7899269)"
8300,ראשון לציון,245,"שז""ר זלמן,24 ","בי""ס קהילתי נווה חוף","(31.9965047, 34.7402313)"
8300,ראשון לציון,246,"ראובן ובת שבע,4 ","בי""ס רעות","(31.9707352, 34.8155301)"
8300,ראשון לציון,247,"ויניק,39 ","בי""ס ניצנים","(31.9574216, 34.7933861)"
8300,ראשון לציון,248,"בר-לב חיים,1 ","חט""ב ע""ש חיים בר-לב","(31.9785093, 34.7657437)"
8300,ראשון לציון,249,"בר-לב חיים,1 ","חט""ב ע""ש חיים בר-לב","(31.9785093, 34.7657437)"
8300,ראשון לציון,250,"מרגולין,22 ",בית למדע ועמדה,"(31.9689827, 34.8068001)"
8300,ראשון לציון,251,"ראובן ובת שבע,4 ","בי""ס רעות","(31.9707352, 34.8155301)"
8300,ראשון לציון,252,"ירמיהו,11 ","בי""ס ישורון","(31.9518244, 34.8161157)"
8300,ראשון לציון,253,"נגבה,33 ","חט""ב קריית גנים","(31.9633075, 34.7764291)"
8300,ראשון לציון,254,"נגבה,33 ","חט""ב קריית גנים","(31.9633075, 34.7764291)"
8300,ראשון לציון,255,"ריב""ל,1 ","בי""ס יסודי שיקמה","(31.9750341, 34.770891)"
8300,ראשון לציון,256,"הרב צאלח משה,23 ",מועדון גימלאים,"(31.9858539, 34.8048483)"
8300,ראשון לציון,257,"יהודה לייב,38 ","בי""ס בית יעקב","(31.96951, 34.8073138)"
8300,ראשון לציון,258,"ריב""ל,1 ","בי""ס יסודי שיקמה","(31.9750341, 34.770891)"
8300,ראשון לציון,259,"בר-לב חיים,1 ","חט""ב ע""ש חיים בר-לב","(31.9785093, 34.7657437)"
8300,ראשון לציון,260,"אלקבץ,2 ","בי""ס מרחבים","(31.9784045, 34.7734465)"
8300,ראשון לציון,261,"אלקבץ,2 ","בי""ס מרחבים","(31.9784045, 34.7734465)"
8300,ראשון לציון,262,"אלקבץ,2 ","בי""ס מרחבים","(31.9784045, 34.7734465)"
8300,ראשון לציון,263,"בר-לב חיים,1 ","חט""ב ע""ש חיים בר-לב","(31.9785093, 34.7657437)"
8300,ראשון לציון,264,"בר-לב חיים,1 ","חט""ב ע""ש חיים בר-לב","(31.9785093, 34.7657437)"
8300,ראשון לציון,265,"אלקבץ,2 ","בי""ס מרחבים","(31.9784045, 34.7734465)"
8300,ראשון לציון,266,"אלקבץ,2 ","בי""ס מרחבים","(31.9784045, 34.7734465)"
8300,ראשון לציון,267,"ריב""ל,1 ","בי""ס יסודי שיקמה","(31.9750341, 34.770891)"
8300,ראשון לציון,268,"ריב""ל,1 ","בי""ס יסודי שיקמה","(31.9750341, 34.770891)"
8300,ראשון לציון,269,"ריב""ל,1 ","בי""ס יסודי שיקמה","(31.9750341, 34.770891)"
8300,ראשון לציון,270,"התזמורת,17 ","בי""ס מקיף ט' החדשני","(31.9691489, 34.7755824)"
8300,ראשון לציון,271,"התזמורת,43 ","בי""ס ממלכתי אשלים","(31.9625638, 34.7716976)"
8300,ראשון לציון,272,"התזמורת,43 ","בי""ס ממלכתי אשלים","(31.9625638, 34.7716976)"
8300,ראשון לציון,273,"התזמורת,17 ","בי""ס מקיף ט' החדשני","(31.9691489, 34.7755824)"
8300,ראשון לציון,274,"התזמורת,43 ","בי""ס ממלכתי אשלים","(31.9625638, 34.7716976)"
8300,ראשון לציון,275,"התזמורת,17 ","בי""ס מקיף ט' החדשני","(31.9691489, 34.7755824)"
8300,ראשון לציון,276,"התזמורת,17 ","בי""ס מקיף ט' החדשני","(31.9691489, 34.7755824)"
8300,ראשון לציון,277,"התזמורת,43 ","בי""ס ממלכתי אשלים","(31.9625638, 34.7716976)"
8300,ראשון לציון,278,"נגבה,33 ","חט""ב קריית גנים","(31.9633075, 34.7764291)"
8300,ראשון לציון,279,"היין,2 ","בי""ס כרמים-זיו (חט""צ)","(31.9736577, 34.7774539)"
8300,ראשון לציון,280,"ש נווה דקלים,54 ","בי""ס נווה דקלים","(31.9796323, 34.7558347)"
8300,ראשון לציון,281,"מעגל השלום,2 ","בי""ס חתני פרס נובל","(31.9698396, 34.7668651)"
8300,ראשון לציון,282,"מעגל השלום,2 ","בי""ס חתני פרס נובל","(31.9698396, 34.7668651)"
8300,ראשון לציון,283,"התזמורת,17 ","בי""ס מקיף ט' החדשני","(31.9691489, 34.7755824)"
8300,ראשון לציון,284,"ריב""ל,1 ","בי""ס יסודי שיקמה","(31.9750341, 34.770891)"
8300,ראשון לציון,285,"מעגל השלום,2 ","בי""ס חתני פרס נובל","(31.9698396, 34.7668651)"
8300,ראשון לציון,286,"אלקבץ,2 ","בי""ס מרחבים","(31.9784045, 34.7734465)"
8300,ראשון לציון,287,"מעגל השלום,2 ","בי""ס חתני פרס נובל","(31.9698396, 34.7668651)"
8300,ראשון לציון,288,"התזמורת,43 ","בי""ס ממלכתי אשלים","(31.9625638, 34.7716976)"
8300,ראשון לציון,289,"התזמורת,43 ","בי""ס ממלכתי אשלים","(31.9625638, 34.7716976)"
8300,ראשון לציון,290,"ש נווה דקלים,54 ","בי""ס נווה דקלים","(31.9796323, 34.7558347)"
8300,ראשון לציון,291,"מעגל השלום,2 ","בי""ס חתני פרס נובל","(31.9698396, 34.7668651)"
8300,ראשון לציון,292,"מעגל השלום,2 ","בי""ס חתני פרס נובל","(31.9698396, 34.7668651)"
8300,ראשון לציון,293,"אנילביץ,34 ",ישיבת הסדר,"(31.9842255, 34.7899269)"
8300,ראשון לציון,294,"צמח,7 ","בי""ס יסוד המעלה","(31.9703436, 34.7941212)"
8300,ראשון לציון,295,"צמח,7 ","בי""ס יסוד המעלה","(31.9703436, 34.7941212)"
8300,ראשון לציון,296,"דרובין יואל,35 ","בי""ס אשכולות","(31.9562814, 34.8002737)"
8300,ראשון לציון,297,"ש נווה דקלים,54 ","בי""ס נווה דקלים","(31.9796323, 34.7558347)"
8300,ראשון לציון,298,"חיל השריון,6 ",מרכז נוער (צופים),"(31.9985777, 34.740872)"
8300,ראשון לציון,299,"אלפסי,13 ",תיכון טכנולוגי נעמת (תימון),"(31.9499068, 34.821242)"
8300,ראשון לציון,300,"קידוש השם,11 ","בי""ס אלונים (שובו לשעבר)","(31.9683089, 34.8121232)"
8300,ראשון לציון,301,"מבצע משה,39 ","בי""ס איתמר","(31.9825772, 34.7825583)"
8300,ראשון לציון,302,"מבצע משה,39 ","בי""ס איתמר","(31.9825772, 34.7825583)"
8300,ראשון לציון,303,"האחים סולימן,2 ","ת""ת חפץ חיים","(31.9636346, 34.8162888)"
8300,ראשון לציון,304,"האחים סולימן,2 ","ת""ת חפץ חיים","(31.9636346, 34.8162888)"
8300,ראשון לציון,305,"הסחלב,2 ","בי""ס יסודי אביבים","(31.9710879, 34.7856133)"
8300,ראשון לציון,306,"ש נווה דקלים,54 ","בי""ס נווה דקלים","(31.9796323, 34.7558347)"
8300,ראשון לציון,307,"אלקבץ,2 ","בי""ס מרחבים","(31.9784045, 34.7734465)"
8300,ראשון לציון,308,"הסחלב,2 ","בי""ס יסודי אביבים","(31.9710879, 34.7856133)"
8300,ראשון לציון,309,"הרקפת,31 ","בי""ס רזאל","(31.9514142, 34.8313815)"
8300,ראשון לציון,310,"החצב,22א","בי""ס רמז","(31.9563702, 34.826952)"
8300,ראשון לציון,311,"לוין מיכאל וחנה,14 ","בי""ס אופקים",
8300,ראשון לציון,312,"לוין מיכאל וחנה,14 ","בי""ס אופקים",
8300,ראשון לציון,313,"החצב,22א","בי""ס רמז","(31.9563702, 34.826952)"
8300,ראשון לציון,314,"לוין מיכאל וחנה,14 ","בי""ס אופקים",
8300,ראשון לציון,315,"גרינשפן הרשל,6 ","חט""ב מרדכי טביב",
8300,ראשון לציון,316,"גרינשפן הרשל,6 ","חט""ב מרדכי טביב",
8300,ראשון לציון,317,"לוין מיכאל וחנה,14 ","בי""ס אופקים",
8300,ראשון לציון,318,"חיל הצנחנים,5 ","בי""ס חופית","(31.9960115, 34.7407238)"
8300,ראשון לציון,319,"חיל הצנחנים,5 ","בי""ס חופית","(31.9960115, 34.7407238)"
8300,ראשון לציון,320,"שינקין,18 ","בי""ס שלמון","(31.9721648, 34.8007835)"
8300,ראשון לציון,321,"שינקין,18 ","בי""ס שלמון","(31.9721648, 34.8007835)"
8300,ראשון לציון,322,"הרצל,119 ","חט""ב זלמן ארן","(31.9567144, 34.8038897)"
8300,ראשון לציון,323,"גיבשטיין יהושע,31 ","בי""ס ממלכתי מישור הנוף","(31.9512517, 34.8109152)"
8300,ראשון לציון,324,"ש נווה דקלים,54 ","בי""ס נווה דקלים","(31.9796323, 34.7558347)"
8300,ראשון לציון,325,"החלמונית,19 ","בי""ס רננים","(31.9747317, 34.784395)"
8300,ראשון לציון,326,"היין,2 ","בי""ס כרמים-זיו (חט""צ)","(31.9736577, 34.7774539)"
8300,ראשון לציון,327,"סילבר,2 ","מתנ""ס רמת אליהו","(31.9845976, 34.7862701)"
8300,ראשון לציון,328,"נחמיה,111 ","בי""ס תלמוד תורה אור-מלכה","(31.949643, 34.8261281)"
8300,ראשון לציון,329,"נחמיה,111 ","בי""ס תלמוד תורה אור-מלכה","(31.949643, 34.8261281)"
8300,ראשון לציון,330,"ירמיהו,11 ","בי""ס ישורון","(31.9518244, 34.8161157)"
8300,ראשון לציון,331,"נחמיה,111 ","בי""ס תלמוד תורה אור-מלכה","(31.949643, 34.8261281)"
8300,ראשון לציון,332,"נחמיה,111 ","בי""ס תלמוד תורה אור-מלכה","(31.949643, 34.8261281)"
8300,ראשון לציון,333,"הרצל,119 ","חט""ב זלמן ארן","(31.9567144, 34.8038897)"
8300,ראשון לציון,335,"נורדאו,55 ","בי""ס ממ""ד סיני","(31.9587228, 34.8077882)"
8300,ראשון לציון,336,"גוש עציון,23 ",תיכון מקיף ז' רביבים,"(31.9673642, 34.8214658)"
8300,ראשון לציון,337,"היין,2 ","בי""ס כרמים-זיו (חט""צ)","(31.9736577, 34.7774539)"
8300,ראשון לציון,338,"ירמיהו,11 ","בי""ס ישורון","(31.9518244, 34.8161157)"
8300,ראשון לציון,339,"ההכשרות,4 ","בי""ס תמיר","(31.9692748, 34.8214066)"
8300,ראשון לציון,501,"הרב צאלח משה,4 ","בי""ס יסודי אליאב","(31.9858539, 34.8048483)"
8300,ראשון לציון,502,"הרב צאלח משה,4 ","בי""ס יסודי אליאב","(31.9858539, 34.8048483)"
8300,ראשון לציון,503,"הרב צאלח משה,4 ","בי""ס יסודי אליאב","(31.9858539, 34.8048483)"
8300,ראשון לציון,504,"העצמאות,37 ","בי""ס המעיין - תיכון מקיף י""ב","(31.9814762, 34.8005564)"
8300,ראשון לציון,505,"הרב צאלח משה,4 ","בי""ס יסודי אליאב","(31.9858539, 34.8048483)"
8300,ראשון לציון,506,"העצמאות,37 ","בי""ס המעיין - תיכון מקיף י""ב","(31.9814762, 34.8005564)"
8300,ראשון לציון,507,"העצמאות,37 ","בי""ס המעיין - תיכון מקיף י""ב","(31.9814762, 34.8005564)"
8300,ראשון לציון,508,"העצמאות,37 ","בי""ס המעיין - תיכון מקיף י""ב","(31.9814762, 34.8005564)"
8300,ראשון לציון,509,"העצמאות,37 ","בי""ס המעיין - תיכון מקיף י""ב","(31.9814762, 34.8005564)"
8300,ראשון לציון,510,"העצמאות,37 ","בי""ס המעיין - תיכון מקיף י""ב","(31.9814762, 34.8005564)"
8300,ראשון לציון,511,"העצמאות,37 ","בי""ס המעיין - תיכון מקיף י""ב","(31.9814762, 34.8005564)"
8300,ראשון לציון,512,"הרב צאלח משה,4 ","בי""ס יסודי אליאב","(31.9858539, 34.8048483)"
8300,ראשון לציון,950,"תנועות הנוער,2 ",המחנות העולים,"(31.972302, 34.8156156)"
8300,ראשון לציון,951,"ש נווה דקלים,54 ","בי""ס נווה דקלים","(31.9796323, 34.7558347)"
8300,ראשון לציון,953,"ש נווה דקלים,54 ","בי""ס נווה דקלים","(31.9796323, 34.7558347)"
8300,ראשון לציון,954,"התזמורת,17 ","בי""ס מקיף ט' החדשני","(31.9691489, 34.7755824)"
8300,ראשון לציון,956,"ראובן ובת שבע,4 ","בי""ס רעות","(31.9707352, 34.8155301)"
8300,ראשון לציון,957,"ש נווה דקלים,54 ","בי""ס נווה דקלים","(31.9796323, 34.7558347)"
8300,ראשון לציון,990,"הגדוד העברי,17 ","בי""ס חביב - מבנה חדש","(31.9638036, 34.8104646)"
8400,רחובות,1,"הר כנען,9 ","בי""ס נבון",
8400,רחובות,2,"דוד אלעזר,23 ","מתנ""ס כפר גבירול ישן (בית תנוב","(31.8946489, 34.7758931)"
8400,רחובות,3,"צאלון,1 ","חט""צ ע""ש בגין","(31.8961417, 34.7730559)"
8400,רחובות,4,"הרב נדב דוד,5 ","בי""ס עץ חיים",
8400,רחובות,5,"הרב נדב דוד,5 ","בי""ס עץ חיים",
8400,רחובות,6,"הרב נדב דוד,5 ","בי""ס עץ חיים",
8400,רחובות,7,"גבריאלוב,20 ","תלמוד תורה ממד הראי""ה (הדרים)","(31.8873258, 34.7856137)"
8400,רחובות,8,"גבריאלוב,20 ","תלמוד תורה ממד הראי""ה (הדרים)","(31.8873258, 34.7856137)"
8400,רחובות,9,"הרב נדב דוד,5 ","בי""ס עץ חיים",
8400,רחובות,10,"צאלון,1 ","חט""צ ע""ש בגין","(31.8961417, 34.7730559)"
8400,רחובות,11,"אהרונוביץ יוסף,14 ","מתנ""ס חוויות - נווה יהודה","(31.9017063, 34.8009735)"
8400,רחובות,12,"המעפיל,25 ","בי""ס שפרינצק","(31.9006721, 34.7996409)"
8400,רחובות,13,"אהרונוביץ יוסף,14 ","מתנ""ס חוויות - נווה יהודה","(31.9017063, 34.8009735)"
8400,רחובות,14,"המעפיל,25 ","בי""ס שפרינצק","(31.9006721, 34.7996409)"
8400,רחובות,15,"גבריאלוב,20 ","תלמוד תורה ממד הראי""ה (הדרים)","(31.8873258, 34.7856137)"
8400,רחובות,16,"כוכבי דוד,10 ","ביה""ס ממ""ד סיני","(31.8942035, 34.8012095)"
8400,רחובות,17,"קליין דב,1 ","בי""ס קציר ב'","(31.8930039, 34.7976563)"
8400,רחובות,18,"כוכבי דוד,10 ","ביה""ס ממ""ד סיני","(31.8942035, 34.8012095)"
8400,רחובות,19,אברך חנה,"בי""ס קציר א","(31.8909436, 34.8022314)"
8400,רחובות,20,"קליין דב,1 ","בי""ס קציר ב'","(31.8930039, 34.7976563)"
8400,רחובות,21,אחים קיבוביץ,"בי""ס המר",
8400,רחובות,22,"מרשוב,3 ","בי""ס ויצמן חדש","(31.89419, 34.805078)"
8400,רחובות,23,"גבורי ישראל,2 ",מכללה עירונית קמפוס רחובות,"(31.9873825, 34.8096666)"
8400,רחובות,24,"מרשוב,3 ","בי""ס ויצמן חדש","(31.89419, 34.805078)"
8400,רחובות,25,"מרשוב,3 ","בי""ס ויצמן חדש","(31.89419, 34.805078)"
8400,רחובות,26,אחים קיבוביץ,"בי""ס המר",
8400,רחובות,27,אחים קיבוביץ,"בי""ס המר",
8400,רחובות,28,אחים קיבוביץ,"בי""ס המר",
8400,רחובות,29,אחים קיבוביץ,"בי""ס המר",
8400,רחובות,30,"מרשוב,3 ","בי""ס ויצמן חדש","(31.89419, 34.805078)"
8400,רחובות,31,"גבורי ישראל,2 ",מכללה עירונית קמפוס רחובות,"(31.9873825, 34.8096666)"
8400,רחובות,32,"הרשנזון,25 ","בי""ס בן צבי","(31.8888321, 34.8081841)"
8400,רחובות,33,"נורדאו,20 ","תלמוד תורה ""הראם""","(31.8944152, 34.815363)"
8400,רחובות,34,"נורדאו,20 ","תלמוד תורה ""הראם""","(31.8944152, 34.815363)"
8400,רחובות,35,"הרב בר שאול,16 ","בי""ס שריד","(31.898287, 34.8148937)"
8400,רחובות,36,"הרב בר שאול,16 ","בי""ס שריד","(31.898287, 34.8148937)"
8400,רחובות,37,"הרב הרצוג,16 ","בי""ס בכור לוי","(31.9031115, 34.8151206)"
8400,רחובות,38,"הרב הרצוג,16 ","בי""ס בכור לוי","(31.9031115, 34.8151206)"
8400,רחובות,39,"יעקב,42 ","בי""ס סמילנסקי","(31.8965812, 34.8154896)"
8400,רחובות,40,"הרב בר שאול,16 ","בי""ס שריד","(31.898287, 34.8148937)"
8400,רחובות,41,"יעקב,42 ","בי""ס סמילנסקי","(31.8965812, 34.8154896)"
8400,רחובות,42,"הרב הרצוג,16 ","בי""ס בכור לוי","(31.9031115, 34.8151206)"
8400,רחובות,43,"הרב בר שאול,16 ","בי""ס שריד","(31.898287, 34.8148937)"
8400,רחובות,44,"הרב הרצוג,16 ","בי""ס בכור לוי","(31.9031115, 34.8151206)"
8400,רחובות,45,"יעקב,42 ","בי""ס סמילנסקי","(31.8965812, 34.8154896)"
8400,רחובות,46,"מילר טובה וטוביה,10 ","בי""ס ממ""ד תחכמוני","(31.9003504, 34.8187491)"
8400,רחובות,47,"מרגולין,18 ",ביס ממלכתי דתי בראשית,"(31.8961691, 34.8248466)"
8400,רחובות,48,"שטינברג,10 ","בי""ס תלמוד תורה חב""ד רחובות",
8400,רחובות,49,"חפץ חיים,28א","ביה""ס בנות אסתר","(31.889983, 34.8251505)"
8400,רחובות,50,"הרב הרצוג,16 ","בי""ס בכור לוי","(31.9031115, 34.8151206)"
8400,רחובות,51,"מילר טובה וטוביה,10 ","בי""ס ממ""ד תחכמוני","(31.9003504, 34.8187491)"
8400,רחובות,52,"מילר טובה וטוביה,10 ","בי""ס ממ""ד תחכמוני","(31.9003504, 34.8187491)"
8400,רחובות,53,"מילר טובה וטוביה,10 ","בי""ס ממ""ד תחכמוני","(31.9003504, 34.8187491)"
8400,רחובות,54,"מרגולין,18 ",ביס ממלכתי דתי בראשית,"(31.8961691, 34.8248466)"
8400,רחובות,55,"החבורה,14 ","בי""ס יבניאלי","(31.8834807, 34.8184638)"
8400,רחובות,56,"החבורה,14 ","בי""ס יבניאלי","(31.8834807, 34.8184638)"
8400,רחובות,57,"החבורה,14 ","בי""ס יבניאלי","(31.8834807, 34.8184638)"
8400,רחובות,58,"קאופמן חיים,1 ","בי""ס נועם הצבי-בנות","(31.8838616, 34.8184201)"
8400,רחובות,59,"דהרי שלום,18 ","ביס ת""ת הבאר-לשעבר מפתן אלונים","(31.8820624, 34.8155158)"
8400,רחובות,60,"הדגניות,28 ","בי""ס השיטה","(31.8763363, 34.8135985)"
8400,רחובות,61,"הדגניות,28 ","בי""ס השיטה","(31.8763363, 34.8135985)"
8400,רחובות,62,"הולצברג שמחה,4 ","בי""ס בן גוריון","(31.878747, 34.8160535)"
8400,רחובות,63,"מרשוב,3 ","בי""ס ויצמן חדש","(31.89419, 34.805078)"
8400,רחובות,64,"הרב הרצוג,16 ","בי""ס בכור לוי","(31.9031115, 34.8151206)"
8400,רחובות,65,"נורדאו,20 ","תלמוד תורה ""הראם""","(31.8944152, 34.815363)"
8400,רחובות,66,"הרב הרצוג,16 ","בי""ס בכור לוי","(31.9031115, 34.8151206)"
8400,רחובות,67,"מילר טובה וטוביה,10 ","בי""ס ממ""ד תחכמוני","(31.9003504, 34.8187491)"
8400,רחובות,68,"סירני,52 ","מתנ""ס צפון חדש (חוויות)","(31.9006601, 34.8202259)"
8400,רחובות,69,"החשמונאים,1 ","מתנ""ס חשמונאים","(31.8860062, 34.8034063)"
8400,רחובות,70,"טשרניחובסקי,1 ",אורט ברזילי,"(31.967895, 34.7991676)"
8400,רחובות,71,"החשמונאים,1 ","מתנ""ס חשמונאים","(31.8860062, 34.8034063)"
8400,רחובות,72,"הרשנזון,25 ","בי""ס בן צבי","(31.8888321, 34.8081841)"
8400,רחובות,73,"רייפן יעקב,1 ","בי""ס נתיבות משה","(31.8831368, 34.8094891)"
8400,רחובות,74,"רייפן יעקב,1 ","בי""ס נתיבות משה","(31.8831368, 34.8094891)"
8400,רחובות,75,"קאופמן חיים,1 ","בי""ס נועם הצבי-בנות","(31.8838616, 34.8184201)"
8400,רחובות,76,"שטינברג,10 ","בי""ס תלמוד תורה חב""ד רחובות",
8400,רחובות,77,"נורדאו,20 ","תלמוד תורה ""הראם""","(31.8944152, 34.815363)"
8400,רחובות,78,"הרשנזון,25 ","בי""ס בן צבי","(31.8888321, 34.8081841)"
8400,רחובות,79,"קאופמן חיים,1 ","בי""ס נועם הצבי-בנות","(31.8838616, 34.8184201)"
8400,רחובות,80,"כצנלסון ישראל,10 ",היחידה להתפתחות הילד - חוויות,"(31.8823583, 34.8287716)"
8400,רחובות,81,"סמ הפרדס,3 ",מתנס אושיות-מפעל הפיס,
8400,רחובות,82,"שטינברג,10 ","בי""ס תלמוד תורה חב""ד רחובות",
8400,רחובות,83,"שטינברג,10 ","בי""ס תלמוד תורה חב""ד רחובות",
8400,רחובות,84,"חפץ חיים,18 ","בי""ס אמי""ת","(31.8909018, 34.8240453)"
8400,רחובות,85,"מילר טובה וטוביה,10 ","בי""ס ממ""ד תחכמוני","(31.9003504, 34.8187491)"
8400,רחובות,86,"טשרניחובסקי,1 ",אורט ברזילי,"(31.967895, 34.7991676)"
8400,רחובות,87,"נורדאו,20 ","תלמוד תורה ""הראם""","(31.8944152, 34.815363)"
8400,רחובות,88,"כצנלסון ישראל,10 ",היחידה להתפתחות הילד - חוויות,"(31.8823583, 34.8287716)"
8400,רחובות,89,"דרך ירושלים,32 ",קרית חינוך למדעים (חדש),"(31.7930367, 34.8306026)"
8400,רחובות,90,אחים קיבוביץ,"בי""ס המר",
8400,רחובות,91,אחים קיבוביץ,"בי""ס המר",
8400,רחובות,92,"טשרניחובסקי,1 ",אורט ברזילי,"(31.967895, 34.7991676)"
8400,רחובות,93,"מרשוב,3 ","בי""ס ויצמן חדש","(31.89419, 34.805078)"
8400,רחובות,94,"הרב הרצוג,16 ","בי""ס בכור לוי","(31.9031115, 34.8151206)"
8400,רחובות,95,"הרב בר שאול,16 ","בי""ס שריד","(31.898287, 34.8148937)"
8400,רחובות,96,"הרב בר שאול,16 ","בי""ס שריד","(31.898287, 34.8148937)"
8400,רחובות,97,"נורדאו,20 ","תלמוד תורה ""הראם""","(31.8944152, 34.815363)"
8400,רחובות,98,"מרגולין,18 ",ביס ממלכתי דתי בראשית,"(31.8961691, 34.8248466)"
8400,רחובות,99,"ארלוזורוב,18 ","בי""ס ויצו מקצועי","(31.8862014, 34.8068722)"
8400,רחובות,100,"מרשוב,3 ","בי""ס ויצמן חדש","(31.89419, 34.805078)"
8400,רחובות,101,"הרשנזון,25 ","בי""ס בן צבי","(31.8888321, 34.8081841)"
8400,רחובות,102,"ארלוזורוב,18 ","בי""ס ויצו מקצועי","(31.8862014, 34.8068722)"
8400,רחובות,103,"דרך ירושלים,32 ",קרית חינוך למדעים (חדש),"(31.7930367, 34.8306026)"
8400,רחובות,104,"ארלוזורוב,18 ","בי""ס ויצו מקצועי","(31.8862014, 34.8068722)"
8400,רחובות,105,"מרגולין,18 ",ביס ממלכתי דתי בראשית,"(31.8961691, 34.8248466)"
8400,רחובות,106,"חפץ חיים,18 ","בי""ס אמי""ת","(31.8909018, 34.8240453)"
8400,רחובות,107,"חפץ חיים,18 ","בי""ס אמי""ת","(31.8909018, 34.8240453)"
8400,רחובות,108,"דוד אלעזר,23 ","מתנ""ס כפר גבירול ישן (בית תנוב","(31.8946489, 34.7758931)"
8400,רחובות,109,"יעקב,42 ","בי""ס סמילנסקי","(31.8965812, 34.8154896)"
8400,רחובות,110,"נורדאו,20 ","תלמוד תורה ""הראם""","(31.8944152, 34.815363)"
8400,רחובות,111,"קאופמן חיים,1 ","בי""ס נועם הצבי-בנות","(31.8838616, 34.8184201)"
8400,רחובות,112,"שטינברג,10 ","בי""ס תלמוד תורה חב""ד רחובות",
8400,רחובות,113,"יעקב,42 ","בי""ס סמילנסקי","(31.8965812, 34.8154896)"
8400,רחובות,114,"שטינברג,10 ","בי""ס תלמוד תורה חב""ד רחובות",
8400,רחובות,115,"קאופמן חיים,1 ","בי""ס נועם הצבי-בנות","(31.8838616, 34.8184201)"
8400,רחובות,116,"הרשנזון,25 ","בי""ס בן צבי","(31.8888321, 34.8081841)"
8400,רחובות,117,"דהרי שלום,18 ","ביס ת""ת הבאר-לשעבר מפתן אלונים","(31.8820624, 34.8155158)"
8400,רחובות,118,"טשרניחובסקי,1 ",אורט ברזילי,"(31.967895, 34.7991676)"
8400,רחובות,119,"סמ הפרדס,3 ",מתנס אושיות-מפעל הפיס,
8400,רחובות,120,"מגיני הגליל,36 ","בי""ס ממ""ד מעלות משולם","(31.8899124, 34.8269661)"
8400,רחובות,121,"בר-לב חיים,32 ","בי""ס שזר","(31.8865537, 34.8262825)"
8400,רחובות,122,"מגיני הגליל,36 ","בי""ס ממ""ד מעלות משולם","(31.8899124, 34.8269661)"
8400,רחובות,123,"חפץ חיים,28א","ביה""ס בנות אסתר","(31.889983, 34.8251505)"
8400,רחובות,124,"בר-לב חיים,32 ","בי""ס שזר","(31.8865537, 34.8262825)"
8400,רחובות,125,"מגיני הגליל,36 ","בי""ס ממ""ד מעלות משולם","(31.8899124, 34.8269661)"
8400,רחובות,126,"בר-לב חיים,32 ","בי""ס שזר","(31.8865537, 34.8262825)"
8400,רחובות,127,"בר-לב חיים,32 ","בי""ס שזר","(31.8865537, 34.8262825)"
8400,רחובות,128,"חפץ חיים,28א","ביה""ס בנות אסתר","(31.889983, 34.8251505)"
8400,רחובות,129,"סמ הפרדס,3 ",מתנס אושיות-מפעל הפיס,
8400,רחובות,130,"גבריאלוב,20 ","תלמוד תורה ממד הראי""ה (הדרים)","(31.8873258, 34.7856137)"
8400,רחובות,131,"הר כנען,9 ","בי""ס נבון",
8400,רחובות,132,"הר כנען,9 ","בי""ס נבון",
8400,רחובות,133,"שטינברג,10 ","בי""ס תלמוד תורה חב""ד רחובות",
8400,רחובות,134,"המעפיל,25 ","בי""ס שפרינצק","(31.9006721, 34.7996409)"
8400,רחובות,135,"מרשוב,3 ","בי""ס ויצמן חדש","(31.89419, 34.805078)"
8400,רחובות,136,אחים קיבוביץ,"בי""ס המר",
8400,רחובות,137,"הר הצופים,70 ","ביה""ס ממלכתי הרצוג","(31.8947551, 34.7825195)"
8400,רחובות,138,"הר הצופים,70 ","ביה""ס ממלכתי הרצוג","(31.8947551, 34.7825195)"
8400,רחובות,139,"הולצברג שמחה,4 ","בי""ס בן גוריון","(31.878747, 34.8160535)"
8400,רחובות,140,"קרוננברג יוסף,3 ",ביס אילן רמון,"(31.8788618, 34.8119399)"
8400,רחובות,141,"הולצברג שמחה,4 ","בי""ס בן גוריון","(31.878747, 34.8160535)"
8400,רחובות,142,"מילר טובה וטוביה,10 ","בי""ס ממ""ד תחכמוני","(31.9003504, 34.8187491)"
8400,רחובות,143,"שטינברג,10 ","בי""ס תלמוד תורה חב""ד רחובות",
8400,רחובות,144,"פרופ' נאמן יובל,106 ",ביס פרחי המדע,"(31.9021469, 34.8242757)"
8400,רחובות,145,"דהרי שלום,18 ","ביס ת""ת הבאר-לשעבר מפתן אלונים","(31.8820624, 34.8155158)"
8400,רחובות,146,"הולצברג שמחה,4 ","בי""ס בן גוריון","(31.878747, 34.8160535)"
8400,רחובות,147,"הרשנזון,25 ","בי""ס בן צבי","(31.8888321, 34.8081841)"
8400,רחובות,148,"פרופ' נאמן יובל,106 ",ביס פרחי המדע,"(31.9021469, 34.8242757)"
8400,רחובות,149,"הרב הרצוג,16 ","בי""ס בכור לוי","(31.9031115, 34.8151206)"
8400,רחובות,150,אברך חנה,"בי""ס קציר א","(31.8909436, 34.8022314)"
8400,רחובות,151,"הר כנען,9 ","בי""ס נבון",
8400,רחובות,152,"הר הצופים,70 ","ביה""ס ממלכתי הרצוג","(31.8947551, 34.7825195)"
8400,רחובות,153,"סירני,52 ","מתנ""ס צפון חדש (חוויות)","(31.9006601, 34.8202259)"
8400,רחובות,154,"פרופ' צ'חנובר אהרון,4 ","בי""ס ניצני המדע","(31.9014368, 34.8218567)"
8400,רחובות,155,"הרב מזרחי יעקב,3 ","בי""ס שביט","(31.8832454, 34.791477)"
8400,רחובות,156,"קרוננברג יוסף,3 ",ביס אילן רמון,"(31.8788618, 34.8119399)"
8400,רחובות,157,"שטינברג,10 ","בי""ס תלמוד תורה חב""ד רחובות",
8400,רחובות,158,"פרופ' נאמן יובל,106 ",ביס פרחי המדע,"(31.9021469, 34.8242757)"
8400,רחובות,159,"אהרונוביץ יוסף,14 ","מתנ""ס חוויות - נווה יהודה","(31.9017063, 34.8009735)"
8400,רחובות,160,"פרופ' נאמן יובל,106 ",ביס פרחי המדע,"(31.9021469, 34.8242757)"
8400,רחובות,161,"הרב מזרחי יעקב,3 ","בי""ס שביט","(31.8832454, 34.791477)"
8400,רחובות,162,"הר תבור,3 ",מתנס חוויות ההולנדית,"(31.8917092, 34.7824749)"
8400,רחובות,163,"פרופ' צ'חנובר אהרון,4 ","בי""ס ניצני המדע","(31.9014368, 34.8218567)"
8400,רחובות,164,"קאופמן חיים,1 ","בי""ס נועם הצבי-בנות","(31.8838616, 34.8184201)"
8400,רחובות,165,"קרוננברג יוסף,3 ",ביס אילן רמון,"(31.8788618, 34.8119399)"
8400,רחובות,166,"טשרניחובסקי,1 ",אורט ברזילי,"(31.967895, 34.7991676)"
8400,רחובות,167,"פרופ' צ'חנובר אהרון,4 ","בי""ס ניצני המדע","(31.9014368, 34.8218567)"
8400,רחובות,168,"מילר טובה וטוביה,10 ","בי""ס ממ""ד תחכמוני","(31.9003504, 34.8187491)"
8400,רחובות,169,"צאלון,1 ","חט""צ ע""ש בגין","(31.8961417, 34.7730559)"
8400,רחובות,170,"פרופ' צ'חנובר אהרון,4 ","בי""ס ניצני המדע","(31.9014368, 34.8218567)"
8400,רחובות,171,"קליין דב,1 ","בי""ס קציר ב'","(31.8930039, 34.7976563)"
8400,רחובות,172,"הולצברג שמחה,4 ","בי""ס בן גוריון","(31.878747, 34.8160535)"
8400,רחובות,173,"רייפן יעקב,1 ","בי""ס נתיבות משה","(31.8831368, 34.8094891)"
8400,רחובות,174,"קליין דב,1 ","בי""ס קציר ב'","(31.8930039, 34.7976563)"
8400,רחובות,175,"הרב מזרחי יעקב,3 ","בי""ס שביט","(31.8832454, 34.791477)"
8400,רחובות,176,"סירני,52 ","מתנ""ס צפון חדש (חוויות)","(31.9006601, 34.8202259)"
8400,רחובות,177,"קליין דב,1 ","בי""ס קציר ב'","(31.8930039, 34.7976563)"
8400,רחובות,178,"פרופ' נאמן יובל,106 ",ביס פרחי המדע,"(31.9021469, 34.8242757)"
8400,רחובות,950,"מילר טובה וטוביה,10 ","בי""ס ממ""ד תחכמוני","(31.9003504, 34.8187491)"
8400,רחובות,951,"הרב נדב דוד,5 ","בי""ס עץ חיים",
8400,רחובות,952,"פרופ' נאמן יובל,106 ",ביס פרחי המדע,"(31.9021469, 34.8242757)"
8400,רחובות,953,"מילר טובה וטוביה,10 ","בי""ס ממ""ד תחכמוני","(31.9003504, 34.8187491)"
8400,רחובות,990,"מרשוב,3 ","בי""ס ויצמן חדש","(31.89419, 34.805078)"
555,שדמה,1,שדמה,מועדון מזכירות,"(31.8318956, 34.7391653)"
3711,שא-נור,1,,מזכירות שא-נור,
5000,תל אביב - יפו,1,"עשהאל,3 ","בי""ס צהלה","(32.123532, 34.838529)"
5000,תל אביב - יפו,3,"עשהאל,3 ","בי""ס צהלה","(32.123532, 34.838529)"
5000,תל אביב - יפו,4,"בית אל,45 ","בי""ס משה שרת","(32.117309, 34.841763)"
5000,תל אביב - יפו,5,"קהילת ורשה,30 ","בי""ס דוד ילין","(32.111637, 34.819863)"
5000,תל אביב - יפו,6,"רמה,5 ",מרכז רב שירותים לגיל הזהב,"(32.119744, 34.841496)"
5000,תל אביב - יפו,7,"עולי הגרדום,7 ","בי""ס ישגב","(32.110507, 34.833661)"
5000,תל אביב - יפו,8,"עולי הגרדום,50 ","מתנ""ס בית קמחי","(32.112935, 34.837025)"
5000,תל אביב - יפו,9,"עולי הגרדום,50 ","מתנ""ס בית קמחי","(32.112935, 34.837025)"
5000,תל אביב - יפו,10,"הגולן,34 ","מרכז קשישים ע""ש קוסאר-קרצקי","(32.107207, 34.831924)"
5000,תל אביב - יפו,11,"תבואות הארץ,11 ","בי""ס תיכון עירוני יד","(32.112104, 34.828527)"
5000,תל אביב - יפו,12,"ק""ם,65 ","בי""ס רמת החי""ל","(32.116022, 34.837856)"
5000,תל אביב - יפו,13,"בית אל,45 ","בי""ס משה שרת","(32.117309, 34.841763)"
5000,תל אביב - יפו,14,"דבורה הנביאה,85 ","בי""ס יסודי התורה א'","(32.116341, 34.839417)"
5000,תל אביב - יפו,15,"דבורה הנביאה,85 ","בי""ס יסודי התורה א'","(32.116341, 34.839417)"
5000,תל אביב - יפו,16,"רמה,5 ",מרכז רב שירותים לגיל הזהב,"(32.119744, 34.841496)"
5000,תל אביב - יפו,17,"רמה,5 ",מרכז רב שירותים לגיל הזהב,"(32.119744, 34.841496)"
5000,תל אביב - יפו,18,"וילנסקי משה,24 ","בי""ס יסודי המשתלה","(32.1279655, 34.8326792)"
5000,תל אביב - יפו,19,"אבנר,1 ",מועדון נוער צהלה,"(32.124794, 34.831915)"
5000,תל אביב - יפו,20,"רמה,5 ",מרכז רב שירותים לגיל הזהב,"(32.119744, 34.841496)"
5000,תל אביב - יפו,21,"בית אל,45 ","בי""ס משה שרת","(32.117309, 34.841763)"
5000,תל אביב - יפו,22,"אבנר,1 ",מועדון נוער צהלה,"(32.124794, 34.831915)"
5000,תל אביב - יפו,23,"וילנסקי משה,24 ","בי""ס יסודי המשתלה","(32.1279655, 34.8326792)"
5000,תל אביב - יפו,24,"תבואות הארץ,11 ","בי""ס תיכון עירוני יד","(32.112104, 34.828527)"
5000,תל אביב - יפו,25,"תבואות הארץ,11 ","בי""ס תיכון עירוני יד","(32.112104, 34.828527)"
5000,תל אביב - יפו,26,"תבואות הארץ,11 ","בי""ס תיכון עירוני יד","(32.112104, 34.828527)"
5000,תל אביב - יפו,27,"אבן ספיר,8 ","פיס קהילתי בתיכון עירוני י""ד","(32.112261, 34.82842)"
5000,תל אביב - יפו,28,"תבואות הארץ,11 ","בי""ס תיכון עירוני יד","(32.112104, 34.828527)"
5000,תל אביב - יפו,29,"קיציס יוסף,23 ","מתנ""ס קהילתי בית פרנקפורט","(32.107989, 34.822138)"
5000,תל אביב - יפו,30,"קיציס יוסף,23 ","מתנ""ס קהילתי בית פרנקפורט","(32.107989, 34.822138)"
5000,תל אביב - יפו,31,"קהילת קיוב,15 ",בת ספר על שם ליידי דייוויס,
5000,תל אביב - יפו,32,"קהילת ורשה,30 ","בי""ס דוד ילין","(32.111637, 34.819863)"
5000,תל אביב - יפו,33,"קהילת ורשה,30 ","בי""ס דוד ילין","(32.111637, 34.819863)"
5000,תל אביב - יפו,34,"קהילת ורשה,30 ","בי""ס דוד ילין","(32.111637, 34.819863)"
5000,תל אביב - יפו,35,"קהילת ורשה,30 ","בי""ס דוד ילין","(32.111637, 34.819863)"
5000,תל אביב - יפו,36,"קיציס יוסף,23 ","מתנ""ס קהילתי בית פרנקפורט","(32.107989, 34.822138)"
5000,תל אביב - יפו,37,"קדש ברנע,4 ","בי""ס מגן","(32.112845, 34.814609)"
5000,תל אביב - יפו,38,"קדש ברנע,4 ","בי""ס מגן","(32.112845, 34.814609)"
5000,תל אביב - יפו,39,"מגדל שרשן,17 ","בי""ס אלחריזי",
5000,תל אביב - יפו,40,"בקר אהרון,10 ","ביה""ס ע""ש נעמי שמר","(32.122269, 34.817092)"
5000,תל אביב - יפו,41,"קדש ברנע,4 ","בי""ס מגן","(32.112845, 34.814609)"
5000,תל אביב - יפו,42,"מגדל שרשן,17 ","בי""ס אלחריזי",
5000,תל אביב - יפו,43,"בני אפרים,228 ","תיכון עירוני לד' ע""ש יצחק שמיר","(32.117361, 34.818231)"
5000,תל אביב - יפו,44,"בני אפרים,228 ","תיכון עירוני לד' ע""ש יצחק שמיר","(32.117361, 34.818231)"
5000,תל אביב - יפו,45,"קהילת קיוב,15 ",בת ספר על שם ליידי דייוויס,
5000,תל אביב - יפו,46,"קיציס יוסף,23 ","מתנ""ס קהילתי בית פרנקפורט","(32.107989, 34.822138)"
5000,תל אביב - יפו,47,"מגדל שרשן,17 ","בי""ס אלחריזי",
5000,תל אביב - יפו,48,"קהילת קיוב,15 ",בת ספר על שם ליידי דייוויס,
5000,תל אביב - יפו,49,"קהילת קיוב,15 ",בת ספר על שם ליידי דייוויס,
5000,תל אביב - יפו,50,"קובנר אבא,16 ","בי""ס כוכב הצפון","(32.101355, 34.785668)"
5000,תל אביב - יפו,51,"בורלא יהודה,25 ","בי""ס זלמן ארן - מבנה מרכזי","(32.1081362, 34.7903739)"
5000,תל אביב - יפו,52,"בורלא יהודה,25 ","בי""ס זלמן ארן - מבנה מרכזי","(32.1081362, 34.7903739)"
5000,תל אביב - יפו,53,"אשכול לוי,94 ","בי""ס ממלכתי אביב","(32.1078019, 34.7885578)"
5000,תל אביב - יפו,54,"בורלא יהודה,25 ","בי""ס זלמן ארן - מבנה מרכזי","(32.1081362, 34.7903739)"
5000,תל אביב - יפו,55,"בורלא יהודה,25 ","בי""ס זלמן ארן - מבנה מרכזי","(32.1081362, 34.7903739)"
5000,תל אביב - יפו,56,"פרסיץ שושנה,1 ","ביה""ס הצורי","(32.1377136, 34.7981767)"
5000,תל אביב - יפו,57,"בורלא יהודה,25 ","בי""ס זלמן ארן - מבנה מרכזי","(32.1081362, 34.7903739)"
5000,תל אביב - יפו,58,"רוזנבלום יאיר,11 ","בי""ס צוקי ים","(32.125634, 34.794273)"
5000,תל אביב - יפו,59,"דרזנר יחיאל,2 ",מרכז קהילתי רוזין,"(32.127006, 34.805009)"
5000,תל אביב - יפו,60,"רדינג,35 ","בי""ס אלומות","(32.108075, 34.793425)"
5000,תל אביב - יפו,61,"דרזנר יחיאל,2 ",מרכז קהילתי רוזין,"(32.127006, 34.805009)"
5000,תל אביב - יפו,62,"לויטן יצחק,7 ","בי""ס ארזים",
5000,תל אביב - יפו,63,"דרזנר יחיאל,2 ",מרכז קהילתי רוזין,"(32.127006, 34.805009)"
5000,תל אביב - יפו,64,"לבנון חיים,37 ",מרכז קהילתי רמת אביב,"(32.108438, 34.801169)"
5000,תל אביב - יפו,65,"גרונימן,11 ","בי""ס אילנות","(32.106414, 34.798941)"
5000,תל אביב - יפו,66,"אנדרסן,22 ",אשכול גנים גן חופית-ניצן,"(32.114555, 34.797582)"
5000,תל אביב - יפו,67,"רדינג,26 ",בית ספר תיכון י אליאנס,"(32.107403, 34.795481)"
5000,תל אביב - יפו,68,"יהודה הנשיא,6 ","בי""ס יחדיו","(32.115429, 34.794921)"
5000,תל אביב - יפו,69,"רדינג,35 ","בי""ס אלומות","(32.108075, 34.793425)"
5000,תל אביב - יפו,70,"רדינג,47 ","ביה""ס אלונים","(32.109767, 34.795637)"
5000,תל אביב - יפו,71,"רדינג,26 ",בית ספר תיכון י אליאנס,"(32.107403, 34.795481)"
5000,תל אביב - יפו,72,"גרונימן,11 ","בי""ס אילנות","(32.106414, 34.798941)"
5000,תל אביב - יפו,73,"רדינג,47 ","ביה""ס אלונים","(32.109767, 34.795637)"
5000,תל אביב - יפו,74,"רדינג,47 ","ביה""ס אלונים","(32.109767, 34.795637)"
5000,תל אביב - יפו,75,"אנדרסן,22 ","בי""ס ניצנים","(32.114555, 34.797582)"
5000,תל אביב - יפו,76,"אנדרסן,22 ","בי""ס ניצנים","(32.114555, 34.797582)"
5000,תל אביב - יפו,77,"לויטן יצחק,7 ","בי""ס ארזים",
5000,תל אביב - יפו,78,"אנדרסן,22 ","בי""ס ניצנים","(32.114555, 34.797582)"
5000,תל אביב - יפו,79,"אנדרסן,22 ",אשכול גנים גן חופית-ניצן,"(32.114555, 34.797582)"
5000,תל אביב - יפו,80,"צ'רטוק שמשון,6 ",אשכול גנים-נווה אביבים,
5000,תל אביב - יפו,81,"לויטן יצחק,5 ",מרכז גנים גן אביבית / גן נחשון,
5000,תל אביב - יפו,82,"לויטן יצחק,7 ","בי""ס ארזים",
5000,תל אביב - יפו,83,"יהודה הנשיא,6 ","בי""ס יחדיו","(32.115429, 34.794921)"
5000,תל אביב - יפו,84,"לויטן יצחק,5 ",מרכז גנים גן אביבית / גן נחשון,
5000,תל אביב - יפו,85,"פיינשטיין,83 ","בי""ס רמת אביב ג","(32.127931, 34.801801)"
5000,תל אביב - יפו,86,"בית צורי אליהו,20 ",בית חינוך בית צורי,"(32.1227157, 34.7989039)"
5000,תל אביב - יפו,87,"דרזנר יחיאל,2 ",מרכז קהילתי רוזין,"(32.127006, 34.805009)"
5000,תל אביב - יפו,88,"לויטן יצחק,7 ","בי""ס ארזים",
5000,תל אביב - יפו,89,"בית צורי אליהו,20 ",בית חינוך בית צורי,"(32.1227157, 34.7989039)"
5000,תל אביב - יפו,90,"אנדרסן,22 ","בי""ס ניצנים","(32.114555, 34.797582)"
5000,תל אביב - יפו,91,"יהודה הנשיא,6 ","בי""ס יחדיו","(32.115429, 34.794921)"
5000,תל אביב - יפו,92,"יהודה הנשיא,6 ","בי""ס יחדיו","(32.115429, 34.794921)"
5000,תל אביב - יפו,93,"צ'רטוק שמשון,6 ",אשכול גנים-נווה אביבים,
5000,תל אביב - יפו,94,"פיינשטיין,83 ","בי""ס רמת אביב ג","(32.127931, 34.801801)"
5000,תל אביב - יפו,95,"פיינשטיין,83 ","בי""ס רמת אביב ג","(32.127931, 34.801801)"
5000,תל אביב - יפו,96,"פיינשטיין,83 ","בי""ס רמת אביב ג","(32.127931, 34.801801)"
5000,תל אביב - יפו,97,"דרזנר יחיאל,2 ",מרכז קהילתי רוזין,"(32.127006, 34.805009)"
5000,תל אביב - יפו,98,"בית צורי אליהו,20 ",בית חינוך בית צורי,"(32.1227157, 34.7989039)"
5000,תל אביב - יפו,99,"צ'רטוק שמשון,6 ",אשכול גנים-נווה אביבים,
5000,תל אביב - יפו,100,"פרסיץ שושנה,3 ","בי""ס ""תיכונט"" ע""ש אלתרמן","(32.1377136, 34.7981767)"
5000,תל אביב - יפו,101,"דרזנר יחיאל,2 ",מרכז קהילתי רוזין,"(32.127006, 34.805009)"
5000,תל אביב - יפו,102,"דרזנר יחיאל,3 ","בי""ס ברושים","(32.12746, 34.804659)"
5000,תל אביב - יפו,103,"פרסיץ שושנה,3 ","בי""ס ""תיכונט"" ע""ש אלתרמן","(32.1377136, 34.7981767)"
5000,תל אביב - יפו,104,"אבנר,1 ",מועדון נוער צהלה,"(32.124794, 34.831915)"
5000,תל אביב - יפו,105,"בית צורי אליהו,20 ",בית חינוך בית צורי,"(32.1227157, 34.7989039)"
5000,תל אביב - יפו,106,"אבנר,1 ",מועדון נוער צהלה,"(32.124794, 34.831915)"
5000,תל אביב - יפו,107,"וילנסקי משה,24 ","בי""ס יסודי המשתלה","(32.1279655, 34.8326792)"
5000,תל אביב - יפו,108,"בקר אהרון,10 ","ביה""ס ע""ש נעמי שמר","(32.122269, 34.817092)"
5000,תל אביב - יפו,109,"בקר אהרון,10 ","ביה""ס ע""ש נעמי שמר","(32.122269, 34.817092)"
5000,תל אביב - יפו,110,"לבנון חיים,37 ",מרכז קהילתי רמת אביב,"(32.108438, 34.801169)"
5000,תל אביב - יפו,111,"רדינג,26 ",בית ספר תיכון י אליאנס,"(32.107403, 34.795481)"
5000,תל אביב - יפו,112,"בורלא יהודה,25 ","בי""ס זלמן ארן - מבנה מרכזי","(32.1081362, 34.7903739)"
5000,תל אביב - יפו,113,"בקר אהרון,10 ","ביה""ס ע""ש נעמי שמר","(32.122269, 34.817092)"
5000,תל אביב - יפו,114,"בקר אהרון,10 ","ביה""ס ע""ש נעמי שמר","(32.122269, 34.817092)"
5000,תל אביב - יפו,115,"קובנר אבא,16 ","בי""ס כוכב הצפון","(32.101355, 34.785668)"
5000,תל אביב - יפו,116,"אשכול לוי,94 ","בי""ס ממלכתי אביב","(32.1078019, 34.7885578)"
5000,תל אביב - יפו,117,"אשכול לוי,94 ","בי""ס ממלכתי אביב","(32.1078019, 34.7885578)"
5000,תל אביב - יפו,118,"בן יהודה,227 ","בי""ס תיכון ה","(32.0954772, 34.7753793)"
5000,תל אביב - יפו,119,"שד נורדאו,63 ","מתנ""ס קהילתי דתי בית-מגיד",
5000,תל אביב - יפו,120,"הירקון,248 ","בית חינוך ע""ש א.ד. גורדון","(32.092061, 34.773359)"
5000,תל אביב - יפו,121,"בן יהודה,227 ","בי""ס תיכון ה","(32.0954772, 34.7753793)"
5000,תל אביב - יפו,122,"שמעון התרסי,31 ","בי""ס אוסישקין","(32.0950191, 34.7813842)"
5000,תל אביב - יפו,123,"בן יהודה,227 ","בי""ס תיכון ה","(32.0954772, 34.7753793)"
5000,תל אביב - יפו,124,"בן יהודה,227 ","בי""ס תיכון ה","(32.0954772, 34.7753793)"
5000,תל אביב - יפו,125,"בן יהודה,227 ","בי""ס תיכון ה","(32.0954772, 34.7753793)"
5000,תל אביב - יפו,126,"הירקון,248 ","בית חינוך ע""ש א.ד. גורדון","(32.092061, 34.773359)"
5000,תל אביב - יפו,127,"הירקון,248 ","בית חינוך ע""ש א.ד. גורדון","(32.092061, 34.773359)"
5000,תל אביב - יפו,128,"בן יהודה,193 ",אשכול גנים בן יהודה,"(32.091655, 34.774222)"
5000,תל אביב - יפו,129,"בן יהודה,193 ",אשכול גנים בן יהודה,"(32.091655, 34.774222)"
5000,תל אביב - יפו,130,"מנדלשטם,12 ",מרכז יום לקשיש,"(32.091456, 34.776915)"
5000,תל אביב - יפו,131,"מנדלשטם,12 ",מרכז יום לקשיש,"(32.091456, 34.776915)"
5000,תל אביב - יפו,132,"מנדלשטם,12 ",מרכז יום לקשיש,"(32.091456, 34.776915)"
5000,תל אביב - יפו,133,"בן יהודה,193 ",אשכול גנים בן יהודה,"(32.091655, 34.774222)"
5000,תל אביב - יפו,134,"הר נבו,19 ",פיקוח עירוני צפון,"(32.090061, 34.781506)"
5000,תל אביב - יפו,135,"אבן ספיר,8 ","פיס קהילתי בתיכון עירוני י""ד","(32.112261, 34.82842)"
5000,תל אביב - יפו,136,"בני אפרים,228 ","תיכון עירוני לד' ע""ש יצחק שמיר","(32.117361, 34.818231)"
5000,תל אביב - יפו,137,"אנטיגונוס,6 ","בי""ס יהודה המכבי","(32.092572, 34.784702)"
5000,תל אביב - יפו,138,"רוזנבלום יאיר,11 ","בי""ס צוקי ים","(32.125634, 34.794273)"
5000,תל אביב - יפו,139,סמ נורדאו,מתנס בית מגיד,
5000,תל אביב - יפו,140,סמ נורדאו,מתנס בית מגיד,
5000,תל אביב - יפו,141,"אבנר,1 ",מועדון נוער צהלה,"(32.124794, 34.831915)"
5000,תל אביב - יפו,142,"שד נורדאו,63 ","מתנ""ס קהילתי דתי בית-מגיד",
5000,תל אביב - יפו,143,"שד נורדאו,63 ","מתנ""ס קהילתי דתי בית-מגיד",
5000,תל אביב - יפו,144,סמ נורדאו,מתנס בית מגיד,
5000,תל אביב - יפו,145,"וילנסקי משה,24 ","בי""ס יסודי המשתלה","(32.1279655, 34.8326792)"
5000,תל אביב - יפו,146,"שמעון התרסי,31 ","בי""ס אוסישקין","(32.0950191, 34.7813842)"
5000,תל אביב - יפו,147,"שמעון התרסי,31 ","בי""ס אוסישקין","(32.0950191, 34.7813842)"
5000,תל אביב - יפו,148,"שמעון התרסי,31 ","בי""ס אוסישקין","(32.0950191, 34.7813842)"
5000,תל אביב - יפו,149,"הר נבו,4 ","בי""ס הר נבו","(32.088982, 34.781603)"
5000,תל אביב - יפו,150,"הר נבו,4 ","בי""ס הר נבו","(32.088982, 34.781603)"
5000,תל אביב - יפו,151,"אנטיגונוס,6 ","בי""ס יהודה המכבי","(32.092572, 34.784702)"
5000,תל אביב - יפו,152,"הר נבו,19 ",פיקוח עירוני צפון,"(32.090061, 34.781506)"
5000,תל אביב - יפו,153,"פרסיץ שושנה,1 ","ביה""ס הצורי","(32.1377136, 34.7981767)"
5000,תל אביב - יפו,154,"שמעון התרסי,31 ","בי""ס אוסישקין","(32.0950191, 34.7813842)"
5000,תל אביב - יפו,155,"זינגר בשביס יצחק,3 ","בי""ס נופי ים ע""ש צבי לבנון","(32.113674, 34.785938)"
5000,תל אביב - יפו,156,"פרסיץ שושנה,1 ","ביה""ס הצורי","(32.1377136, 34.7981767)"
5000,תל אביב - יפו,157,"מגדל שרשן,17 ","בי""ס אלחריזי",
5000,תל אביב - יפו,158,"פרידמן שרגא,4 ","מרכז ספורט ע""ש אלון רונן","(32.117977, 34.791204)"
5000,תל אביב - יפו,159,"בית אל,45 ","בי""ס משה שרת","(32.117309, 34.841763)"
5000,תל אביב - יפו,160,"רמה,5 ",מרכז רב שירותים לגיל הזהב,"(32.119744, 34.841496)"
5000,תל אביב - יפו,161,"בני דן,40 ","בי""ס מירון","(32.095621, 34.78876)"
5000,תל אביב - יפו,162,"עולי הגרדום,7 ","בי""ס ישגב","(32.110507, 34.833661)"
5000,תל אביב - יפו,163,"תבואות הארץ,11 ","בי""ס תיכון עירוני יד","(32.112104, 34.828527)"
5000,תל אביב - יפו,164,"לויטן יצחק,7 ","בי""ס ארזים",
5000,תל אביב - יפו,165,"הר נבו,4 ","בי""ס הר נבו","(32.088982, 34.781603)"
5000,תל אביב - יפו,166,"שטריקר,19 ","בי""ס תיכון י""א","(32.0928344, 34.7878817)"
5000,תל אביב - יפו,167,"שטריקר,19 ","בי""ס תיכון י""א","(32.0928344, 34.7878817)"
5000,תל אביב - יפו,168,"שטריקר,19 ","בי""ס תיכון י""א","(32.0928344, 34.7878817)"
5000,תל אביב - יפו,169,"בני דן,40 ","בי""ס מירון","(32.095621, 34.78876)"
5000,תל אביב - יפו,170,"בני דן,40 ","בי""ס מירון","(32.095621, 34.78876)"
5000,תל אביב - יפו,171,"שטריקר,19 ","בי""ס תיכון י""א","(32.0928344, 34.7878817)"
5000,תל אביב - יפו,173,"שטריקר,19 ","בי""ס תיכון י""א","(32.0928344, 34.7878817)"
5000,תל אביב - יפו,174,"אנטיגונוס,6 ","בי""ס יהודה המכבי","(32.092572, 34.784702)"
5000,תל אביב - יפו,175,"אנטיגונוס,6 ","בי""ס יהודה המכבי","(32.092572, 34.784702)"
5000,תל אביב - יפו,176,"שטריקר,19 ","בי""ס תיכון י""א","(32.0928344, 34.7878817)"
5000,תל אביב - יפו,177,"בית צורי אליהו,20 ",בית חינוך בית צורי,"(32.1227157, 34.7989039)"
5000,תל אביב - יפו,178,"שטריקר,19 ","בי""ס תיכון י""א","(32.0928344, 34.7878817)"
5000,תל אביב - יפו,179,"ויצמן,74 ","בי""ס תיכון ד ע""ש אהרון קציר","(32.092364, 34.790754)"
5000,תל אביב - יפו,180,"ועידת קטוביץ,47 ","חט""ב עירוני ד' ע""ש אהרן קציר","(32.0954362, 34.7920013)"
5000,תל אביב - יפו,181,"ועידת קטוביץ,47 ","חט""ב עירוני ד' ע""ש אהרן קציר","(32.0954362, 34.7920013)"
5000,תל אביב - יפו,182,"ועידת קטוביץ,47 ","חט""ב עירוני ד' ע""ש אהרן קציר","(32.0954362, 34.7920013)"
5000,תל אביב - יפו,183,"אונקלוס,8 ",ביס בבלי ירושלמי-כניסת אונקלוס,"(32.095608, 34.796322)"
5000,תל אביב - יפו,184,"הרב הרצוג,11 ",ביס בבלי ירושלמי-כניסה מהרצוג,"(32.095396, 34.797093)"
5000,תל אביב - יפו,185,"אונקלוס,8 ",ביס בבלי ירושלמי-כניסת אונקלוס,"(32.095608, 34.796322)"
5000,תל אביב - יפו,186,"אונקלוס,8 ",ביס בבלי ירושלמי-כניסת אונקלוס,"(32.095608, 34.796322)"
5000,תל אביב - יפו,187,"אונקלוס,8 ",ביס בבלי ירושלמי-כניסת אונקלוס,"(32.095608, 34.796322)"
5000,תל אביב - יפו,188,"הרב הרצוג,11 ",ביס בבלי ירושלמי-כניסה מהרצוג,"(32.095396, 34.797093)"
5000,תל אביב - יפו,189,"הרב טולידנו,6 ",מרכז קהילתי בבלי,
5000,תל אביב - יפו,190,"הרב טולידנו,6 ",מרכז קהילתי בבלי,
5000,תל אביב - יפו,191,"ויצמן,74 ","בי""ס תיכון ד ע""ש אהרון קציר","(32.092364, 34.790754)"
5000,תל אביב - יפו,192,"הרב הרצוג,11 ",ביס בבלי ירושלמי-כניסה מהרצוג,"(32.095396, 34.797093)"
5000,תל אביב - יפו,193,"אונקלוס,8 ",ביס בבלי ירושלמי-כניסת אונקלוס,"(32.095608, 34.796322)"
5000,תל אביב - יפו,194,"ועידת קטוביץ,47 ","חט""ב עירוני ד' ע""ש אהרן קציר","(32.0954362, 34.7920013)"
5000,תל אביב - יפו,195,"הרב הרצוג,11 ",ביס בבלי ירושלמי-כניסה מהרצוג,"(32.095396, 34.797093)"
5000,תל אביב - יפו,196,"הרב הרצוג,11 ",ביס בבלי ירושלמי-כניסה מהרצוג,"(32.095396, 34.797093)"
5000,תל אביב - יפו,197,"יהודה הנשיא,6 ","בי""ס יחדיו","(32.115429, 34.794921)"
5000,תל אביב - יפו,198,"מגדל שרשן,17 ","בי""ס אלחריזי",
5000,תל אביב - יפו,199,"בני אפרים,228 ","תיכון עירוני לד' ע""ש יצחק שמיר","(32.117361, 34.818231)"
5000,תל אביב - יפו,200,"קובנר אבא,16 ","בי""ס כוכב הצפון","(32.101355, 34.785668)"
5000,תל אביב - יפו,201,"דרך נמיר מרדכי,81 ","תיכון חדש ע""ש רבין",
5000,תל אביב - יפו,202,"אהבת ציון,17 ","בי""ס תיכון ע""ש רבין אולם ספורט","(32.089964, 34.794493)"
5000,תל אביב - יפו,203,"כהנשטם,16 ","בי""ס אהבת ציון","(32.089891, 34.788448)"
5000,תל אביב - יפו,204,"אהבת ציון,22 ","בי""ס בית הילד","(32.088703, 34.793837)"
5000,תל אביב - יפו,205,"אהבת ציון,22 ","בי""ס בית הילד","(32.088703, 34.793837)"
5000,תל אביב - יפו,206,"כהנשטם,16 ","בי""ס אהבת ציון","(32.089891, 34.788448)"
5000,תל אביב - יפו,207,"כהנשטם,16 ","בי""ס אהבת ציון","(32.089891, 34.788448)"
5000,תל אביב - יפו,208,"ילין דוד,13 ","בי""ס מוזיר","(32.088446, 34.785314)"
5000,תל אביב - יפו,209,"ילין דוד,13 ","בי""ס מוזיר","(32.088446, 34.785314)"
5000,תל אביב - יפו,210,"ז'בוטינסקי,106 ",גימנסיה הרצליה,"(32.0866755, 34.7852239)"
5000,תל אביב - יפו,211,"ילין דוד,13 ","בי""ס מוזיר","(32.088446, 34.785314)"
5000,תל אביב - יפו,212,"תש""ח,7 ","בי""ס יסודי התורה-שער צפוני","(32.085562, 34.787306)"
5000,תל אביב - יפו,213,"תש""ח,7 ","בי""ס יסודי התורה-שער צפוני","(32.085562, 34.787306)"
5000,תל אביב - יפו,214,"תש""ח,7 ","בי""ס יסודי התורה-שער צפוני","(32.085562, 34.787306)"
5000,תל אביב - יפו,215,"תש""ח,7 ","בי""ס יסודי התורה-שער צפוני","(32.085562, 34.787306)"
5000,תל אביב - יפו,216,"דרך נמיר מרדכי,81 ","תיכון חדש ע""ש רבין",
5000,תל אביב - יפו,217,"דרך נמיר מרדכי,81 ","תיכון חדש ע""ש רבין",
5000,תל אביב - יפו,218,"חדרה,2 ","בי""ס יסודי התורה - שער דרומי","(32.085405, 34.787015)"
5000,תל אביב - יפו,219,"חדרה,2 ","בי""ס יסודי התורה - שער דרומי","(32.085405, 34.787015)"
5000,תל אביב - יפו,220,"כהנשטם,16 ","בי""ס אהבת ציון","(32.089891, 34.788448)"
5000,תל אביב - יפו,221,"סולד הנרייטה,6 ",פיקוח עירוני מרכז,"(32.0793916, 34.7918365)"
5000,תל אביב - יפו,222,"חדרה,2 ","בי""ס יסודי התורה - שער דרומי","(32.085405, 34.787015)"
5000,תל אביב - יפו,223,"כהנשטם,16 ","בי""ס אהבת ציון","(32.089891, 34.788448)"
5000,תל אביב - יפו,224,"אהבת ציון,22 ","בי""ס בית הילד","(32.088703, 34.793837)"
5000,תל אביב - יפו,225,"ילין דוד,13 ","בי""ס מוזיר","(32.088446, 34.785314)"
5000,תל אביב - יפו,226,"בית אל,45 ","בי""ס משה שרת","(32.117309, 34.841763)"
5000,תל אביב - יפו,227,"הרב הרצוג,11 ",ביס בבלי ירושלמי-כניסה מהרצוג,"(32.095396, 34.797093)"
5000,תל אביב - יפו,228,"שמעון התרסי,31 ","בי""ס אוסישקין","(32.0950191, 34.7813842)"
5000,תל אביב - יפו,229,"וילנסקי משה,24 ","בי""ס יסודי המשתלה","(32.1279655, 34.8326792)"
5000,תל אביב - יפו,230,"קהילת ורשה,30 ","בי""ס דוד ילין","(32.111637, 34.819863)"
5000,תל אביב - יפו,231,"אהבת ציון,17 ","בי""ס תיכון ע""ש רבין אולם ספורט","(32.089964, 34.794493)"
5000,תל אביב - יפו,232,"דרזנר יחיאל,3 ","בי""ס ברושים","(32.12746, 34.804659)"
5000,תל אביב - יפו,233,"אלוני ניסים,8 ",גני ילדים,"(32.0884682, 34.7970019)"
5000,תל אביב - יפו,234,"דרך נמיר מרדכי,81 ","תיכון חדש ע""ש רבין",
5000,תל אביב - יפו,235,"סולד הנרייטה,6 ",פיקוח עירוני מרכז,"(32.0793916, 34.7918365)"
5000,תל אביב - יפו,236,"צייטלין,24 ","בי""ס מוריה","(32.078959, 34.785927)"
5000,תל אביב - יפו,237,"סולד הנרייטה,6 ",פיקוח עירוני מרכז,"(32.0793916, 34.7918365)"
5000,תל אביב - יפו,238,"סולד הנרייטה,6 ",פיקוח עירוני מרכז,"(32.0793916, 34.7918365)"
5000,תל אביב - יפו,239,"סולד הנרייטה,6 ",פיקוח עירוני מרכז,"(32.0793916, 34.7918365)"
5000,תל אביב - יפו,240,"צייטלין,24 ","בי""ס מוריה","(32.078959, 34.785927)"
5000,תל אביב - יפו,241,"שפרינצק,4 ",עירוני א'-כניסה מרח' שפרינצק,"(32.0712316, 34.7840821)"
5000,תל אביב - יפו,242,"צייטלין,22 ","בי""ס תיכון ב'-ג'","(32.078942, 34.78533)"
5000,תל אביב - יפו,243,"צייטלין,24 ","בי""ס מוריה","(32.078959, 34.785927)"
5000,תל אביב - יפו,244,"צייטלין,24 ","בי""ס מוריה","(32.078959, 34.785927)"
5000,תל אביב - יפו,245,"צייטלין,24 ","בי""ס מוריה","(32.078959, 34.785927)"
5000,תל אביב - יפו,246,"מודיליאני,19 ","בי""ס היובל-כניסה ממודליאני","(32.080835, 34.784934)"
5000,תל אביב - יפו,247,"מודיליאני,19 ","בי""ס היובל-כניסה ממודליאני","(32.080835, 34.784934)"
5000,תל אביב - יפו,248,"אורי,5 ","בי""ס היובל-כניסה מרח' אורי לסר","(32.122746, 34.826377)"
5000,תל אביב - יפו,249,"צייטלין,24 ","בי""ס מוריה","(32.078959, 34.785927)"
5000,תל אביב - יפו,250,"מודיליאני,19 ","בי""ס היובל-כניסה ממודליאני","(32.080835, 34.784934)"
5000,תל אביב - יפו,251,"ליליאן,11 ",עיריית תל אביב - אגף מיחשוב,"(32.083799, 34.782765)"
5000,תל אביב - יפו,252,"אנטוקולסקי,4 ",עיריית תל אביב אגף מיחשוב,"(32.08423, 34.782481)"
5000,תל אביב - יפו,253,"ליליאן,11 ",עיריית תל אביב - אגף מיחשוב,"(32.083799, 34.782765)"
5000,תל אביב - יפו,254,"מודיליאני,19 ","בי""ס היובל-כניסה ממודליאני","(32.080835, 34.784934)"
5000,תל אביב - יפו,255,"ליליאן,11 ",עיריית תל אביב - אגף מיחשוב,"(32.083799, 34.782765)"
5000,תל אביב - יפו,256,"אורי,5 ","בי""ס היובל-כניסה מרח' אורי לסר","(32.122746, 34.826377)"
5000,תל אביב - יפו,257,"אורי,5 ","בי""ס היובל-כניסה מרח' אורי לסר","(32.122746, 34.826377)"
5000,תל אביב - יפו,258,"זינגר בשביס יצחק,3 ","בי""ס נופי ים ע""ש צבי לבנון","(32.113674, 34.785938)"
5000,תל אביב - יפו,259,"גאולה,30 ",תיכון טכנולוגי אורט-בנין ראשי,"(32.071382, 34.768002)"
5000,תל אביב - יפו,260,"גאולה,30 ",תכון טכנולוגי אורט-בניין אחורי,"(32.071382, 34.768002)"
5000,תל אביב - יפו,261,"אורי,5 ","בי""ס היובל-כניסה מרח' אורי לסר","(32.122746, 34.826377)"
5000,תל אביב - יפו,262,"פרסיץ שושנה,1 ","ביה""ס הצורי","(32.1377136, 34.7981767)"
5000,תל אביב - יפו,263,"החשמונאים,92 ","בי""ס גבעון - מתחם גינדי","(32.069163, 34.784353)"
5000,תל אביב - יפו,264,"הנגרים,23 ","בי""ס דרויאנוב","(32.056585, 34.765162)"
5000,תל אביב - יפו,265,"נועם,7 ",מרכז יום לקשיש,"(32.051343, 34.757352)"
5000,תל אביב - יפו,266,"בקר אהרון,10 ","ביה""ס ע""ש נעמי שמר","(32.122269, 34.817092)"
5000,תל אביב - יפו,267,"קדם,40 ","בי""ס חסן עראפה","(32.046777, 34.748992)"
5000,תל אביב - יפו,268,"החשמונאים,92 ","בי""ס גבעון - מתחם גינדי","(32.069163, 34.784353)"
5000,תל אביב - יפו,269,"פרידמן שרגא,4 ","מרכז ספורט ע""ש אלון רונן","(32.117977, 34.791204)"
5000,תל אביב - יפו,270,"נס לגויים,53 ",בית הספר המשותף,"(32.043807, 34.764822)"
5000,תל אביב - יפו,271,"החשמונאים,92 ","בי""ס גבעון - מתחם גינדי","(32.069163, 34.784353)"
5000,תל אביב - יפו,272,"זינגר בשביס יצחק,3 ","בי""ס נופי ים ע""ש צבי לבנון","(32.113674, 34.785938)"
5000,תל אביב - יפו,273,"קפלנסקי,2 ","בי""ס דיזינגוף","(32.043883, 34.778843)"
5000,תל אביב - יפו,274,"דרך בגין,144 ",מרכז ספורט קהילתי השלום,"(32.061823, 34.777831)"
5000,תל אביב - יפו,275,"קובנר אבא,16 ","בי""ס כוכב הצפון","(32.101355, 34.785668)"
5000,תל אביב - יפו,276,"רוזנבלום יאיר,11 ","בי""ס צוקי ים","(32.125634, 34.794273)"
5000,תל אביב - יפו,277,"אנטוקולסקי,4 ",עיריית תל אביב אגף מיחשוב,"(32.08423, 34.782481)"
5000,תל אביב - יפו,278,"החשמונאים,92 ","בי""ס גבעון - מתחם גינדי","(32.069163, 34.784353)"
5000,תל אביב - יפו,279,"אנטוקולסקי,4 ",עיריית תל אביב אגף מיחשוב,"(32.08423, 34.782481)"
5000,תל אביב - יפו,280,"אד""ם הכהן,5 ","בי""ס גרץ-כניסה דרומית","(32.085045, 34.776926)"
5000,תל אביב - יפו,281,"אד""ם הכהן,5 ","בי""ס גרץ-כניסה דרומית","(32.085045, 34.776926)"
5000,תל אביב - יפו,282,"אנטוקולסקי,4 ",עיריית תל אביב אגף מיחשוב,"(32.08423, 34.782481)"
5000,תל אביב - יפו,283,"אד""ם הכהן,5 ","בי""ס גרץ-כניסה צפונית","(32.085045, 34.776926)"
5000,תל אביב - יפו,284,"אד""ם הכהן,5 ","בי""ס גרץ-כניסה דרומית","(32.085045, 34.776926)"
5000,תל אביב - יפו,285,"ז'בוטינסקי,106 ",גימנסיה הרצליה,"(32.0866755, 34.7852239)"
5000,תל אביב - יפו,286,"ז'בוטינסקי,106 ",גימנסיה הרצליה,"(32.0866755, 34.7852239)"
5000,תל אביב - יפו,287,"ז'בוטינסקי,106 ",גימנסיה הרצליה,"(32.0866755, 34.7852239)"
5000,תל אביב - יפו,288,"אד""ם הכהן,5 ","בי""ס גרץ-כניסה דרומית","(32.085045, 34.776926)"
5000,תל אביב - יפו,289,"אד""ם הכהן,5 ","בי""ס גרץ-כניסה צפונית","(32.085045, 34.776926)"
5000,תל אביב - יפו,290,"ברנשטיין אדוארד,3 ","ספריה ע""ש ניסטור","(32.086032, 34.771884)"
5000,תל אביב - יפו,291,"דיזנגוף,200 ",בית המהנדס,"(32.086319, 34.775002)"
5000,תל אביב - יפו,292,"אד""ם הכהן,5 ","בי""ס גרץ-כניסה צפונית","(32.085045, 34.776926)"
5000,תל אביב - יפו,293,"אד""ם הכהן,5 ","בי""ס גרץ-כניסה דרומית","(32.085045, 34.776926)"
5000,תל אביב - יפו,294,"אד""ם הכהן,5 ","בי""ס גרץ-כניסה דרומית","(32.085045, 34.776926)"
5000,תל אביב - יפו,295,"דיזנגוף,200 ",בית המהנדס,"(32.086319, 34.775002)"
5000,תל אביב - יפו,296,"דיזנגוף,200 ",בית המהנדס,"(32.086319, 34.775002)"
5000,תל אביב - יפו,297,"הירקון,248 ","בית חינוך ע""ש א.ד. גורדון","(32.092061, 34.773359)"
5000,תל אביב - יפו,298,"בן יהודה,193 ",אשכול גנים בן יהודה,"(32.091655, 34.774222)"
5000,תל אביב - יפו,299,"בן יהודה,193 ",אשכול גנים בן יהודה,"(32.091655, 34.774222)"
5000,תל אביב - יפו,300,"בן יהודה,193 ",אשכול גנים בן יהודה,"(32.091655, 34.774222)"
5000,תל אביב - יפו,301,"לסל,7 ",מרכז גולדשטיין-גורן,"(32.0859155, 34.7715108)"
5000,תל אביב - יפו,302,"לסל,7 ",מרכז גולדשטיין-גורן,"(32.0859155, 34.7715108)"
5000,תל אביב - יפו,303,"אד""ם הכהן,5 ","בי""ס גרץ-כניסה צפונית","(32.085045, 34.776926)"
5000,תל אביב - יפו,304,"אד""ם הכהן,5 ","בי""ס גרץ-כניסה צפונית","(32.085045, 34.776926)"
5000,תל אביב - יפו,306,"עשהאל,3 ","בי""ס צהלה","(32.123532, 34.838529)"
5000,תל אביב - יפו,307,"החשמונאים,92 ","בי""ס גבעון - מתחם גינדי","(32.069163, 34.784353)"
5000,תל אביב - יפו,310,"קובנר אבא,16 ","בי""ס כוכב הצפון","(32.101355, 34.785668)"
5000,תל אביב - יפו,311,"קובנר אבא,16 ","בי""ס כוכב הצפון","(32.101355, 34.785668)"
5000,תל אביב - יפו,312,"קובנר אבא,16 ","בי""ס כוכב הצפון","(32.101355, 34.785668)"
5000,תל אביב - יפו,315,"אשכול לוי,94 ","בי""ס ממלכתי אביב","(32.1078019, 34.7885578)"
5000,תל אביב - יפו,316,"זינגר בשביס יצחק,3 ","בי""ס נופי ים ע""ש צבי לבנון","(32.113674, 34.785938)"
5000,תל אביב - יפו,317,"זינגר בשביס יצחק,3 ","בי""ס נופי ים ע""ש צבי לבנון","(32.113674, 34.785938)"
5000,תל אביב - יפו,318,"זינגר בשביס יצחק,3 ","בי""ס נופי ים ע""ש צבי לבנון","(32.113674, 34.785938)"
5000,תל אביב - יפו,319,"זינגר בשביס יצחק,3 ","בי""ס נופי ים ע""ש צבי לבנון","(32.113674, 34.785938)"
5000,תל אביב - יפו,323,"הירקון,248 ","בית חינוך ע""ש א.ד. גורדון","(32.092061, 34.773359)"
5000,תל אביב - יפו,324,"לסל,7 ",מרכז גולדשטיין-גורן,"(32.0859155, 34.7715108)"
5000,תל אביב - יפו,325,"לסל,7 ",מרכז גולדשטיין-גורן,"(32.0859155, 34.7715108)"
5000,תל אביב - יפו,326,"לסל,7 ",מרכז גולדשטיין-גורן,"(32.0859155, 34.7715108)"
5000,תל אביב - יפו,327,"אד""ם הכהן,5 ","בי""ס גרץ-כניסה צפונית","(32.085045, 34.776926)"
5000,תל אביב - יפו,328,"דיזנגוף,200 ",בית המהנדס,"(32.086319, 34.775002)"
5000,תל אביב - יפו,329,"דיזנגוף,200 ",בית המהנדס,"(32.086319, 34.775002)"
5000,תל אביב - יפו,330,"פרישמן,28 ","בי""ס תל נורדאו-כניסה מפרישמן","(32.079533, 34.771557)"
5000,תל אביב - יפו,331,"פרישמן,28 ","בי""ס תל נורדאו-כניסה מפרישמן","(32.079533, 34.771557)"
5000,תל אביב - יפו,332,"פרישמן,28 ","בי""ס תל נורדאו-כניסה מפרישמן","(32.079533, 34.771557)"
5000,תל אביב - יפו,333,"פרישמן,28 ","בי""ס תל נורדאו-כניסה מפרישמן","(32.079533, 34.771557)"
5000,תל אביב - יפו,334,"פרישמן,28 ","בי""ס תל נורדאו-כניסה מפרישמן","(32.079533, 34.771557)"
5000,תל אביב - יפו,335,"מנדלי מוכר ספרים,19 ","בי""ס תל נורדאו-מבנה מערבי","(32.079242, 34.771706)"
5000,תל אביב - יפו,336,"מנדלי מוכר ספרים,19 ","בי""ס תל נורדאו-מבנה מערבי","(32.079242, 34.771706)"
5000,תל אביב - יפו,337,"מנדלי מוכר ספרים,19 ","בי""ס תל נורדאו-מבנה מערבי","(32.079242, 34.771706)"
5000,תל אביב - יפו,338,"מנדלי מוכר ספרים,19 ","בי""ס תל נורדאו-מבנה מערבי","(32.079242, 34.771706)"
5000,תל אביב - יפו,339,"הוז דב,16 ",מרכז קהילתי דוב הוז-מפלס תחתון,"(32.080714, 34.772595)"
5000,תל אביב - יפו,340,"פרישמן,28 ","בי""ס תל נורדאו-כניסה מפרישמן","(32.079533, 34.771557)"
5000,תל אביב - יפו,341,"הוז דב,16 ",מרכז קהילתי דוב הוז-מפלס תחתון,"(32.080714, 34.772595)"
5000,תל אביב - יפו,342,"מנדלי מוכר ספרים,19 ","בי""ס תל נורדאו-מבנה מערבי","(32.079242, 34.771706)"
5000,תל אביב - יפו,343,"מנדלי מוכר ספרים,19 ","בי""ס תל נורדאו-מבנה מערבי","(32.079242, 34.771706)"
5000,תל אביב - יפו,344,"מנדלי מוכר ספרים,19 ","בי""ס תל נורדאו-מבנה מערבי","(32.079242, 34.771706)"
5000,תל אביב - יפו,345,"פרישמן,28 ","בי""ס תל נורדאו-כניסה מפרישמן","(32.079533, 34.771557)"
5000,תל אביב - יפו,346,"גרונימן,11 ","בי""ס אילנות","(32.106414, 34.798941)"
5000,תל אביב - יפו,364,"אד""ם הכהן,5 ","בי""ס גרץ-כניסה דרומית","(32.085045, 34.776926)"
5000,תל אביב - יפו,365,"אד""ם הכהן,5 ","בי""ס גרץ-כניסה צפונית","(32.085045, 34.776926)"
5000,תל אביב - יפו,367,"פילון,5 ","עיריית ת""א-מינהל בינוי והנדסה","(32.082324, 34.777051)"
5000,תל אביב - יפו,368,"פילון,5 ","עיריית ת""א-מינהל בינוי והנדסה","(32.082324, 34.777051)"
5000,תל אביב - יפו,369,"פילון,5 ","עיריית ת""א-מינהל בינוי והנדסה","(32.082324, 34.777051)"
5000,תל אביב - יפו,370,"אבן גבירול,71 ",מרכז עינב - גג גן העיר,"(32.0827759, 34.7806588)"
5000,תל אביב - יפו,371,"אבן גבירול,71 ",מרכז עינב - גג גן העיר,"(32.0827759, 34.7806588)"
5000,תל אביב - יפו,372,"צייטלין,22 ","בי""ס תיכון ב'-ג'","(32.078942, 34.78533)"
5000,תל אביב - יפו,373,"אבן גבירול,71 ",מרכז עינב - גג גן העיר,"(32.0827759, 34.7806588)"
5000,תל אביב - יפו,374,"שפירא צבי,21 ",ביס גבריאלי (כניסת רח' שפירא),"(32.075491, 34.778113)"
5000,תל אביב - יפו,375,"הוז דב,16 ",מרכז קהילתי דוב הוז-מפלס עליון,"(32.080714, 34.772595)"
5000,תל אביב - יפו,376,"הוז דב,16 ",מרכז קהילתי דוב הוז-מפלס עליון,"(32.080714, 34.772595)"
5000,תל אביב - יפו,378,"שפירא צבי,21 ",ביס גבריאלי (כניסת רח' שפירא),"(32.075491, 34.778113)"
5000,תל אביב - יפו,379,"טשרניחובסקי,22 ",אשכול גנים טשרניחובסקי,"(32.072985, 34.771883)"
5000,תל אביב - יפו,380,"טשרניחובסקי,35 ",מרכז גנים,"(32.07381, 34.77245)"
5000,תל אביב - יפו,382,"שפירא צבי,21 ",ביס גבריאלי (כניסת רח' שפירא),"(32.075491, 34.778113)"
5000,תל אביב - יפו,383,"שפירא צבי,21 ",ביס גבריאלי (כניסת רח' שפירא),"(32.075491, 34.778113)"
5000,תל אביב - יפו,384,"שפירא צבי,21 ",ביס גבריאלי (כניסת רח' שפירא),"(32.075491, 34.778113)"
5000,תל אביב - יפו,386,"אבן גבירול,71 ",מרכז עינב - גג גן העיר,"(32.0827759, 34.7806588)"
5000,תל אביב - יפו,387,"אבן גבירול,71 ",מרכז עינב - גג גן העיר,"(32.0827759, 34.7806588)"
5000,תל אביב - יפו,388,"צייטלין,22 ","בי""ס תיכון ב'-ג'","(32.078942, 34.78533)"
5000,תל אביב - יפו,390,"שפרינצק,4 ",עירוני א'-כניסה מרח' שפרינצק,"(32.0712316, 34.7840821)"
5000,תל אביב - יפו,391,"צייטלין,22 ","בי""ס תיכון ב'-ג'","(32.078942, 34.78533)"
5000,תל אביב - יפו,392,"שפירא צבי,21 ",ביס גבריאלי (כניסת רח' שפירא),"(32.075491, 34.778113)"
5000,תל אביב - יפו,393,"שפירא צבי,21 ",ביס גבריאלי (כניסת רח' שפירא),"(32.075491, 34.778113)"
5000,תל אביב - יפו,394,"שפירא צבי,21 ",ביס גבריאלי (כניסת רח' שפירא),"(32.075491, 34.778113)"
5000,תל אביב - יפו,395,"שפירא צבי,21 ",ביס גבריאלי (כניסת רח' שפירא),"(32.075491, 34.778113)"
5000,תל אביב - יפו,396,"שפירא צבי,21 ",ביס גבריאלי (כניסת רח' שפירא),"(32.075491, 34.778113)"
5000,תל אביב - יפו,397,"דה וינצ'י לאונרדו,1 ",עירוני א'-כניסה מרח' דה וינצ'י,"(32.071236, 34.784447)"
5000,תל אביב - יפו,398,"שפירא צבי,21 ",ביס גבריאלי (כניסת רח' שפירא),"(32.075491, 34.778113)"
5000,תל אביב - יפו,399,"רוזנבלום יאיר,11 ","בי""ס צוקי ים","(32.125634, 34.794273)"
5000,תל אביב - יפו,400,"שפרינצק,4 ",עירוני א'-כניסה מרח' שפרינצק,"(32.0712316, 34.7840821)"
5000,תל אביב - יפו,401,"שפרינצק,4 ",עירוני א'-כניסה מרח' שפרינצק,"(32.0712316, 34.7840821)"
5000,תל אביב - יפו,426,"דה וינצ'י לאונרדו,1 ",עירוני א'-כניסה מרח' דה וינצ'י,"(32.071236, 34.784447)"
5000,תל אביב - יפו,427,"ביל""ו,17 ",ישיבת בר אילן- כניסה מרח' בילו,"(32.06945, 34.779866)"
5000,תל אביב - יפו,428,"ביל""ו,17 ",ישיבת בר אילן- כניסה מרח' בילו,"(32.06945, 34.779866)"
5000,תל אביב - יפו,429,"ביל""ו,17 ",ישיבת בר אילן- כניסה מרח' בילו,"(32.06945, 34.779866)"
5000,תל אביב - יפו,430,"ביל""ו,17 ",ישיבת בר אילן- כניסה מרח' בילו,"(32.06945, 34.779866)"
5000,תל אביב - יפו,431,"בלפור,12 ","בי""ס בלפור - בנין ראשי","(32.067652, 34.773333)"
5000,תל אביב - יפו,432,"רש""י,48 ",מרכז יום לגיל הזהב,"(32.070644, 34.775312)"
5000,תל אביב - יפו,434,"מזא""ה,13 ","בי""ס בלפור - חטיבה צעירה","(32.06702, 34.774095)"
5000,תל אביב - יפו,435,"מלצ'ט,29 ",אשכול גנים מלצ'ט,"(32.069592, 34.775865)"
5000,תל אביב - יפו,436,"מלצ'ט,29 ",אשכול גנים מלצ'ט,"(32.069592, 34.775865)"
5000,תל אביב - יפו,437,"רש""י,48 ",מרכז יום לגיל הזהב,"(32.070644, 34.775312)"
5000,תל אביב - יפו,438,"מלצ'ט,29 ",אשכול גנים מלצ'ט,"(32.069592, 34.775865)"
5000,תל אביב - יפו,439,"ביל""ו,17 ",ישיבת בר אילן- כניסה מרח' בילו,"(32.06945, 34.779866)"
5000,תל אביב - יפו,440,"ביל""ו,17 ",ישיבת בר אילן- כניסה מרח' בילו,"(32.06945, 34.779866)"
5000,תל אביב - יפו,441,"ביל""ו,17 ",ישיבת בר אילן- כניסה מרח' בילו,"(32.06945, 34.779866)"
5000,תל אביב - יפו,442,"רש""י,48 ",מרכז יום לגיל הזהב,"(32.070644, 34.775312)"
5000,תל אביב - יפו,443,"טשרניחובסקי,35 ",מרכז גנים,"(32.07381, 34.77245)"
5000,תל אביב - יפו,444,"טשרניחובסקי,35 ",התיכון החברתי,"(32.07381, 34.77245)"
5000,תל אביב - יפו,445,"טשרניחובסקי,22 ",אשכול גנים טשרניחובסקי,"(32.072985, 34.771883)"
5000,תל אביב - יפו,446,"רש""י,48 ",מרכז יום לגיל הזהב,"(32.070644, 34.775312)"
5000,תל אביב - יפו,447,"גאולה,30 ",תכון טכנולוגי אורט-בניין אחורי,"(32.071382, 34.768002)"
5000,תל אביב - יפו,448,"אידלסון אברהם,30 ",פיקוח עירוני - הנהלה,
5000,תל אביב - יפו,449,"אידלסון אברהם,30 ",פיקוח עירוני - הנהלה,
5000,תל אביב - יפו,451,"מנדלי מוכר ספרים,20 ",מרכז רב שירותים לעיוור,"(32.078945, 34.770416)"
5000,תל אביב - יפו,452,"מנדלי מוכר ספרים,19 ","בי""ס תל נורדאו-מבנה מערבי","(32.079242, 34.771706)"
5000,תל אביב - יפו,453,"מנדלי מוכר ספרים,20 ",מרכז רב שירותים לעיוור,"(32.078945, 34.770416)"
5000,תל אביב - יפו,454,"מנדלי מוכר ספרים,20 ",מרכז רב שירותים לעיוור,"(32.078945, 34.770416)"
5000,תל אביב - יפו,455,"מנדלי מוכר ספרים,20 ",מרכז רב שירותים לעיוור,"(32.078945, 34.770416)"
5000,תל אביב - יפו,456,"מנדלי מוכר ספרים,20 ",מרכז רב שירותים לעיוור,"(32.078945, 34.770416)"
5000,תל אביב - יפו,457,"אידלסון אברהם,30 ",פיקוח עירוני - הנהלה,
5000,תל אביב - יפו,458,"טשרניחובסקי,22 ",אשכול גנים טשרניחובסקי,"(32.072985, 34.771883)"
5000,תל אביב - יפו,459,"אידלסון אברהם,30 ",פיקוח עירוני - הנהלה,
5000,תל אביב - יפו,472,"בלפור,12 ","בי""ס בלפור - בנין ראשי","(32.067652, 34.773333)"
5000,תל אביב - יפו,473,"מזא""ה,34 ","בי""ס אכפת (מרכז עירוני לנוער)","(32.066311, 34.775493)"
5000,תל אביב - יפו,474,"מזא""ה,13 ","בי""ס בלפור - חטיבה צעירה","(32.06702, 34.774095)"
5000,תל אביב - יפו,475,"מזא""ה,34 ","בי""ס אכפת (מרכז עירוני לנוער)","(32.066311, 34.775493)"
5000,תל אביב - יפו,476,"גאולה,30 ",תיכון טכנולוגי אורט-בנין ראשי,"(32.071382, 34.768002)"
5000,תל אביב - יפו,477,"גאולה,30 ",תכון טכנולוגי אורט-בניין אחורי,"(32.071382, 34.768002)"
5000,תל אביב - יפו,478,"גאולה,30 ",תיכון טכנולוגי אורט-בנין ראשי,"(32.071382, 34.768002)"
5000,תל אביב - יפו,480,"גאולה,30 ",תכון טכנולוגי אורט-בניין אחורי,"(32.071382, 34.768002)"
5000,תל אביב - יפו,481,"אלחנן יצחק,4 ",סמינר בית יעקב,"(32.065136, 34.765812)"
5000,תל אביב - יפו,482,"אלחנן יצחק,4 ",סמינר בית יעקב,"(32.065136, 34.765812)"
5000,תל אביב - יפו,483,"האר""י,10 ",מרכז יום רב שירותים לגיל הזהב,"(32.07035, 34.768123)"
5000,תל אביב - יפו,487,"גאולה,30 ",תיכון טכנולוגי אורט-בנין ראשי,"(32.071382, 34.768002)"
5000,תל אביב - יפו,488,"האר""י,10 ",מרכז יום רב שירותים לגיל הזהב,"(32.07035, 34.768123)"
5000,תל אביב - יפו,491,"אלחנן יצחק,4 ",סמינר בית יעקב,"(32.065136, 34.765812)"
5000,תל אביב - יפו,492,"אלחנן יצחק,4 ",סמינר בית יעקב,"(32.065136, 34.765812)"
5000,תל אביב - יפו,493,"אלחנן יצחק,4 ",סמינר בית יעקב,"(32.065136, 34.765812)"
5000,תל אביב - יפו,494,"יפה בצלאל,8 ","בי""ס בית יעקב ב-בנין דרומי","(32.065166, 34.775086)"
5000,תל אביב - יפו,495,"יפה בצלאל,8 ","בי""ס בית יעקב ב-בנין דרומי","(32.065166, 34.775086)"
5000,תל אביב - יפו,496,"מזא""ה,34 ","בי""ס אכפת (מרכז עירוני לנוער)","(32.066311, 34.775493)"
5000,תל אביב - יפו,498,"בלפור,12 ","בי""ס בלפור - בנין ראשי","(32.067652, 34.773333)"
5000,תל אביב - יפו,499,"בלפור,12 ","בי""ס בלפור - בנין ראשי","(32.067652, 34.773333)"
5000,תל אביב - יפו,501,"מזא""ה,34 ","בי""ס אכפת (מרכז עירוני לנוער)","(32.066311, 34.775493)"
5000,תל אביב - יפו,502,"מזא""ה,13 ","בי""ס בלפור - חטיבה צעירה","(32.06702, 34.774095)"
5000,תל אביב - יפו,503,"יפה בצלאל,8 ","בי""ס בית יעקב ב-בנין דרומי","(32.065166, 34.775086)"
5000,תל אביב - יפו,504,"יפה בצלאל,8 ","בי""ס בית יעקב ב-בנין דרומי","(32.065166, 34.775086)"
5000,תל אביב - יפו,505,"יוחנן בן זכאי,5 ","בי""ס בית יעקב ב-בנין מערבי",
5000,תל אביב - יפו,506,"יוחנן בן זכאי,5 ","בי""ס בית יעקב ב-בנין מערבי",
5000,תל אביב - יפו,507,"יוחנן בן זכאי,5 ","בי""ס בית יעקב ב-בנין מערבי",
5000,תל אביב - יפו,508,"יפה בצלאל,8 ","בי""ס בית יעקב ב-בנין דרומי","(32.065166, 34.775086)"
5000,תל אביב - יפו,509,"יפה בצלאל,8 ","בי""ס בית יעקב ב-בנין דרומי","(32.065166, 34.775086)"
5000,תל אביב - יפו,510,"יוחנן בן זכאי,5 ","בי""ס בית יעקב ב-בנין מערבי",
5000,תל אביב - יפו,529,"אלחנן יצחק,4 ",סמינר בית יעקב,"(32.065136, 34.765812)"
5000,תל אביב - יפו,533,"לילינבלום,7 ",אולפנת בני עקיבא,"(32.062043, 34.768224)"
5000,תל אביב - יפו,534,"לילינבלום,7 ",אולפנת בני עקיבא,"(32.062043, 34.768224)"
5000,תל אביב - יפו,535,"נוה שלום,9 ",מרכז קהילתי נווה צדק,
5000,תל אביב - יפו,536,"לילינבלום,7 ",אולפנת בני עקיבא,"(32.062043, 34.768224)"
5000,תל אביב - יפו,546,"נוה שלום,9 ",מרכז קהילתי נווה צדק,
5000,תל אביב - יפו,547,"נוה שלום,9 ",מרכז קהילתי נווה צדק,
5000,תל אביב - יפו,548,"נוה שלום,9 ",מרכז קהילתי נווה צדק,
5000,תל אביב - יפו,568,"לילינבלום,7 ",אולפנת בני עקיבא,"(32.062043, 34.768224)"
5000,תל אביב - יפו,569,"מולדת,4 ",קמפוס ביאליק רוגוזין עירוני ו,"(32.05564, 34.773205)"
5000,תל אביב - יפו,570,"מולדת,4 ",קמפוס ביאליק רוגוזין עירוני ו,"(32.05564, 34.773205)"
5000,תל אביב - יפו,571,"הנגרים,17 ",אשכול גנים,"(32.05634, 34.765252)"
5000,תל אביב - יפו,572,"הנגרים,23 ","בי""ס דרויאנוב","(32.056585, 34.765162)"
5000,תל אביב - יפו,573,"הנגרים,23 ","בי""ס דרויאנוב","(32.056585, 34.765162)"
5000,תל אביב - יפו,574,"מסילת העולים,2 ",קמפוס ביאליק רוגוזין עירוני ו,"(32.056043, 34.773)"
5000,תל אביב - יפו,575,"הנגרים,17 ",אשכול גנים,"(32.05634, 34.765252)"
5000,תל אביב - יפו,576,"אברבנאל,74 ",מרכז קהילתי פלורנטין,"(32.0552652, 34.7667199)"
5000,תל אביב - יפו,577,"מולדת,4 ",קמפוס ביאליק רוגוזין עירוני ו,"(32.05564, 34.773205)"
5000,תל אביב - יפו,578,"מסילת העולים,2 ",קמפוס ביאליק רוגוזין עירוני ו,"(32.056043, 34.773)"
5000,תל אביב - יפו,579,"מולדת,4 ",קמפוס ביאליק רוגוזין עירוני ו,"(32.05564, 34.773205)"
5000,תל אביב - יפו,580,"דה מודינה אריה,22 ","בי""ס שורשים","(32.053001, 34.77974)"
5000,תל אביב - יפו,581,"מסילת העולים,2 ",קמפוס ביאליק רוגוזין עירוני ו,"(32.056043, 34.773)"
5000,תל אביב - יפו,582,"דה מודינה אריה,22 ","בי""ס שורשים","(32.053001, 34.77974)"
5000,תל אביב - יפו,583,"מולדת,4 ",קמפוס ביאליק רוגוזין עירוני ו,"(32.05564, 34.773205)"
5000,תל אביב - יפו,584,"מסילת העולים,2 ",קמפוס ביאליק רוגוזין עירוני ו,"(32.056043, 34.773)"
5000,תל אביב - יפו,585,"הצפירה,20 ","בי""ס שבח מופת","(32.059978, 34.784158)"
5000,תל אביב - יפו,586,"דה מודינה אריה,22 ","בי""ס שורשים","(32.053001, 34.77974)"
5000,תל אביב - יפו,587,"הצפירה,20 ","בי""ס שבח מופת","(32.059978, 34.784158)"
5000,תל אביב - יפו,588,"הצפירה,20 ","בי""ס שבח מופת","(32.059978, 34.784158)"
5000,תל אביב - יפו,592,"הצפירה,20 ","בי""ס שבח מופת","(32.059978, 34.784158)"
5000,תל אביב - יפו,593,"אברבנאל,74 ",מרכז קהילתי פלורנטין,"(32.0552652, 34.7667199)"
5000,תל אביב - יפו,600,"בורלא יהודה,25 ","בי""ס זלמן ארן - מבנה מרכזי","(32.1081362, 34.7903739)"
5000,תל אביב - יפו,601,"פיינשטיין,83 ","בי""ס רמת אביב ג","(32.127931, 34.801801)"
5000,תל אביב - יפו,602,"בורלא יהודה,25 ","בי""ס זלמן ארן - מבנה מרכזי","(32.1081362, 34.7903739)"
5000,תל אביב - יפו,611,"אוליפנט,15 ",קמפוס אריסון לאומנויות,"(32.0656392, 34.7808129)"
5000,תל אביב - יפו,612,"אוליפנט,15 ",קמפוס אריסון לאומנויות,"(32.0656392, 34.7808129)"
5000,תל אביב - יפו,613,"אוליפנט,15 ",קמפוס אריסון לאומנויות,"(32.0656392, 34.7808129)"
5000,תל אביב - יפו,614,"אוליפנט,15 ",קמפוס אריסון לאומנויות,"(32.0656392, 34.7808129)"
5000,תל אביב - יפו,616,"החשמונאים,92 ","בי""ס גבעון - מתחם גינדי","(32.069163, 34.784353)"
5000,תל אביב - יפו,618,"שפרינצק,4 ",עירוני א'-כניסה מרח' שפרינצק,"(32.0712316, 34.7840821)"
5000,תל אביב - יפו,619,"שפרינצק,4 ",עירוני א'-כניסה מרח' שפרינצק,"(32.0712316, 34.7840821)"
5000,תל אביב - יפו,620,"שפע טל,15 ",מתחם העירייה גבעת התחמושת,"(32.072345, 34.791474)"
5000,תל אביב - יפו,622,"דה וינצ'י לאונרדו,1 ",עירוני א'-כניסה מרח' דה וינצ'י,"(32.071236, 34.784447)"
5000,תל אביב - יפו,632,"נחלת יצחק,35 ","בי""ס איילון-אולם ספורט","(32.074807, 34.800437)"
5000,תל אביב - יפו,633,"עמק ברכה,48א","בי""ס איילון","(32.075381, 34.800812)"
5000,תל אביב - יפו,634,"נחלת יצחק,35 ","בי""ס איילון-אולם ספורט","(32.074807, 34.800437)"
5000,תל אביב - יפו,635,"עמק ברכה,48א","בי""ס איילון","(32.075381, 34.800812)"
5000,תל אביב - יפו,636,"עמק ברכה,48א","בי""ס איילון","(32.075381, 34.800812)"
5000,תל אביב - יפו,637,"עמק ברכה,48א","בי""ס איילון","(32.075381, 34.800812)"
5000,תל אביב - יפו,638,"טירת צבי,5 ",אשכול גנים-הטירה,"(32.077514, 34.797517)"
5000,תל אביב - יפו,639,"עמק ברכה,48א","בי""ס איילון","(32.075381, 34.800812)"
5000,תל אביב - יפו,640,"עמק ברכה,48א","בי""ס איילון","(32.075381, 34.800812)"
5000,תל אביב - יפו,641,"טירת צבי,5 ",אשכול גנים-הטירה,"(32.077514, 34.797517)"
5000,תל אביב - יפו,642,"בת ציון,10 ",מרכז קהילתי בת ציון,"(32.062296, 34.796756)"
5000,תל אביב - יפו,643,"עמק ברכה,48א","בי""ס איילון","(32.075381, 34.800812)"
5000,תל אביב - יפו,644,"האספרגוס,11 ","מתנ""ס קהילתי רמת ישראל בצרון","(32.068457, 34.800403)"
5000,תל אביב - יפו,645,"האספרגוס,11 ","מתנ""ס קהילתי רמת ישראל בצרון","(32.068457, 34.800403)"
5000,תל אביב - יפו,646,"האספרגוס,11 ","מתנ""ס קהילתי רמת ישראל בצרון","(32.068457, 34.800403)"
5000,תל אביב - יפו,647,"ביצרון,19 ","בי""ס דוד בלוך","(32.067299, 34.797662)"
5000,תל אביב - יפו,648,"ביצרון,19 ","בי""ס דוד בלוך","(32.067299, 34.797662)"
5000,תל אביב - יפו,649,"ביצרון,19 ","בי""ס דוד בלוך","(32.067299, 34.797662)"
5000,תל אביב - יפו,650,"עמק ברכה,48א","בי""ס איילון","(32.075381, 34.800812)"
5000,תל אביב - יפו,661,"המערכה,3 ","תלמוד תורה חב""ד - אוהל מנחם","(32.061823, 34.792633)"
5000,תל אביב - יפו,662,"ברנפלד שמעון,15 ","בי""ס עציון","(32.06132, 34.803427)"
5000,תל אביב - יפו,663,"הצבי,5 ","בי""ס צבי שפירא","(32.056717, 34.810214)"
5000,תל אביב - יפו,664,"בת ציון,10 ",מרכז קהילתי בת ציון,"(32.062296, 34.796756)"
5000,תל אביב - יפו,665,"ברנפלד שמעון,15 ","בי""ס עציון","(32.06132, 34.803427)"
5000,תל אביב - יפו,666,"שד' יד לבנים,18 ","בי""ס גבורי ישראל",
5000,תל אביב - יפו,667,"ברנפלד שמעון,15 ","בי""ס עציון","(32.06132, 34.803427)"
5000,תל אביב - יפו,668,"ברנפלד שמעון,15 ","בי""ס עציון","(32.06132, 34.803427)"
5000,תל אביב - יפו,669,"ברנפלד שמעון,15 ","בי""ס עציון","(32.06132, 34.803427)"
5000,תל אביב - יפו,670,"ברנפלד שמעון,15 ","בי""ס עציון","(32.06132, 34.803427)"
5000,תל אביב - יפו,671,"המערכה,3 ","תלמוד תורה חב""ד - אוהל מנחם","(32.061823, 34.792633)"
5000,תל אביב - יפו,672,"בת ציון,10 ",מרכז קהילתי בת ציון,"(32.062296, 34.796756)"
5000,תל אביב - יפו,673,"שד' יד לבנים,18 ","בי""ס גבורי ישראל",
5000,תל אביב - יפו,674,"שד' יד לבנים,18 ","בי""ס גבורי ישראל",
5000,תל אביב - יפו,675,"שד' יד לבנים,18 ","בי""ס גבורי ישראל",
5000,תל אביב - יפו,676,"המערכה,3 ","תלמוד תורה חב""ד - אוהל מנחם","(32.061823, 34.792633)"
5000,תל אביב - יפו,677,"התשעים ושלוש,2 ",ראשית - עירוני ח' )החייל(,"(32.056808, 34.787636)"
5000,תל אביב - יפו,678,"התשעים ושלוש,2 ",ראשית - עירוני ח' )החייל(,"(32.056808, 34.787636)"
5000,תל אביב - יפו,679,"התשעים ושלוש,2 ",ראשית - עירוני ח' )החייל(,"(32.056808, 34.787636)"
5000,תל אביב - יפו,680,"התשעים ושלוש,2 ",ראשית - עירוני ח' )החייל(,"(32.056808, 34.787636)"
5000,תל אביב - יפו,681,"יגור,2 ","בי""ס רוקח","(32.057642, 34.7965743)"
5000,תל אביב - יפו,682,"אלון יגאל,31 ","בי""ס מודיעים","(32.056218, 34.791572)"
5000,תל אביב - יפו,683,"אלון יגאל,31 ","בי""ס מודיעים","(32.056218, 34.791572)"
5000,תל אביב - יפו,684,"דרך ההגנה,106 ",תפארת יוסף(תלמוד תורה),"(32.0568286, 34.8037066)"
5000,תל אביב - יפו,685,"יגור,2 ","בי""ס רוקח","(32.057642, 34.7965743)"
5000,תל אביב - יפו,686,"יגור,2 ","בי""ס רוקח","(32.057642, 34.7965743)"
5000,תל אביב - יפו,687,"יגור,2 ","בי""ס רוקח","(32.057642, 34.7965743)"
5000,תל אביב - יפו,688,"גבעתי,4 ","בי""ס הגליל","(32.051212, 34.796381)"
5000,תל אביב - יפו,689,"דרך ההגנה,106 ",תפארת יוסף(תלמוד תורה),"(32.0568286, 34.8037066)"
5000,תל אביב - יפו,690,"טשרנא,7 ",עירוני ט',"(32.057571, 34.802708)"
5000,תל אביב - יפו,691,"הצבי,5 ","בי""ס צבי שפירא","(32.056717, 34.810214)"
5000,תל אביב - יפו,692,"הצבי,5 ","בי""ס צבי שפירא","(32.056717, 34.810214)"
5000,תל אביב - יפו,693,"הצבי,5 ","בי""ס צבי שפירא","(32.056717, 34.810214)"
5000,תל אביב - יפו,694,"דרך ההגנה,106 ",תפארת יוסף(תלמוד תורה),"(32.0568286, 34.8037066)"
5000,תל אביב - יפו,695,"גבעתי,4 ","בי""ס הגליל","(32.051212, 34.796381)"
5000,תל אביב - יפו,697,"גבעתי,4 ","בי""ס הגליל","(32.051212, 34.796381)"
5000,תל אביב - יפו,698,"התשעים ושלוש,2 ",ראשית - עירוני ח' )החייל(,"(32.056808, 34.787636)"
5000,תל אביב - יפו,701,"דרך הטייסים,28 ","בי""ס אורט יד סינגלובסקי",
5000,תל אביב - יפו,702,"הרב רפאל אנקאווא,13 ","בי""ס כפיר",
5000,תל אביב - יפו,703,"אלבז נתן,2 ","בי""ס תל חי (סניף)","(32.051937, 34.806339)"
5000,תל אביב - יפו,704,"אלבז נתן,2 ","בי""ס תל חי (סניף)","(32.051937, 34.806339)"
5000,תל אביב - יפו,705,"אלבז נתן,2 ","בי""ס תל חי (סניף)","(32.051937, 34.806339)"
5000,תל אביב - יפו,706,"רצאבי זכריה,10 ","בי""ס קהילת יעקב","(32.0474907, 34.8023545)"
5000,תל אביב - יפו,707,"מעפילי אגוז,74 ","בי""ס תל חי- כניסה ראשית","(32.053573, 34.810347)"
5000,תל אביב - יפו,708,"הרב רפאל אנקאווא,13 ","בי""ס כפיר",
5000,תל אביב - יפו,709,"דרך ההגנה,135 ",בית ברבור,"(32.0568286, 34.8037066)"
5000,תל אביב - יפו,710,"הרב רפאל אנקאווא,13 ","בי""ס כפיר",
5000,תל אביב - יפו,711,"שד' ששת הימים,26 ",מרכז יום לקשיש,
5000,תל אביב - יפו,712,"הרב רפאל אנקאווא,13 ","בי""ס כפיר",
5000,תל אביב - יפו,713,"הרב רפאל אנקאווא,13 ","בי""ס כפיר",
5000,תל אביב - יפו,714,"דרך ההגנה,135 ",בית ברבור,"(32.0568286, 34.8037066)"
5000,תל אביב - יפו,715,"מעפילי אגוז,74 ","בי""ס תל חי- כניסה ראשית","(32.053573, 34.810347)"
5000,תל אביב - יפו,716,"אלבז נתן,2 ","בי""ס תל חי (סניף)","(32.051937, 34.806339)"
5000,תל אביב - יפו,717,"שד' ששת הימים,6 ","מתנ""ס נווה אליעזר",
5000,תל אביב - יפו,718,"אלבז נתן,2 ","בי""ס תל חי (סניף)","(32.051937, 34.806339)"
5000,תל אביב - יפו,719,"מח""ל,42 ","בי""ס בעל שם טוב-כניסה מרח' מחל","(32.048935, 34.806136)"
5000,תל אביב - יפו,720,"לובטקין צביה,35 ","בי""ס בעל שם טוב-כניסה מלוטקין","(32.0455612, 34.8062912)"
5000,תל אביב - יפו,721,"לובטקין צביה,35 ","בי""ס בעל שם טוב-כניסה מלוטקין","(32.0455612, 34.8062912)"
5000,תל אביב - יפו,722,"אלבז נתן,2 ","בי""ס תל חי (סניף)","(32.051937, 34.806339)"
5000,תל אביב - יפו,723,"שד' ששת הימים,6 ","מתנ""ס נווה אליעזר",
5000,תל אביב - יפו,724,"מעפילי אגוז,74 ","בי""ס תל חי- כניסה ראשית","(32.053573, 34.810347)"
5000,תל אביב - יפו,725,"דרך הטייסים,28 ","בי""ס אורט יד סינגלובסקי",
5000,תל אביב - יפו,726,"לובטקין צביה,35 ","בי""ס בעל שם טוב-כניסה מלוטקין","(32.0455612, 34.8062912)"
5000,תל אביב - יפו,727,"שד' ששת הימים,6 ","מתנ""ס נווה אליעזר",
5000,תל אביב - יפו,728,"מעפילי אגוז,74 ","בי""ס תל חי- אולם ספורט","(32.053573, 34.810347)"
5000,תל אביב - יפו,729,"דרך הטייסים,28 ","בי""ס אורט יד סינגלובסקי",
5000,תל אביב - יפו,730,"אורים,41 ","בי""ס עמיאל","(32.047027, 34.793574)"
5000,תל אביב - יפו,731,"תשרי,4 ","בי""ס בית יעקב ד","(32.04711, 34.789571)"
5000,תל אביב - יפו,732,"שד' ששת הימים,26 ",מרכז יום לקשיש,
5000,תל אביב - יפו,733,"שד' ששת הימים,26 ",מרכז יום לקשיש,
5000,תל אביב - יפו,734,"שד' ששת הימים,26 ",מרכז יום לקשיש,
5000,תל אביב - יפו,735,"אורים,41 ","בי""ס עמיאל","(32.047027, 34.793574)"
5000,תל אביב - יפו,736,"שד' ששת הימים,26 ",מרכז יום לקשיש,
5000,תל אביב - יפו,737,"גבעתי,4 ","בי""ס הגליל","(32.051212, 34.796381)"
5000,תל אביב - יפו,738,"מעפילי אגוז,74 ","בי""ס תל חי- אולם ספורט","(32.053573, 34.810347)"
5000,תל אביב - יפו,739,"מושיע,21 ","בי""ס הירדן","(32.051154, 34.794136)"
5000,תל אביב - יפו,740,"מושיע,21 ","בי""ס הירדן","(32.051154, 34.794136)"
5000,תל אביב - יפו,741,"גבעתי,4 ","בי""ס הגליל","(32.051212, 34.796381)"
5000,תל אביב - יפו,742,"אורים,41 ","בי""ס עמיאל","(32.047027, 34.793574)"
5000,תל אביב - יפו,743,"לובטקין צביה,35 ","בי""ס בעל שם טוב-כניסה מלוטקין","(32.0455612, 34.8062912)"
5000,תל אביב - יפו,744,"כביר,4 ",בית דני,"(32.050549, 34.789271)"
5000,תל אביב - יפו,745,"כביר,4 ",בית דני,"(32.050549, 34.789271)"
5000,תל אביב - יפו,746,"שד' ששת הימים,6 ","מתנ""ס נווה אליעזר",
5000,תל אביב - יפו,747,"מח""ל,42 ","בי""ס בעל שם טוב-כניסה מרח' מחל","(32.048935, 34.806136)"
5000,תל אביב - יפו,748,"דרך ההגנה,106 ",תפארת יוסף(תלמוד תורה),"(32.0568286, 34.8037066)"
5000,תל אביב - יפו,749,"מושיע,21 ","בי""ס הירדן","(32.051154, 34.794136)"
5000,תל אביב - יפו,750,"שד' ששת הימים,6 ","מתנ""ס נווה אליעזר",
5000,תל אביב - יפו,751,"מעפילי אגוז,74 ","בי""ס תל חי- כניסה ראשית","(32.053573, 34.810347)"
5000,תל אביב - יפו,752,"דרך ההגנה,106 ",תפארת יוסף(תלמוד תורה),"(32.0568286, 34.8037066)"
5000,תל אביב - יפו,753,"כביר,4 ",בית דני-כניסה אחורית,"(32.050549, 34.789271)"
5000,תל אביב - יפו,754,"מושיע,21 ","בי""ס הירדן","(32.051154, 34.794136)"
5000,תל אביב - יפו,755,"כביר,4 ",בית דני-כניסה אחורית,"(32.050549, 34.789271)"
5000,תל אביב - יפו,756,"מושיע,21 ","בי""ס הירדן","(32.051154, 34.794136)"
5000,תל אביב - יפו,757,"כביר,4 ",בית דני,"(32.050549, 34.789271)"
5000,תל אביב - יפו,758,"לובטקין צביה,35 ","בי""ס בעל שם טוב-כניסה מלוטקין","(32.0455612, 34.8062912)"
5000,תל אביב - יפו,759,"שד' ששת הימים,6 ","מתנ""ס נווה אליעזר",
5000,תל אביב - יפו,760,"שד' ששת הימים,6 ","מתנ""ס נווה אליעזר",
5000,תל אביב - יפו,761,"שד' ששת הימים,26 ",מרכז יום לקשיש,
5000,תל אביב - יפו,762,"שד' ששת הימים,26 ",מרכז יום לקשיש,
5000,תל אביב - יפו,763,"אורים,41 ","בי""ס עמיאל","(32.047027, 34.793574)"
5000,תל אביב - יפו,764,"כביר,4 ",בית דני,"(32.050549, 34.789271)"
5000,תל אביב - יפו,765,"דרך הטייסים,28 ","בי""ס אורט יד סינגלובסקי",
5000,תל אביב - יפו,766,"כביר,4 ",בית דני,"(32.050549, 34.789271)"
5000,תל אביב - יפו,767,"אורים,41 ","בי""ס עמיאל","(32.047027, 34.793574)"
5000,תל אביב - יפו,770,"מעפילי אגוז,74 ","בי""ס תל חי- כניסה ראשית","(32.053573, 34.810347)"
5000,תל אביב - יפו,772,"הקרן,6 ","בי""ס נופים (לשעבר גבעת שלום)","(32.042926, 34.776628)"
5000,תל אביב - יפו,773,"ישראל מסלנט,42 ","בי""ס בית יעקב ה- אור ישראל","(32.051991, 34.781926)"
5000,תל אביב - יפו,774,"ישראל מסלנט,42 ","בי""ס בית יעקב ה- אור ישראל","(32.051991, 34.781926)"
5000,תל אביב - יפו,775,"ישראל מסלנט,42 ","בי""ס בית יעקב ה- אור ישראל","(32.051991, 34.781926)"
5000,תל אביב - יפו,776,"הקרן,6 ","בי""ס נופים (לשעבר גבעת שלום)","(32.042926, 34.776628)"
5000,תל אביב - יפו,777,"קפלנסקי,2 ","בי""ס דיזינגוף","(32.043883, 34.778843)"
5000,תל אביב - יפו,778,"קפלנסקי,2 ","בי""ס דיזינגוף","(32.043883, 34.778843)"
5000,תל אביב - יפו,780,"הקשת,6 ",בית-עמיעז - מרכז לקשיש,"(32.042045, 34.775058)"
5000,תל אביב - יפו,781,"הקשת,6 ",בית-עמיעז - מרכז לקשיש,"(32.042045, 34.775058)"
5000,תל אביב - יפו,782,"הקרן,6 ","בי""ס נופים (לשעבר גבעת שלום)","(32.042926, 34.776628)"
5000,תל אביב - יפו,783,"עמיקם,7 ",מרכז קהילתי גולדשטיין-גורן,"(32.045368, 34.776142)"
5000,תל אביב - יפו,784,"ישראל מסלנט,27 ",מרכז קהילתי שפירא,"(32.050286, 34.780906)"
5000,תל אביב - יפו,785,"הקרן,6 ","בי""ס נופים (לשעבר גבעת שלום)","(32.042926, 34.776628)"
5000,תל אביב - יפו,786,"ישראל מסלנט,27 ",מרכז קהילתי שפירא,"(32.050286, 34.780906)"
5000,תל אביב - יפו,787,"ישראל מסלנט,27 ",מרכז קהילתי שפירא,"(32.050286, 34.780906)"
5000,תל אביב - יפו,788,"ישראל מסלנט,27 ",מרכז קהילתי שפירא,"(32.050286, 34.780906)"
5000,תל אביב - יפו,789,"קפלנסקי,2 ","בי""ס דיזינגוף","(32.043883, 34.778843)"
5000,תל אביב - יפו,790,"דה מודינה אריה,22 ","בי""ס שורשים","(32.053001, 34.77974)"
5000,תל אביב - יפו,791,"ישראל מסלנט,42 ","בי""ס בית יעקב ה- אור ישראל","(32.051991, 34.781926)"
5000,תל אביב - יפו,792,"ישראל מסלנט,42 ","בי""ס בית יעקב ה- אור ישראל","(32.051991, 34.781926)"
5000,תל אביב - יפו,793,"עמיקם,7 ",מרכז קהילתי גולדשטיין-גורן,"(32.045368, 34.776142)"
5000,תל אביב - יפו,795,"דה מודינה אריה,22 ","בי""ס שורשים","(32.053001, 34.77974)"
5000,תל אביב - יפו,797,"דה מודינה אריה,22 ","בי""ס שורשים","(32.053001, 34.77974)"
5000,תל אביב - יפו,800,"דה מודינה אריה,22 ","בי""ס שורשים","(32.053001, 34.77974)"
5000,תל אביב - יפו,803,"הרצל,155 ","בי""ס לטבע ונוף","(32.04827, 34.76973)"
5000,תל אביב - יפו,821,"הנגרים,23 ","בי""ס דרויאנוב","(32.056585, 34.765162)"
5000,תל אביב - יפו,822,"הנגרים,23 ","בי""ס דרויאנוב","(32.056585, 34.765162)"
5000,תל אביב - יפו,823,"הנגרים,23 ","בי""ס דרויאנוב","(32.056585, 34.765162)"
5000,תל אביב - יפו,824,"שארית ישראל,10 ",מרכז המוזיקה העירוני,"(32.052211, 34.761734)"
5000,תל אביב - יפו,825,"גולדמן נחום,3 ","בי""ס עמל טכנולוגי","(32.057122, 34.757719)"
5000,תל אביב - יפו,826,"גולדמן נחום,3 ","בי""ס עמל טכנולוגי","(32.057122, 34.757719)"
5000,תל אביב - יפו,827,"הרצל,155 ","בי""ס לטבע ונוף","(32.04827, 34.76973)"
5000,תל אביב - יפו,828,"גולדמן נחום,3 ","בי""ס עמל טכנולוגי","(32.057122, 34.757719)"
5000,תל אביב - יפו,835,"שז""ר זלמן,39 ","בי""ס בנות ציפורה (לשעבר שזר)",
5000,תל אביב - יפו,836,"שבטי ישראל,53 ","בי""ס נווה שאנן - כניסה ראשית","(32.045603, 34.75505)"
5000,תל אביב - יפו,837,"נס לגויים,53 ",בית הספר המשותף,"(32.043807, 34.764822)"
5000,תל אביב - יפו,838,"שבטי ישראל,53 ","בי""ס נווה שאנן - כניסה ראשית","(32.045603, 34.75505)"
5000,תל אביב - יפו,839,"שז""ר זלמן,12 ",מרכז קהילתי נווה עופר,
5000,תל אביב - יפו,840,"צונץ,11 ","בי""ס רש""י - ראשית חכמה","(32.043149, 34.763569)"
5000,תל אביב - יפו,841,"צונץ,11 ","בי""ס רש""י - ראשית חכמה","(32.043149, 34.763569)"
5000,תל אביב - יפו,842,"נס לגויים,53 ",בית הספר המשותף,"(32.043807, 34.764822)"
5000,תל אביב - יפו,843,"דקל,7 ","בי""ס הדקל (לשעבר בי""ס ברנר)","(32.0403, 34.768299)"
5000,תל אביב - יפו,844,"שז""ר זלמן,39 ","בי""ס בנות ציפורה (לשעבר שזר)",
5000,תל אביב - יפו,845,"שז""ר זלמן,39 ","בי""ס בנות ציפורה (לשעבר שזר)",
5000,תל אביב - יפו,846,"צונץ,11 ","בי""ס רש""י - ראשית חכמה","(32.043149, 34.763569)"
5000,תל אביב - יפו,847,"נחל שורק,5 ","בי""ס יפה נוף (לשעבר בי""ס רש""י)","(32.039488, 34.760775)"
5000,תל אביב - יפו,848,"נחל שורק,5 ","בי""ס חב""ד לבנות","(32.039488, 34.760775)"
5000,תל אביב - יפו,849,"נחל שורק,5 ","בי""ס חב""ד לבנות","(32.039488, 34.760775)"
5000,תל אביב - יפו,850,"רובינשטיין יצחק,14 ","מרכז קהילתי רק""ע","(32.035116, 34.756681)"
5000,תל אביב - יפו,851,"קהילת קנדה,3 ","בי""ס ע""ש איתמר בן אב""י","(32.033137, 34.753333)"
5000,תל אביב - יפו,852,"רובינשטיין יצחק,14 ","מרכז קהילתי רק""ע","(32.035116, 34.756681)"
5000,תל אביב - יפו,853,"רובינשטיין יצחק,14 ","מרכז קהילתי רק""ע","(32.035116, 34.756681)"
5000,תל אביב - יפו,854,"נחל שורק,5 ","בי""ס חב""ד לבנות","(32.039488, 34.760775)"
5000,תל אביב - יפו,855,"קהילת קנדה,3 ","בי""ס ע""ש איתמר בן אב""י","(32.033137, 34.753333)"
5000,תל אביב - יפו,856,"חיננית,5 ",רב שרותים לקשיש,"(32.032313, 34.75499)"
5000,תל אביב - יפו,857,"רובינשטיין יצחק,14 ","מרכז קהילתי רק""ע","(32.035116, 34.756681)"
5000,תל אביב - יפו,858,"דקל,7 ","בי""ס הדקל (לשעבר בי""ס ברנר)","(32.0403, 34.768299)"
5000,תל אביב - יפו,859,"חיננית,5 ",רב שרותים לקשיש,"(32.032313, 34.75499)"
5000,תל אביב - יפו,860,"צונץ,11 ","בי""ס רש""י - ראשית חכמה","(32.043149, 34.763569)"
5000,תל אביב - יפו,861,"נס לגויים,53 ",בית הספר המשותף,"(32.043807, 34.764822)"
5000,תל אביב - יפו,862,"רובינשטיין יצחק,14 ","מרכז קהילתי רק""ע","(32.035116, 34.756681)"
5000,תל אביב - יפו,863,"חיננית,5 ",רב שרותים לקשיש,"(32.032313, 34.75499)"
5000,תל אביב - יפו,865,"נחל שורק,5 ","בי""ס יפה נוף (לשעבר בי""ס רש""י)","(32.039488, 34.760775)"
5000,תל אביב - יפו,866,"רובינשטיין יצחק,14 ","מרכז קהילתי רק""ע","(32.035116, 34.756681)"
5000,תל אביב - יפו,869,"פיקוס,19 ","בי""ס חשמונאים","(32.0361437, 34.7508846)"
5000,תל אביב - יפו,870,"פיקוס,19 ","בי""ס חשמונאים","(32.0361437, 34.7508846)"
5000,תל אביב - יפו,871,"פיקוס,19 ","בי""ס חשמונאים","(32.0361437, 34.7508846)"
5000,תל אביב - יפו,872,"פיקוס,19 ","בי""ס חשמונאים","(32.0361437, 34.7508846)"
5000,תל אביב - יפו,873,"פחד יצחק,8 ","בי""ס שילה בנים","(32.035813, 34.747302)"
5000,תל אביב - יפו,874,"פיקוס,19 ","בי""ס חשמונאים","(32.0361437, 34.7508846)"
5000,תל אביב - יפו,875,"עבודת ישראל,16 ","בי""ס יסודי אג'יאל","(32.042273, 34.752634)"
5000,תל אביב - יפו,876,"עבודת ישראל,16 ","בי""ס יסודי אג'יאל","(32.042273, 34.752634)"
5000,תל אביב - יפו,877,"שז""ר זלמן,12 ",מרכז קהילתי נווה עופר,
5000,תל אביב - יפו,878,"נחמן מברסלב,17 ","בי""ס (שילה) שובו","(32.04029, 34.753948)"
5000,תל אביב - יפו,879,"נחמן מברסלב,17 ","בי""ס (שילה) שובו","(32.04029, 34.753948)"
5000,תל אביב - יפו,880,"חידושי הרי""ם,10 ","בי""ס עירוני ז' קרית חינוך","(32.043303, 34.755628)"
5000,תל אביב - יפו,881,"חריף אייזיק,23 ",בני ברית,"(32.032528, 34.747743)"
5000,תל אביב - יפו,882,"חידושי הרי""ם,10 ","בי""ס עירוני ז' קרית חינוך","(32.043303, 34.755628)"
5000,תל אביב - יפו,883,"חידושי הרי""ם,10 ","בי""ס עירוני ז' קרית חינוך","(32.043303, 34.755628)"
5000,תל אביב - יפו,884,"שמואל ירחינאי,5 ","בי""ס נווה שאנן - אולם ספורט","(32.045392, 34.754785)"
5000,תל אביב - יפו,885,"שבטי ישראל,53 ","בי""ס נווה שאנן - כניסה ראשית","(32.045603, 34.75505)"
5000,תל אביב - יפו,886,"שבטי ישראל,53 ","בי""ס נווה שאנן - כניסה ראשית","(32.045603, 34.75505)"
5000,תל אביב - יפו,887,"שמואל ירחינאי,5 ","בי""ס נווה שאנן - אולם ספורט","(32.045392, 34.754785)"
5000,תל אביב - יפו,888,"שבטי ישראל,53 ","בי""ס נווה שאנן - כניסה ראשית","(32.045603, 34.75505)"
5000,תל אביב - יפו,889,"נועם,8 ","בי""ס הדמוקרטי הפתוח","(32.051684, 34.757062)"
5000,תל אביב - יפו,890,"נועם,8 ","בי""ס הדמוקרטי הפתוח","(32.051684, 34.757062)"
5000,תל אביב - יפו,891,"נועם,8 ","בי""ס הדמוקרטי הפתוח","(32.051684, 34.757062)"
5000,תל אביב - יפו,892,"נועם,8 ","בי""ס הדמוקרטי הפתוח","(32.051684, 34.757062)"
5000,תל אביב - יפו,893,"נועם,7 ",מרכז יום לקשיש,"(32.051343, 34.757352)"
5000,תל אביב - יפו,894,"פחד יצחק,8 ","בי""ס שילה בנים","(32.035813, 34.747302)"
5000,תל אביב - יפו,895,"פיקוס,19 ","בי""ס חשמונאים","(32.0361437, 34.7508846)"
5000,תל אביב - יפו,896,"קהילת קנדה,3 ","בי""ס ע""ש איתמר בן אב""י","(32.033137, 34.753333)"
5000,תל אביב - יפו,897,"חריף אייזיק,23 ",בני ברית,"(32.032528, 34.747743)"
5000,תל אביב - יפו,898,"הצפירה,20 ","בי""ס שבח מופת","(32.059978, 34.784158)"
5000,תל אביב - יפו,899,"שבטי ישראל,53 ","בי""ס נווה שאנן - כניסה ראשית","(32.045603, 34.75505)"
5000,תל אביב - יפו,916,"קדם,40 ","בי""ס חסן עראפה","(32.046777, 34.748992)"
5000,תל אביב - יפו,918,"קדם,40 ","בי""ס חסן עראפה","(32.046777, 34.748992)"
5000,תל אביב - יפו,919,"קדם,40 ","בי""ס חסן עראפה","(32.046777, 34.748992)"
5000,תל אביב - יפו,923,"פייר מנדס פרנס,17 ","בי""ס יסודי אחוה",
5000,תל אביב - יפו,925,"פייר מנדס פרנס,17 ","בי""ס יסודי אחוה",
5000,תל אביב - יפו,926,"דונולו הרופא,12 ","בי""ס תיכון מקיף יב'","(32.040383, 34.747908)"
5000,תל אביב - יפו,927,"עבודת ישראל,16 ","בי""ס יסודי אג'יאל","(32.042273, 34.752634)"
5000,תל אביב - יפו,934,"דונולו הרופא,12 ","בי""ס תיכון מקיף יב'","(32.040383, 34.747908)"
5000,תל אביב - יפו,935,"פחד יצחק,8 ","בי""ס שילה בנים","(32.035813, 34.747302)"
5000,תל אביב - יפו,936,"דונולו הרופא,12 ","בי""ס תיכון מקיף יב'","(32.040383, 34.747908)"
5000,תל אביב - יפו,950,"עולי הגרדום,7 ","בי""ס ישגב","(32.110507, 34.833661)"
5000,תל אביב - יפו,951,"אבנר,1 ",מועדון נוער צהלה,"(32.124794, 34.831915)"
5000,תל אביב - יפו,952,"אשכול לוי,94 ","בי""ס ממלכתי אביב","(32.1078019, 34.7885578)"
5000,תל אביב - יפו,953,"מגדל שרשן,17 ","בי""ס אלחריזי",
5000,תל אביב - יפו,954,"לבנון חיים,37 ",מרכז קהילתי רמת אביב,"(32.108438, 34.801169)"
5000,תל אביב - יפו,955,"בן יהודה,227 ","בי""ס תיכון ה","(32.0954772, 34.7753793)"
5000,תל אביב - יפו,956,"אלוני ניסים,8 ",גני ילדים,"(32.0884682, 34.7970019)"
5000,תל אביב - יפו,957,"נוה שלום,9 ",מרכז קהילתי נווה צדק,
5000,תל אביב - יפו,958,"דרך בגין,144 ",מרכז ספורט קהילתי השלום,"(32.061823, 34.777831)"
5000,תל אביב - יפו,960,"ביצרון,19 ","בי""ס דוד בלוך","(32.067299, 34.797662)"
5000,תל אביב - יפו,962,"קדם,40 ","בי""ס חסן עראפה","(32.046777, 34.748992)"
5000,תל אביב - יפו,963,"טשרנא,7 ",עירוני ט',"(32.057571, 34.802708)"
5000,תל אביב - יפו,964,"הרצל,155 ","בי""ס לטבע ונוף","(32.04827, 34.76973)"
5000,תל אביב - יפו,965,"הרצל,155 ","בי""ס לטבע ונוף","(32.04827, 34.76973)"
5000,תל אביב - יפו,966,"שארית ישראל,10 ",מרכז המוזיקה העירוני,"(32.052211, 34.761734)"
5000,תל אביב - יפו,967,"שארית ישראל,10 ",מרכז המוזיקה העירוני,"(32.052211, 34.761734)"
5000,תל אביב - יפו,968,"פרידמן שרגא,4 ","מרכז ספורט ע""ש אלון רונן","(32.117977, 34.791204)"
5000,תל אביב - יפו,970,"שפע טל,15 ",מתחם העירייה גבעת התחמושת,"(32.072345, 34.791474)"
5000,תל אביב - יפו,971,"שפע טל,15 ",מתחם העירייה גבעת התחמושת,"(32.072345, 34.791474)"
5000,תל אביב - יפו,972,"זינגר בשביס יצחק,3 ","בי""ס נופי ים ע""ש צבי לבנון","(32.113674, 34.785938)"
5000,תל אביב - יפו,990,"הצפירה,20 ","בי""ס שבח מופת","(32.059978, 34.784158)"
6100,בני ברק,1,"בגין מנחם,4 ","בי""ס עירוני תיכון כללי רמז","(32.0924226, 34.8266348)"
6100,בני ברק,2,"אברבנאל,105 ","בי""ס מקור חיים","(32.0962085, 34.8356018)"
6100,בני ברק,3,"נויפלד,10 ",אולפנת צביה לבנות,"(32.0970765, 34.8413738)"
6100,בני ברק,4,"הרב אברמסקי,26 ",בית יעקב-שערי אהרן/אהלי אליעזר,"(32.0988622, 34.8372056)"
6100,בני ברק,5,"נויפלד,10 ",אולפנת צביה לבנות,"(32.0970765, 34.8413738)"
6100,בני ברק,6,"הגליל,10 ","תלמוד תורה ""אוצר חיים""","(32.0938864, 34.842586)"
6100,בני ברק,7,"הגליל,10 ","תלמוד תורה ""אוצר חיים""","(32.0938864, 34.842586)"
6100,בני ברק,8,"אברבנאל,105 ","בי""ס מקור חיים","(32.0962085, 34.8356018)"
6100,בני ברק,9,"אברבנאל,105 ","בי""ס מקור חיים","(32.0962085, 34.8356018)"
6100,בני ברק,10,"הגליל,10 ","תלמוד תורה ""אוצר חיים""","(32.0938864, 34.842586)"
6100,בני ברק,11,"נויפלד,10 ",אולפנת צביה לבנות,"(32.0970765, 34.8413738)"
6100,בני ברק,12,"נורוק,31 ",ישיבה תיכונית קרית הרצוג,"(32.0995258, 34.8433802)"
6100,בני ברק,13,"נורוק,31 ",ישיבה תיכונית קרית הרצוג,"(32.0995258, 34.8433802)"
6100,בני ברק,14,"נורוק,31 ",ישיבה תיכונית קרית הרצוג,"(32.0995258, 34.8433802)"
6100,בני ברק,15,"הרב אברמסקי,26 ",בית יעקב-שערי אהרן/אהלי אליעזר,"(32.0988622, 34.8372056)"
6100,בני ברק,16,"נויפלד,10א","ב""ס בית יעקוב מסורת ישראל","(32.0970765, 34.8413738)"
6100,בני ברק,17,"הרב אברמסקי,26 ",בית יעקב-שערי אהרן/אהלי אליעזר,"(32.0988622, 34.8372056)"
6100,בני ברק,18,"בן יוסף שלמה,24 ","בי""ס ממ""ד עציון","(32.09436, 34.8295838)"
6100,בני ברק,19,"אברבנאל,105 ","בי""ס מקור חיים","(32.0962085, 34.8356018)"
6100,בני ברק,20,"בגין מנחם,23 ","בי""ס קוממיות","(32.092844, 34.8296961)"
6100,בני ברק,21,"בגין מנחם,23 ","בי""ס קוממיות","(32.092844, 34.8296961)"
6100,בני ברק,22,"בגין מנחם,4 ","בי""ס עירוני תיכון כללי רמז","(32.0924226, 34.8266348)"
6100,בני ברק,23,"הרב אברמסקי,26 ",בית יעקב-שערי אהרן/אהלי אליעזר,"(32.0988622, 34.8372056)"
6100,בני ברק,24,"אבו חצירא ישראל,25 ","בי""ס בית שי-ת""ת חדרי תורה",
6100,בני ברק,25,"בן יוסף שלמה,11 ","בי""ס ממ""ד ניצן","(32.0938297, 34.8298752)"
6100,בני ברק,26,"בגין מנחם,4 ","בי""ס עירוני תיכון כללי רמז","(32.0924226, 34.8266348)"
6100,בני ברק,27,"בן יוסף שלמה,11 ","בי""ס ממ""ד ניצן","(32.0938297, 34.8298752)"
6100,בני ברק,28,"אבו חצירא ישראל,25 ","בי""ס בית שי-ת""ת חדרי תורה",
6100,בני ברק,29,"אברבנאל,105 ","בי""ס מקור חיים","(32.0962085, 34.8356018)"
6100,בני ברק,30,"אברבנאל,105 ","בי""ס מקור חיים","(32.0962085, 34.8356018)"
6100,בני ברק,31,"אחיה השילוני,2 ",מרכז גיל הזהב,"(32.0889164, 34.8243929)"
6100,בני ברק,32,"אחיה השילוני,2 ",מרכז גיל הזהב,"(32.0889164, 34.8243929)"
6100,בני ברק,33,"אחיה השילוני,2 ",מרכז גיל הזהב,"(32.0889164, 34.8243929)"
6100,בני ברק,34,"הרצוג,28 ","סמינר חסידי גור ""אור ברכה""","(32.0874959, 34.8255633)"
6100,בני ברק,35,"הרצוג,28 ","סמינר חסידי גור ""אור ברכה""","(32.0874959, 34.8255633)"
6100,בני ברק,36,"אחיעזר,8 ",תלמוד תורה מרכז רבי עקיבא,"(32.0879911, 34.8291842)"
6100,בני ברק,37,"הרצוג,28 ","סמינר חסידי גור ""אור ברכה""","(32.0874959, 34.8255633)"
6100,בני ברק,38,"אפשטיין פנחס,19 ",מרכז להבה,"(32.0846562, 34.825452)"
6100,בני ברק,39,"סמ רחל,7 ",מרכז ההדרכה,
6100,בני ברק,40,"אחיעזר,8 ",תלמוד תורה מרכז רבי עקיבא,"(32.0879911, 34.8291842)"
6100,בני ברק,41,"אחיה השילוני,2 ",מרכז גיל הזהב,"(32.0889164, 34.8243929)"
6100,בני ברק,42,"חברון,4 ","משרדים עירוניים, יח' שיקום","(32.083281, 34.8265604)"
6100,בני ברק,43,"הרצוג,28 ","סמינר חסידי גור ""אור ברכה""","(32.0874959, 34.8255633)"
6100,בני ברק,44,"הרצוג,28 ","סמינר חסידי גור ""אור ברכה""","(32.0874959, 34.8255633)"
6100,בני ברק,45,"יונה הנביא,3 ",גני ילדים זכרון מאיר,"(32.0846316, 34.8376971)"
6100,בני ברק,46,"אחיעזר,8 ",תלמוד תורה מרכז רבי עקיבא,"(32.0879911, 34.8291842)"
6100,בני ברק,47,"הרב מימון,31 ","בי""ס בית יעקב תפארת תמר לבנות","(32.0883061, 34.8316026)"
6100,בני ברק,48,"אחיעזר,8 ",תלמוד תורה מרכז רבי עקיבא,"(32.0879911, 34.8291842)"
6100,בני ברק,49,"רמב""ם,22 ","בי""ס בית יעקב מרכז","(32.0893322, 34.8294403)"
6100,בני ברק,50,"רמב""ם,22 ","בי""ס בית יעקב מרכז","(32.0893322, 34.8294403)"
6100,בני ברק,51,"רמב""ם,22 ","בי""ס בית יעקב מרכז","(32.0893322, 34.8294403)"
6100,בני ברק,52,"נורוק,31 ",ישיבה תיכונית קרית הרצוג,"(32.0995258, 34.8433802)"
6100,בני ברק,53,"הרב מימון,31 ","בי""ס בית יעקב תפארת תמר לבנות","(32.0883061, 34.8316026)"
6100,בני ברק,54,"הרב מימון,28 ","בי""ס נועם משואות מוהליבר","(32.087939, 34.831128)"
6100,בני ברק,55,"הרב מימון,31 ","בי""ס בית יעקב תפארת תמר לבנות","(32.0883061, 34.8316026)"
6100,בני ברק,56,"רמב""ם,22 ","בי""ס בית יעקב מרכז","(32.0893322, 34.8294403)"
6100,בני ברק,57,"הרב מימון,28 ","בי""ס נועם משואות מוהליבר","(32.087939, 34.831128)"
6100,בני ברק,58,"הרב מימון,31 ","ב""ס בית יעקוב מרכז בית שרה","(32.0883061, 34.8316026)"
6100,בני ברק,59,"אשל אברהם,17 ","בי""ס לבנות אהלי שמעון","(32.0825465, 34.8426066)"
6100,בני ברק,60,"אהרונוביץ ראובן,31 ",סמינר לבנות זכרון צבי,
6100,בני ברק,61,"אהרונוביץ ראובן,31 ",סמינר לבנות זכרון צבי,
6100,בני ברק,62,"אהרונוביץ ראובן,31 ","בי""ס נוה מאיר",
6100,בני ברק,63,"אהרונוביץ ראובן,33 ",סמינר וולף אליקים,
6100,בני ברק,64,"אהרונוביץ ראובן,31 ","בי""ס נוה מאיר",
6100,בני ברק,65,"לוי יצחק,8 ",מרכז תעסוקה שיקומי,"(32.0917369, 34.8407791)"
6100,בני ברק,66,"אהרונוביץ ראובן,31 ","בי""ס נוה מאיר",
6100,בני ברק,67,"אהרונוביץ ראובן,31 ",סמינר לבנות זכרון צבי,
6100,בני ברק,68,"אהרונוביץ ראובן,33 ",סמינר וולף אליקים,
6100,בני ברק,69,"יואל,18 ",תחנה לבריאות המשפחה,"(32.0896652, 34.836786)"
6100,בני ברק,70,"הרב סורוצקין,9 ",בית יעקב רמת אהרן,"(32.0855403, 34.8421509)"
6100,בני ברק,71,"אשל אברהם,17 ","בי""ס לבנות אהלי שמעון","(32.0825465, 34.8426066)"
6100,בני ברק,72,"אהרונוביץ ראובן,31 ","בי""ס נוה מאיר",
6100,בני ברק,73,"לוי יצחק,8 ",מרכז תעסוקה שיקומי,"(32.0917369, 34.8407791)"
6100,בני ברק,74,"המר זבולון,2 ","בי""ס בית יעקב תורני חסידי","(32.0895765, 34.8431379)"
6100,בני ברק,75,"הרב סורוצקין,9 ",בית יעקב רמת אהרן,"(32.0855403, 34.8421509)"
6100,בני ברק,76,"אשל אברהם,17 ","בי""ס לבנות אהלי שמעון","(32.0825465, 34.8426066)"
6100,בני ברק,77,"המר זבולון,2 ","בי""ס בית יעקב תורני חסידי","(32.0895765, 34.8431379)"
6100,בני ברק,78,"אשל אברהם,17 ","בי""ס לבנות אהלי שמעון","(32.0825465, 34.8426066)"
6100,בני ברק,79,"אהרונוביץ ראובן,31 ",סמינר לבנות זכרון צבי,
6100,בני ברק,80,"אשל אברהם,17 ","בי""ס לבנות אהלי שמעון","(32.0825465, 34.8426066)"
6100,בני ברק,81,"הרב סורוצקין,9 ",בית יעקב רמת אהרן,"(32.0855403, 34.8421509)"
6100,בני ברק,82,"בעל התניא,12 ",סניף חדש תיכון הרב וולף,"(32.0786301, 34.8328875)"
6100,בני ברק,83,"אורליאן,27 ","בי""ס בית יעקב ותפלל חנה","(32.0706264, 34.8406934)"
6100,בני ברק,84,"בעל התניא,12 ",סניף חדש תיכון הרב וולף,"(32.0786301, 34.8328875)"
6100,בני ברק,85,"אורליאן,3 ",תלמוד רזלי,"(32.0715679, 34.8414614)"
6100,בני ברק,86,"אורליאן,3 ",תלמוד רזלי,"(32.0715679, 34.8414614)"
6100,בני ברק,87,"עזרא,53 ","בי""ס בית יעקב ויז'ניץ מבנה חדש","(32.0756365, 34.8352529)"
6100,בני ברק,88,"טל חיים,1 ",בית מרגלית,"(32.0725862, 34.8368535)"
6100,בני ברק,89,"יונה הנביא,3 ",גני ילדים זכרון מאיר,"(32.0846316, 34.8376971)"
6100,בני ברק,90,"האדמו""ר מגור,7 ","ת""ת זכרון מאיר","(32.0842999, 34.8372834)"
6100,בני ברק,91,"חזון איש,50 ",אור ברכה סמינר בית יעקב גור,"(32.0800564, 34.8341948)"
6100,בני ברק,92,"הרב כהנמן,111 ",סמינר החדש,"(32.076151, 34.8425756)"
6100,בני ברק,93,"בעל התניא,12 ",סניף חדש תיכון הרב וולף,"(32.0786301, 34.8328875)"
6100,בני ברק,94,"האדמו""ר מגור,29 ","בי""ס בית יעקב זכרון מאיר","(32.0829155, 34.8385322)"
6100,בני ברק,95,"הרב כהנמן,111 ",סמינר החדש,"(32.076151, 34.8425756)"
6100,בני ברק,96,"האדמו""ר מגור,29 ","בי""ס בית יעקב זכרון מאיר","(32.0829155, 34.8385322)"
6100,בני ברק,97,"האדמו""ר מגור,29 ","בי""ס בית יעקב זכרון מאיר","(32.0829155, 34.8385322)"
6100,בני ברק,98,"הרב מימון,28 ","בי""ס נועם משואות מוהליבר","(32.087939, 34.831128)"
6100,בני ברק,99,"יונה הנביא,3 ",גני ילדים זכרון מאיר,"(32.0846316, 34.8376971)"
6100,בני ברק,100,"האדמו""ר מגור,7 ","ת""ת זכרון מאיר","(32.0842999, 34.8372834)"
6100,בני ברק,101,"מוהליבר,10 ","בי""ס סגולה","(32.0796488, 34.8279246)"
6100,בני ברק,102,"הרב הירש,27 ",סמינר בית יעקב וולף,"(32.0803272, 34.8313725)"
6100,בני ברק,103,"מוהליבר,10 ","בי""ס סגולה","(32.0796488, 34.8279246)"
6100,בני ברק,104,"מוהליבר,10 ","בי""ס סגולה","(32.0796488, 34.8279246)"
6100,בני ברק,105,"דקר,12 ","בית יעקב יהודה הנשיא, שכון ג'","(32.0791269, 34.8314194)"
6100,בני ברק,106,"דקר,12 ","בית יעקב יהודה הנשיא, שכון ג'","(32.0791269, 34.8314194)"
6100,בני ברק,107,"דקר,12 ","בית יעקב יהודה הנשיא, שכון ג'","(32.0791269, 34.8314194)"
6100,בני ברק,108,"דקר,12 ","בית יעקב יהודה הנשיא, שכון ג'","(32.0791269, 34.8314194)"
6100,בני ברק,109,"דקר,12 ","בית יעקב יהודה הנשיא, שכון ג'","(32.0791269, 34.8314194)"
6100,בני ברק,110,"האדמו""ר מגור,7 ","ת""ת זכרון מאיר","(32.0842999, 34.8372834)"
6100,בני ברק,111,"הרב הירש,27 ",סמינר בית יעקב וולף,"(32.0803272, 34.8313725)"
6100,בני ברק,112,"הרב הירש,27 ",סמינר בית יעקב וולף,"(32.0803272, 34.8313725)"
6100,בני ברק,113,"קהילות יעקב,65 ","בי""ס בית יעקב כהנמן","(32.0712458, 34.8385563)"
6100,בני ברק,114,"קהילות יעקב,65 ","בי""ס בית יעקב כהנמן","(32.0712458, 34.8385563)"
6100,בני ברק,115,"קהילות יעקב,65 ","בי""ס בית יעקב כהנמן","(32.0712458, 34.8385563)"
6100,בני ברק,116,"קהילות יעקב,65 ","בי""ס בית יעקב כהנמן","(32.0712458, 34.8385563)"
6100,בני ברק,117,"עזרא,53 ","בי""ס בית יעקב ויז'ניץ מבנה חדש","(32.0756365, 34.8352529)"
6100,בני ברק,118,"אמרי ברוך,30 ",סמינר כהנא,"(32.0742013, 34.8360585)"
6100,בני ברק,119,"בעל התניא,12 ",סניף חדש תיכון הרב וולף,"(32.0786301, 34.8328875)"
6100,בני ברק,120,"חזון איש,50 ",אור ברכה סמינר בית יעקב גור,"(32.0800564, 34.8341948)"
6100,בני ברק,121,"חזון איש,50 ",אור ברכה סמינר בית יעקב גור,"(32.0800564, 34.8341948)"
6100,בני ברק,122,"הרב כהנמן,111 ",סמינר החדש,"(32.076151, 34.8425756)"
6100,בני ברק,123,"טל חיים,1 ",בית מרגלית,"(32.0725862, 34.8368535)"
6100,בני ברק,124,"בן זומא,15 ",בית יעקב גור,"(32.0874819, 34.8427274)"
6100,בני ברק,125,"בן זומא,15 ",בית יעקב גור,"(32.0874819, 34.8427274)"
6100,בני ברק,126,"הרב סורוצקין,9 ",בית יעקב רמת אהרן,"(32.0855403, 34.8421509)"
6100,בני ברק,127,"הרב סורוצקין,9 ",בית יעקב רמת אהרן,"(32.0855403, 34.8421509)"
6100,בני ברק,128,"הרב הירש,27 ",סמינר בית יעקב וולף,"(32.0803272, 34.8313725)"
6100,בני ברק,129,"אורליאן,3 ",תלמוד רזלי,"(32.0715679, 34.8414614)"
6100,בני ברק,130,"מוהליבר,10 ","בי""ס סגולה","(32.0796488, 34.8279246)"
6100,בני ברק,131,"אשל אברהם,17 ","בי""ס לבנות אהלי שמעון","(32.0825465, 34.8426066)"
6100,בני ברק,132,"הרב גרוסברד,7 ","תיכון ס. בית יעקב ע""ש הרב וולף","(32.0778521, 34.8323203)"
6100,בני ברק,133,"אורליאן,27 ","בי""ס בית יעקב ותפלל חנה","(32.0706264, 34.8406934)"
6100,בני ברק,134,"הרב מימון,31 ","בי""ס בית יעקב תפארת תמר לבנות","(32.0883061, 34.8316026)"
6100,בני ברק,135,"האדמו""ר מגור,29 ","בי""ס בית יעקב זכרון מאיר","(32.0829155, 34.8385322)"
6100,בני ברק,136,"יונה הנביא,3 ",גני ילדים זכרון מאיר,"(32.0846316, 34.8376971)"
6100,בני ברק,137,"הרב מימון,31 ","ב""ס בית יעקוב מרכז בית שרה","(32.0883061, 34.8316026)"
6100,בני ברק,138,"אהרונוביץ ראובן,31 ","בי""ס נוה מאיר",
6100,בני ברק,139,"אהרונוביץ ראובן,31 ","בי""ס נוה מאיר",
6100,בני ברק,140,"נורוק,31 ",ישיבה תיכונית קרית הרצוג,"(32.0995258, 34.8433802)"
6100,בני ברק,141,"נויפלד,10א","ב""ס בית יעקוב מסורת ישראל","(32.0970765, 34.8413738)"
6100,בני ברק,142,"המר זבולון,2 ","בי""ס בית יעקב תורני חסידי","(32.0895765, 34.8431379)"
6100,בני ברק,143,"האדמו""ר מגור,29 ","בי""ס בית יעקב זכרון מאיר","(32.0829155, 34.8385322)"
6100,בני ברק,144,"עזרא,53 ","בי""ס בית יעקב ויז'ניץ מבנה חדש","(32.0756365, 34.8352529)"
6100,בני ברק,145,"קהילות יעקב,65 ","בי""ס בית יעקב כהנמן","(32.0712458, 34.8385563)"
6100,בני ברק,146,"אפשטיין פנחס,17 ",גני ילדים רחוב אפשטיין,"(32.0848974, 34.8254969)"
6100,בני ברק,147,"הרב סורוצקין,9 ",בית יעקב רמת אהרן,"(32.0855403, 34.8421509)"
6100,בני ברק,148,"אבו חצירא ישראל,25 ","בי""ס בית שי-ת""ת חדרי תורה",
6100,בני ברק,149,"אחיה השילוני,2 ",מרכז גיל הזהב,"(32.0889164, 34.8243929)"
6100,בני ברק,150,"אהרונוביץ ראובן,33 ",סמינר וולף אליקים,
6100,בני ברק,151,"האדמו""ר מגור,7 ","ת""ת זכרון מאיר","(32.0842999, 34.8372834)"
6100,בני ברק,152,"אורליאן,3 ",תלמוד רזלי,"(32.0715679, 34.8414614)"
6100,בני ברק,153,"עזרא,53 ","בי""ס בית יעקב ויז'ניץ מבנה חדש","(32.0756365, 34.8352529)"
6100,בני ברק,154,"הרב גרוסברד,7 ","תיכון ס. בית יעקב ע""ש הרב וולף","(32.0778521, 34.8323203)"
6100,בני ברק,155,"אורליאן,27 ","בי""ס בית יעקב ותפלל חנה","(32.0706264, 34.8406934)"
6100,בני ברק,156,"אהרונוביץ ראובן,31 ",סמינר לבנות זכרון צבי,
6100,בני ברק,157,"אהרונוביץ ראובן,33 ",סמינר וולף אליקים,
6100,בני ברק,158,"עזרא,53 ","בי""ס בית יעקב ויז'ניץ מבנה חדש","(32.0756365, 34.8352529)"
6100,בני ברק,159,"המר זבולון,2 ","בי""ס בית יעקב תורני חסידי","(32.0895765, 34.8431379)"
6100,בני ברק,160,"הרב מימון,31 ","ב""ס בית יעקוב מרכז בית שרה","(32.0883061, 34.8316026)"
6100,בני ברק,161,"הרב גרוסברד,7 ","תיכון ס. בית יעקב ע""ש הרב וולף","(32.0778521, 34.8323203)"
6100,בני ברק,162,"עזרא,53 ","בי""ס בית יעקב ויז'ניץ מבנה חדש","(32.0756365, 34.8352529)"
6100,בני ברק,163,"הרב אברמסקי,26 ",בית יעקב-שערי אהרן/אהלי אליעזר,"(32.0988622, 34.8372056)"
6100,בני ברק,164,"דקר,12 ","בית יעקב יהודה הנשיא, שכון ג'","(32.0791269, 34.8314194)"
6100,בני ברק,165,"קהילות יעקב,65 ","בי""ס בית יעקב כהנמן","(32.0712458, 34.8385563)"
6100,בני ברק,166,"אפשטיין פנחס,19 ",מרכז להבה,"(32.0846562, 34.825452)"
6100,בני ברק,167,"הרב הירש,27 ",סמינר בית יעקב וולף,"(32.0803272, 34.8313725)"
6100,בני ברק,168,"אהרונוביץ ראובן,33 ",סמינר וולף אליקים,
6100,בני ברק,169,"המר זבולון,2 ","בי""ס בית יעקב תורני חסידי","(32.0895765, 34.8431379)"
6100,בני ברק,170,"רמב""ם,22 ","בי""ס בית יעקב מרכז","(32.0893322, 34.8294403)"
6100,בני ברק,171,"הרב מימון,28 ","בי""ס נועם משואות מוהליבר","(32.087939, 34.831128)"
6100,בני ברק,172,"רמב""ם,22 ","בי""ס בית יעקב מרכז","(32.0893322, 34.8294403)"
6100,בני ברק,173,"לוי יצחק,8 ",מרכז תעסוקה שיקומי,"(32.0917369, 34.8407791)"
6100,בני ברק,174,"אמרי ברוך,30 ",סמינר כהנא,"(32.0742013, 34.8360585)"
6100,בני ברק,175,"הגליל,10 ","תלמוד תורה ""אוצר חיים""","(32.0938864, 34.842586)"
6100,בני ברק,176,"הרב מימון,31 ","ב""ס בית יעקוב מרכז בית שרה","(32.0883061, 34.8316026)"
6100,בני ברק,177,"בעל התניא,12 ",סניף חדש תיכון הרב וולף,"(32.0786301, 34.8328875)"
6100,בני ברק,178,"המר זבולון,2 ","בי""ס בית יעקב תורני חסידי","(32.0895765, 34.8431379)"
6100,בני ברק,950,"בגין מנחם,4 ","בי""ס עירוני תיכון כללי רמז","(32.0924226, 34.8266348)"
6100,בני ברק,951,"בגין מנחם,4 ","בי""ס עירוני תיכון כללי רמז","(32.0924226, 34.8266348)"
6100,בני ברק,990,"חברון,4 ","משרדים עירוניים, יח' שיקום","(32.083281, 34.8265604)"
6300,גבעתיים,1,"גורדון,26 ",בית יד לבנים,"(32.0768344, 34.8102435)"
6300,גבעתיים,2,"אחדות העבודה,24 ",גן לילך וגן כלנית,"(32.0766045, 34.8045497)"
6300,גבעתיים,3,"אחדות העבודה,24 ",גן לילך וגן כלנית,"(32.0766045, 34.8045497)"
6300,גבעתיים,4,"המעורר,13 ",מתחם גנים - המעורר,"(32.0781705, 34.8080385)"
6300,גבעתיים,5,"גולדשטיין אהרון,12 ","בי""ס ע""ש קלעי","(32.0781793, 34.8094191)"
6300,גבעתיים,6,"גורדון,24 ",מתחם בית ראשונים,"(32.0764338, 34.8080167)"
6300,גבעתיים,7,"פועלי הרכבת,30 ","בי""ס בן גוריון - מפלס עליון","(32.0777065, 34.8179752)"
6300,גבעתיים,8,"פועלי הרכבת,30 ","בי""ס בן גוריון - מפלס עליון","(32.0777065, 34.8179752)"
6300,גבעתיים,9,"פועלי הרכבת,30 ","בי""ס בן גוריון - מפלס עליון","(32.0777065, 34.8179752)"
6300,גבעתיים,10,"המעגל,19 ",בית ספר בן גוריון - מפלס תחתון,"(32.0768839, 34.8177048)"
6300,גבעתיים,11,"בורוכוב,5 ","בי""ס תלמה ילין","(32.0797886, 34.8084441)"
6300,גבעתיים,12,"המעורר,13 ",מתחם גנים - המעורר,"(32.0781705, 34.8080385)"
6300,גבעתיים,13,"המעגל,19 ",בית ספר בן גוריון - מפלס תחתון,"(32.0768839, 34.8177048)"
6300,גבעתיים,14,"גולדשטיין אהרון,12 ","בי""ס ע""ש קלעי","(32.0781793, 34.8094191)"
6300,גבעתיים,15,"בורוכוב,5 ","בי""ס תלמה ילין","(32.0797886, 34.8084441)"
6300,גבעתיים,18,"המעגל,19 ",בית ספר בן גוריון - מפלס תחתון,"(32.0768839, 34.8177048)"
6300,גבעתיים,19,"פטאי,14 ","בי""ס בית אקשטיין","(32.0772175, 34.8032431)"
6300,גבעתיים,20,"הכנסת,4 ","בי""ס גורדון בניין ב","(32.0679179, 34.8123642)"
6300,גבעתיים,21,"שדה בוקר,10 ","מתנ""ס שדה בוקר","(32.070237, 34.8120706)"
6300,גבעתיים,22,"הכנסת,4 ","בי""ס גורדון בניין ב","(32.0679179, 34.8123642)"
6300,גבעתיים,23,"הכנסת,4 ","בי""ס גורדון בניין ב","(32.0679179, 34.8123642)"
6300,גבעתיים,24,"שדה בוקר,10 ","מתנ""ס שדה בוקר","(32.070237, 34.8120706)"
6300,גבעתיים,25,"המעין,19 ","בי""ס כצנלסון",
6300,גבעתיים,26,"גולומב,15 ","בי""ס אורט","(32.0690889, 34.8165709)"
6300,גבעתיים,27,"גלבוע,29 ",גן צופית,"(32.0718752, 34.8175006)"
6300,גבעתיים,28,"גורדון,26 ",בית יד לבנים,"(32.0768344, 34.8102435)"
6300,גבעתיים,29,"הכנסת,4 ","בי""ס גורדון בניין ב","(32.0679179, 34.8123642)"
6300,גבעתיים,30,"המעורר,13 ",מתחם גנים - המעורר,"(32.0781705, 34.8080385)"
6300,גבעתיים,31,"בורוכוב,5 ","בי""ס תלמה ילין","(32.0797886, 34.8084441)"
6300,גבעתיים,32,"בורוכוב,5 ","בי""ס תלמה ילין","(32.0797886, 34.8084441)"
6300,גבעתיים,33,"גולומב,15 ","בי""ס אורט","(32.0690889, 34.8165709)"
6300,גבעתיים,34,"ריינס,2 ",מתחם גנים ריינס 2,"(32.0683924, 34.8086704)"
6300,גבעתיים,35,"ריינס,2 ",מתחם גנים ריינס 2,"(32.0683924, 34.8086704)"
6300,גבעתיים,36,"המעין,19 ","בי""ס כצנלסון",
6300,גבעתיים,37,"המעין,19 ","בי""ס כצנלסון",
6300,גבעתיים,38,"צה""ל,7 ","בי""ס אמונים","(32.0720564, 34.8105202)"
6300,גבעתיים,39,"ריינס,2 ",מתחם גנים ריינס 2,"(32.0683924, 34.8086704)"
6300,גבעתיים,40,"ז'בוטינסקי,33 ","בי""ס גורדון מנהלה-ספורט","(32.0837149, 34.8059263)"
6300,גבעתיים,41,"ריינס,2 ",מתחם גנים ריינס 2,"(32.0683924, 34.8086704)"
6300,גבעתיים,42,"ז'בוטינסקי,33 ","בי""ס גורדון מנהלה-ספורט","(32.0837149, 34.8059263)"
6300,גבעתיים,43,"גורדון,24 ",מתחם בית ראשונים,"(32.0764338, 34.8080167)"
6300,גבעתיים,44,"גזית,5 ",ספריית יד לבנים,"(32.0763863, 34.8096162)"
6300,גבעתיים,45,"ז'בוטינסקי,33 ","בי""ס גורדון מנהלה-ספורט","(32.0837149, 34.8059263)"
6300,גבעתיים,50,"המעין,19 ","בי""ס כצנלסון",
6300,גבעתיים,53,"גורדון,24 ",מתחם בית ראשונים,"(32.0764338, 34.8080167)"
6300,גבעתיים,54,"התע""ש,22 ","בי""ס ברנר","(32.0743031, 34.8043495)"
6300,גבעתיים,55,"התע""ש,22 ","בי""ס ברנר","(32.0743031, 34.8043495)"
6300,גבעתיים,56,"התע""ש,22 ","בי""ס ברנר","(32.0743031, 34.8043495)"
6300,גבעתיים,57,"התע""ש,22 ","בי""ס ברנר","(32.0743031, 34.8043495)"
6300,גבעתיים,58,"התע""ש,22 ","בי""ס ברנר","(32.0743031, 34.8043495)"
6300,גבעתיים,60,"ריינס,2 ",מתחם גנים ריינס 2,"(32.0683924, 34.8086704)"
6300,גבעתיים,66,"טיבר,26 ","מע""ש",
6300,גבעתיים,68,"טיבר,65 ",מועצה דתית,
6300,גבעתיים,70,"צה""ל,7 ","בי""ס אמונים","(32.0720564, 34.8105202)"
6300,גבעתיים,71,"אילת,8 ",מועדון גימלאים בית אלון,"(32.066916, 34.8064113)"
6300,גבעתיים,72,"ליא קניג שטולפר,1 ",תיאטרון גבעתיים,"(32.0666917, 34.8034409)"
6300,גבעתיים,73,"ליא קניג שטולפר,1 ",תיאטרון גבעתיים,"(32.0666917, 34.8034409)"
6300,גבעתיים,74,"רביבים,1 ","בי""ס שמעוני כניסה ראשית","(32.0650487, 34.8077269)"
6300,גבעתיים,75,"ליא קניג שטולפר,1 ",תיאטרון גבעתיים,"(32.0666917, 34.8034409)"
6300,גבעתיים,76,"אילת,8 ",מועדון גימלאים בית אלון,"(32.066916, 34.8064113)"
6300,גבעתיים,77,"רביבים,1 ","בי""ס שמעוני כניסה ראשית","(32.0650487, 34.8077269)"
6300,גבעתיים,82,"צביה,5 ","בי""ס ע""ש יגאל אלון","(32.0639029, 34.8134287)"
6300,גבעתיים,83,"רביבים,1 ","בי""ס שמעוני כניסה ראשית","(32.0650487, 34.8077269)"
6300,גבעתיים,84,"רביבים,1 ","בי""ס שמעוני כניסה ראשית","(32.0650487, 34.8077269)"
6300,גבעתיים,85,"רביבים,8 ",בית ספר שמעוני - שער הרכבים,"(32.0650487, 34.8077269)"
6300,גבעתיים,86,"צביה,5 ","בי""ס ע""ש יגאל אלון","(32.0639029, 34.8134287)"
6300,גבעתיים,87,"צביה,5 ","בי""ס ע""ש יגאל אלון","(32.0639029, 34.8134287)"
6300,גבעתיים,88,"צביה,5 ","בי""ס ע""ש יגאל אלון","(32.0639029, 34.8134287)"
6300,גבעתיים,89,"צביה,5 ","בי""ס ע""ש יגאל אלון","(32.0639029, 34.8134287)"
6300,גבעתיים,90,"יבניאלי,30 ","מרכז הנוער שז""ר","(32.0632294, 34.8155904)"
6300,גבעתיים,91,"צביה,6 ","בי""ס למצויינות","(32.0639029, 34.8134287)"
6300,גבעתיים,92,"צביה,6 ","בי""ס למצויינות","(32.0639029, 34.8134287)"
6300,גבעתיים,93,"יבניאלי,30 ","מרכז הנוער שז""ר","(32.0632294, 34.8155904)"
6300,גבעתיים,94,"ריינס,2 ",מתחם גנים ריינס 2,"(32.0683924, 34.8086704)"
6300,גבעתיים,95,"צביה,6 ","בי""ס למצויינות","(32.0639029, 34.8134287)"
6300,גבעתיים,96,"רביבים,8 ",בית ספר שמעוני - שער הרכבים,"(32.0650487, 34.8077269)"
6300,גבעתיים,97,"יבניאלי,30 ","מרכז הנוער שז""ר","(32.0632294, 34.8155904)"
6300,גבעתיים,98,"רביבים,8 ",בית ספר שמעוני - שער הרכבים,"(32.0650487, 34.8077269)"
6300,גבעתיים,99,"גולדשטיין אהרון,12 ","בי""ס ע""ש קלעי","(32.0781793, 34.8094191)"
6300,גבעתיים,990,"גורדון,24 ",מתחם בית ראשונים,"(32.0764338, 34.8080167)"
346,גליל ים,1,גליל ים,בית הזיכרון (מול הספריה),"(32.1537996, 34.8174322)"
6400,הרצליה,1,"זיסו,9 ","חטה""ב רעות-בוסתן/ביס הרצל החדש","(32.177265, 34.8541821)"
6400,הרצליה,2,"הר סיני,15 ",דרך הגלים (תיכון לחיים),"(32.1740875, 34.856739)"
6400,הרצליה,3,"רביבים,14 ","מתנ""ס קהילתי ע""ש מולדובן","(32.1722978, 34.854392)"
6400,הרצליה,4,"מורדי הגטאות,58 ","בי""ס יסודי וולפסון","(32.1696477, 34.8612308)"
6400,הרצליה,5,"מורדי הגטאות,58 ","בי""ס יסודי וולפסון","(32.1696477, 34.8612308)"
6400,הרצליה,6,"יצחק שדה,20 ","בי""ס יסודי גורדון","(32.1648232, 34.8577169)"
6400,הרצליה,7,"רביבים,14 ","מתנ""ס קהילתי ע""ש מולדובן","(32.1722978, 34.854392)"
6400,הרצליה,8,"זיסו,9 ","חטה""ב רעות-בוסתן/ביס הרצל החדש","(32.177265, 34.8541821)"
6400,הרצליה,9,"הר סיני,15 ",דרך הגלים (תיכון לחיים),"(32.1740875, 34.856739)"
6400,הרצליה,10,"רביבים,14 ","מתנ""ס קהילתי ע""ש מולדובן","(32.1722978, 34.854392)"
6400,הרצליה,11,"מורדי הגטאות,58 ","בי""ס יסודי וולפסון","(32.1696477, 34.8612308)"
6400,הרצליה,12,"מורדי הגטאות,58 ","בי""ס יסודי וולפסון","(32.1696477, 34.8612308)"
6400,הרצליה,13,"הדקל,35 ","בי""ס אילנות - מבנה מרכזי","(32.1786116, 34.8506981)"
6400,הרצליה,14,"ז'בוטינסקי,3 ","חט""ב יד גיורא","(32.1643191, 34.8280018)"
6400,הרצליה,15,"ז'בוטינסקי,3 ","חט""ב יד גיורא","(32.1643191, 34.8280018)"
6400,הרצליה,16,"ז'בוטינסקי,3 ","חט""ב יד גיורא","(32.1643191, 34.8280018)"
6400,הרצליה,17,"יצחק שדה,20 ","בי""ס יסודי גורדון","(32.1648232, 34.8577169)"
6400,הרצליה,18,"יהודה הנשיא,90 ",חטיבת ביניים זאב ז'בוטינסקי,"(32.1547988, 34.8482543)"
6400,הרצליה,19,"יצחק שדה,20 ","בי""ס יסודי גורדון","(32.1648232, 34.8577169)"
6400,הרצליה,20,"יצחק שדה,20 ","בי""ס יסודי גורדון","(32.1648232, 34.8577169)"
6400,הרצליה,21,"פנקס,2 ","בי""ס יסודי רמב""ם (המבנה הימני)","(32.1606911, 34.8554472)"
6400,הרצליה,22,"יצחק שדה,20 ","בי""ס יסודי גורדון","(32.1648232, 34.8577169)"
6400,הרצליה,23,"יצחק שדה,20 ","בי""ס יסודי גורדון","(32.1648232, 34.8577169)"
6400,הרצליה,24,"אלרואי דוד,1 ","בי""ס יסודי בן צבי","(32.1580985, 34.8382985)"
6400,הרצליה,25,"ויצמן,14 ","בי""ס ע""ש חיים ויצמן","(32.164479, 34.8358921)"
6400,הרצליה,26,"הרב קוק,30 ",תיכון מקיף הראשונים-אגף 400,"(32.1608812, 34.8406046)"
6400,הרצליה,27,"הר מירון,4 ","מתנ""ס נווה ישראל","(32.1587825, 34.8364807)"
6400,הרצליה,28,"יהודה הנשיא,90 ",חטיבת ביניים זאב ז'בוטינסקי,"(32.1547988, 34.8482543)"
6400,הרצליה,29,"פנקס,2 ","בי""ס יסודי רמב""ם (המבנה הימני)","(32.1606911, 34.8554472)"
6400,הרצליה,30,"יהודה הנשיא,90 ",חטיבת ביניים זאב ז'בוטינסקי,"(32.1547988, 34.8482543)"
6400,הרצליה,31,"יהודה הנשיא,90 ",חטיבת ביניים זאב ז'בוטינסקי,"(32.1547988, 34.8482543)"
6400,הרצליה,32,"יהודה הנשיא,90 ",חטיבת ביניים זאב ז'בוטינסקי,"(32.1547988, 34.8482543)"
6400,הרצליה,33,"רבי עקיבא,7 ","בי""ס לב טוב","(32.1537963, 34.8500646)"
6400,הרצליה,34,"הר מירון,4 ","מתנ""ס נווה ישראל","(32.1587825, 34.8364807)"
6400,הרצליה,35,"אלרואי דוד,1 ","בי""ס יסודי בן צבי","(32.1580985, 34.8382985)"
6400,הרצליה,36,"רוחמה,1 ","בי""ס נתיב","(32.1567932, 34.8348863)"
6400,הרצליה,37,"הרב קוק,30 ",תיכון מקיף הראשונים-אגף 400,"(32.1608812, 34.8406046)"
6400,הרצליה,38,"רבי עקיבא,7 ","בי""ס לב טוב","(32.1537963, 34.8500646)"
6400,הרצליה,39,"רבי עקיבא,7 ","בי""ס לב טוב","(32.1537963, 34.8500646)"
6400,הרצליה,41,"הר מירון,4 ","מתנ""ס נווה ישראל","(32.1587825, 34.8364807)"
6400,הרצליה,42,"אלרואי דוד,1 ","בי""ס יסודי בן צבי","(32.1580985, 34.8382985)"
6400,הרצליה,43,"רבי עקיבא,7 ","בי""ס לב טוב","(32.1537963, 34.8500646)"
6400,הרצליה,44,"רוחמה,1 ","בי""ס נתיב","(32.1567932, 34.8348863)"
6400,הרצליה,45,"ויצמן,14 ","בי""ס ע""ש חיים ויצמן","(32.164479, 34.8358921)"
6400,הרצליה,46,"הרב קוק,30 ",תיכון מקיף הראשונים-אגף 400,"(32.1608812, 34.8406046)"
6400,הרצליה,47,"הרב קוק,30 ",תיכון מקיף הראשונים-אגף 400,"(32.1608812, 34.8406046)"
6400,הרצליה,48,"ויצמן,14 ","בי""ס ע""ש חיים ויצמן","(32.164479, 34.8358921)"
6400,הרצליה,49,"הרב קוק,30 ",תיכון מקיף הראשונים-אגף 400,"(32.1608812, 34.8406046)"
6400,הרצליה,50,"בר אילן,14 ","בי""ס יסודי - מאיר בר-אילן","(32.1659746, 34.8423197)"
6400,הרצליה,51,"העצמאות,66 ",אולפנת צביה,"(32.1633031, 34.8387625)"
6400,הרצליה,52,"העצמאות,66 ",אולפנת צביה,"(32.1633031, 34.8387625)"
6400,הרצליה,53,"הנוטרים,11 ","בי""ס שז""ר","(32.166859, 34.8513184)"
6400,הרצליה,54,"שמשון הגבור,12 ",תיכון מקיף הראשונים-אגף 200,"(32.1623821, 34.8387424)"
6400,הרצליה,55,"הנוטרים,11 ","בי""ס שז""ר","(32.166859, 34.8513184)"
6400,הרצליה,56,"הנוטרים,11 ","בי""ס שז""ר","(32.166859, 34.8513184)"
6400,הרצליה,57,"העצמאות,66 ",אולפנת צביה,"(32.1633031, 34.8387625)"
6400,הרצליה,58,"העצמאות,66 ",אולפנת צביה,"(32.1633031, 34.8387625)"
6400,הרצליה,59,"ברש אשר,17 ","בי""ס יסודי אלון-מבנה מרכזי","(32.1712101, 34.8384584)"
6400,הרצליה,60,"בר אילן,14 ","בי""ס יסודי - מאיר בר-אילן","(32.1659746, 34.8423197)"
6400,הרצליה,61,"הנדיב,61 ","בי""ס הנדיב","(32.170743, 34.8321026)"
6400,הרצליה,62,"אלוף אלון יגאל,42 ","בי""ס לטבע ומדעים ע""ש ח. ברנר",
6400,הרצליה,63,"ההגנה,64 ","בי""ס ממלכתי קהילתי ע""ש יוחנני","(32.1707267, 34.850649)"
6400,הרצליה,64,"ברש אשר,17 ","בי""ס יסודי אלון-מבנה מרכזי","(32.1712101, 34.8384584)"
6400,הרצליה,65,"ברש אשר,17 ","בי""ס יסודי אלון-מבנה מרכזי","(32.1712101, 34.8384584)"
6400,הרצליה,66,"אלוף אלון יגאל,42 ","בי""ס לטבע ומדעים ע""ש ח. ברנר",
6400,הרצליה,67,"הדקל,35 ","בי""ס אילנות - מבנה מרכזי","(32.1786116, 34.8506981)"
6400,הרצליה,68,"אלפסי,1 ","מתנ""ס נחלת עדה","(32.1834233, 34.8374749)"
6400,הרצליה,69,"ברש אשר,17 ","בי""ס יסודי אלון-מבנה מרכזי","(32.1712101, 34.8384584)"
6400,הרצליה,70,"שמעוני דוד,1 ",תיכון היובל,"(32.1744689, 34.837232)"
6400,הרצליה,71,"שמואל הנגיד,21 ","חטה""ב הנגיד","(32.1665017, 34.8343762)"
6400,הרצליה,72,"אבן עזרא,13 ","חטה""ב בן גוריון","(32.1676556, 34.8312654)"
6400,הרצליה,73,"אבן עזרא,13 ","חטה""ב בן גוריון","(32.1676556, 34.8312654)"
6400,הרצליה,74,"ויצמן,14 ","בי""ס ע""ש חיים ויצמן","(32.164479, 34.8358921)"
6400,הרצליה,75,"אלוף אלון יגאל,42 ","בי""ס לטבע ומדעים ע""ש ח. ברנר",
6400,הרצליה,76,"ההגנה,64 ","בי""ס ממלכתי קהילתי ע""ש יוחנני","(32.1707267, 34.850649)"
6400,הרצליה,77,"ההגנה,64 ","בי""ס ממלכתי קהילתי ע""ש יוחנני","(32.1707267, 34.850649)"
6400,הרצליה,78,"הנדיב,61 ","בי""ס הנדיב","(32.170743, 34.8321026)"
6400,הרצליה,79,"ההגנה,64 ","בי""ס ממלכתי קהילתי ע""ש יוחנני","(32.1707267, 34.850649)"
6400,הרצליה,80,"אבן עזרא,13 ","חטה""ב בן גוריון","(32.1676556, 34.8312654)"
6400,הרצליה,81,"העצמאות,66 ",אולפנת צביה,"(32.1633031, 34.8387625)"
6400,הרצליה,82,"שמעוני דוד,1 ",תיכון היובל,"(32.1744689, 34.837232)"
6400,הרצליה,83,"נורדאו,26 ","בי""ס ברנדייס","(32.173803, 34.8166718)"
6400,הרצליה,84,"שד נוה עובד,6 ",מתנס נוף ים,"(32.1713068, 34.8334041)"
6400,הרצליה,85,"שד נוה עובד,6 ",מתנס נוף ים,"(32.1713068, 34.8334041)"
6400,הרצליה,86,"הנשיא יצחק בן צבי,29 ","בי""ס יסודי נוף ים",
6400,הרצליה,87,"הנשיא יצחק בן צבי,29 ","בי""ס יסודי נוף ים",
6400,הרצליה,88,"נורדאו,26 ","בי""ס ברנדייס","(32.173803, 34.8166718)"
6400,הרצליה,89,"וינגייט,150 ","חט""ב סמדר - אגף דרומי","(32.1812188, 34.8068888)"
6400,הרצליה,90,"שאול המלך,4 ","מרכז קהילתי ע""ש קרסני","(32.1705835, 34.812638)"
6400,הרצליה,91,"הדקל,35 ","בי""ס אילנות - מבנה מרכזי","(32.1786116, 34.8506981)"
6400,הרצליה,92,"ויצמן,14 ","בי""ס ע""ש חיים ויצמן","(32.164479, 34.8358921)"
6400,הרצליה,93,"הדקל,35 ","בי""ס אילנות - מבנה מרכזי","(32.1786116, 34.8506981)"
6400,הרצליה,94,"שאול המלך,4 ","מרכז קהילתי ע""ש קרסני","(32.1705835, 34.812638)"
6400,הרצליה,95,"העצמאות,66 ",אולפנת צביה,"(32.1633031, 34.8387625)"
6400,הרצליה,96,"אלוף אלון יגאל,42 ","בי""ס לטבע ומדעים ע""ש ח. ברנר",
6400,הרצליה,97,"ז'בוטינסקי,3 ","חט""ב יד גיורא","(32.1643191, 34.8280018)"
6400,הרצליה,98,"הדקל,35 ","בי""ס אילנות - מבנה מרכזי","(32.1786116, 34.8506981)"
6400,הרצליה,99,"הנדיב,61 ","בי""ס הנדיב","(32.170743, 34.8321026)"
6400,הרצליה,100,"וינגייט,150 ","חט""ב סמדר - אגף דרומי","(32.1812188, 34.8068888)"
6400,הרצליה,101,"נורדאו,26 ","בי""ס ברנדייס","(32.173803, 34.8166718)"
6400,הרצליה,102,"וינגייט,150 ","חט""ב סמדר - אגף דרומי","(32.1812188, 34.8068888)"
6400,הרצליה,103,"הנשיא יצחק בן צבי,29 ","בי""ס יסודי נוף ים",
6400,הרצליה,104,"וינגייט,150 ","חט""ב סמדר - אגף דרומי","(32.1812188, 34.8068888)"
6400,הרצליה,105,"וינגייט,150 ","חט""ב סמדר - אגף דרומי","(32.1812188, 34.8068888)"
6400,הרצליה,106,"שאול המלך,4 ","מרכז קהילתי ע""ש קרסני","(32.1705835, 34.812638)"
6400,הרצליה,107,"שד נוה עובד,6 ",מתנס נוף ים,"(32.1713068, 34.8334041)"
6400,הרצליה,108,"שמשון הגבור,12 ",תיכון מקיף הראשונים-אגף 200,"(32.1623821, 34.8387424)"
6400,הרצליה,109,"ברש אשר,17 ","בי""ס יסודי אלון-מבנה מרכזי","(32.1712101, 34.8384584)"
6400,הרצליה,110,שניאור זלמן,"בי""ס אלון - אולם הספורט","(32.1708868, 34.8368621)"
6400,הרצליה,111,"בר אילן,14 ","בי""ס יסודי - מאיר בר-אילן","(32.1659746, 34.8423197)"
6400,הרצליה,112,"אלוף אלון יגאל,42 ","בי""ס לטבע ומדעים ע""ש ח. ברנר",
6400,הרצליה,113,"שמואל הנגיד,21 ","חטה""ב הנגיד","(32.1665017, 34.8343762)"
6400,הרצליה,114,"הנוטרים,11 ","בי""ס שז""ר","(32.166859, 34.8513184)"
6400,הרצליה,115,"הנוטרים,11 ","בי""ס שז""ר","(32.166859, 34.8513184)"
6400,הרצליה,116,"בר אילן,14 ","בי""ס יסודי - מאיר בר-אילן","(32.1659746, 34.8423197)"
6400,הרצליה,117,"אלפסי,1 ","מתנ""ס נחלת עדה","(32.1834233, 34.8374749)"
6400,הרצליה,118,"שמשון הגבור,12 ",תיכון מקיף הראשונים-אגף 200,"(32.1623821, 34.8387424)"
6400,הרצליה,119,"ההגנה,64 ","בי""ס ממלכתי קהילתי ע""ש יוחנני","(32.1707267, 34.850649)"
6400,הרצליה,120,"ההגנה,64 ","בי""ס ממלכתי קהילתי ע""ש יוחנני","(32.1707267, 34.850649)"
6400,הרצליה,121,"הדקל,35 ","בי""ס אילנות - אגף כיתות א","(32.1786116, 34.8506981)"
6400,הרצליה,122,"הדקל,35 ","בי""ס אילנות - אגף כיתות א","(32.1786116, 34.8506981)"
6400,הרצליה,123,"שמואל הנגיד,21 ","חטה""ב הנגיד","(32.1665017, 34.8343762)"
6400,הרצליה,124,"נורדאו,26 ","בי""ס ברנדייס","(32.173803, 34.8166718)"
6400,הרצליה,125,"אבן עזרא,13 ","חטה""ב בן גוריון","(32.1676556, 34.8312654)"
6400,הרצליה,126,שניאור זלמן,"בי""ס אלון - אולם הספורט","(32.1708868, 34.8368621)"
6400,הרצליה,127,"רוחמה,1 ","בי""ס נתיב","(32.1567932, 34.8348863)"
6400,הרצליה,128,"הר מירון,4 ","מתנ""ס נווה ישראל","(32.1587825, 34.8364807)"
6400,הרצליה,129,"בר אילן,14 ","בי""ס יסודי - מאיר בר-אילן","(32.1659746, 34.8423197)"
6400,הרצליה,130,"יהודה הנשיא,92 ",אשכול פיס זאב,"(32.1513963, 34.8484483)"
6400,הרצליה,131,"יהודה הנשיא,92 ",אשכול פיס זאב,"(32.1513963, 34.8484483)"
6400,הרצליה,132,"שמעוני דוד,1 ",תיכון היובל,"(32.1744689, 34.837232)"
6400,הרצליה,133,"נורדאו,26 ","בי""ס ברנדייס","(32.173803, 34.8166718)"
6400,הרצליה,134,"שמעוני דוד,1 ",תיכון היובל,"(32.1744689, 34.837232)"
6400,הרצליה,135,"הדקל,35 ","בי""ס אילנות - אגף כיתות א","(32.1786116, 34.8506981)"
6400,הרצליה,136,"הנשיא יצחק בן צבי,29 ","בי""ס יסודי נוף ים",
6400,הרצליה,137,"אלכסנדר ינאי,16 ","חט""ב סמדר - אגף צפוני","(32.1693107, 34.8026786)"
6400,הרצליה,138,"העצמאות,66 ",אולפנת צביה,"(32.1633031, 34.8387625)"
6400,הרצליה,139,"שמעוני דוד,1 ",תיכון היובל,"(32.1744689, 34.837232)"
6400,הרצליה,140,"יהודה הנשיא,90 ",חטיבת ביניים זאב ז'בוטינסקי,"(32.1547988, 34.8482543)"
6400,הרצליה,141,"הנדיב,61 ","בי""ס הנדיב","(32.170743, 34.8321026)"
6400,הרצליה,142,"הנדיב,61 ","בי""ס הנדיב","(32.170743, 34.8321026)"
6400,הרצליה,143,"וינגייט,150 ","חט""ב סמדר - אגף דרומי","(32.1812188, 34.8068888)"
6400,הרצליה,150,"ז'בוטינסקי,3 ","חט""ב יד גיורא","(32.1643191, 34.8280018)"
6400,הרצליה,151,"אלכסנדר ינאי,16 ","חט""ב סמדר - אגף צפוני","(32.1693107, 34.8026786)"
6400,הרצליה,152,"נורדאו,26 ","בי""ס ברנדייס","(32.173803, 34.8166718)"
6400,הרצליה,153,"ז'בוטינסקי,3 ","חט""ב יד גיורא","(32.1643191, 34.8280018)"
6400,הרצליה,154,"ז'בוטינסקי,3 ","חט""ב יד גיורא","(32.1643191, 34.8280018)"
6400,הרצליה,155,"אלכסנדר ינאי,16 ","חט""ב סמדר - אגף צפוני","(32.1693107, 34.8026786)"
6400,הרצליה,950,"שאול המלך,4 ","מרכז קהילתי ע""ש קרסני","(32.1705835, 34.812638)"
6400,הרצליה,951,"אלכסנדר ינאי,16 ","חט""ב סמדר - אגף צפוני","(32.1693107, 34.8026786)"
6400,הרצליה,990,"שמשון הגבור,12 ",תיכון מקיף הראשונים-אגף 200,"(32.1623821, 34.8387424)"
267,כפר שמריהו,1,"הנוטע,6 ",בית וויל,"(32.190829, 34.8190148)"
267,כפר שמריהו,2,"קרן היסוד,23 ",בית עליזה,"(32.1855362, 34.820115)"
267,כפר שמריהו,3,"הנוטע,6 ",בית וויל,"(32.190829, 34.8190148)"
8600,רמת גן,1,"אנה פרנק,12 ",מכללת שנקר,"(32.0899917, 34.8030046)"
8600,רמת גן,2,"אנה פרנק,12 ",מכללת שנקר,"(32.0899917, 34.8030046)"
8600,רמת גן,3,"מוזס נח,10 ","בי""ס ניצנים","(32.0936134, 34.8115058)"
8600,רמת גן,4,"מוזס נח,10 ","בי""ס ניצנים","(32.0936134, 34.8115058)"
8600,רמת גן,5,"אנה פרנק,10 ",מכללת שנקר מבנה וסביבה,"(32.0911766, 34.8019795)"
8600,רמת גן,6,"מוזס נח,10 ","בי""ס ניצנים","(32.0936134, 34.8115058)"
8600,רמת גן,7,"רוקח,118 ","בי""ס תיכון אהל שם","(32.0951225, 34.812329)"
8600,רמת גן,8,"רוקח,118 ","בי""ס תיכון אהל שם","(32.0951225, 34.812329)"
8600,רמת גן,9,"מוזס נח,10 ","בי""ס ניצנים","(32.0936134, 34.8115058)"
8600,רמת גן,10,"אנה פרנק,10 ",מכללת שנקר מבנה וסביבה,"(32.0911766, 34.8019795)"
8600,רמת גן,11,"אנה פרנק,12 ",מכללת שנקר,"(32.0899917, 34.8030046)"
8600,רמת גן,12,"המתמיד,37 ","בי""ס המתמיד","(32.080603, 34.8061496)"
8600,רמת גן,13,"הרא""ה,212 ","בי""ס הרואה","(32.0671274, 34.8241126)"
8600,רמת גן,14,"חזון אי""ש,90 ",אולם ספורט מרום נווה,"(32.0756205, 34.831786)"
8600,רמת גן,16,"שרת משה,27 ","בי""ס בן גוריון","(32.0869593, 34.8187998)"
8600,רמת גן,17,"הפודים,41 ","בי""ס המנחיל","(32.0933411, 34.8206901)"
8600,רמת גן,18,"הפודים,41 ","בי""ס המנחיל","(32.0933411, 34.8206901)"
8600,רמת גן,19,"הפודים,41 ","בי""ס המנחיל","(32.0933411, 34.8206901)"
8600,רמת גן,20,"הפודים,41 ",מרכז פיס קהילתי,"(32.0933411, 34.8206901)"
8600,רמת גן,21,"הפודים,41 ","בי""ס המנחיל","(32.0933411, 34.8206901)"
8600,רמת גן,22,"הפודים,41 ",מרכז פיס קהילתי,"(32.0933411, 34.8206901)"
8600,רמת גן,23,"סטרומה,10 ",מרכז פיס גאולים,"(32.090339, 34.8156931)"
8600,רמת גן,24,"המעפיל,9 ","בי""ס אושא","(32.0902446, 34.815217)"
8600,רמת גן,25,"סטרומה,10 ",מרכז פיס גאולים,"(32.090339, 34.8156931)"
8600,רמת גן,26,"המעפיל,9 ","בי""ס אושא","(32.0902446, 34.815217)"
8600,רמת גן,27,"המעפיל,9 ","בי""ס אושא","(32.0902446, 34.815217)"
8600,רמת גן,28,"סטרומה,10 ",מרכז פיס גאולים,"(32.090339, 34.8156931)"
8600,רמת גן,29,"הזיתים,1 ",מרכז פיס קהילתי יהלום,"(32.083447, 34.8201829)"
8600,רמת גן,30,"הפודים,41 ","בי""ס המנחיל","(32.0933411, 34.8206901)"
8600,רמת גן,31,"הראשונים,1 ",בית דורון,"(32.0798341, 34.8030635)"
8600,רמת גן,32,"מוזס נח,10 ","בי""ס ניצנים","(32.0936134, 34.8115058)"
8600,רמת גן,33,"אנה פרנק,12 ",מכללת שנקר,"(32.0899917, 34.8030046)"
8600,רמת גן,34,"הדר,17 ","בי""ס גבעולים","(32.08757, 34.8119584)"
8600,רמת גן,35,"הדר,17 ","בי""ס גבעולים","(32.08757, 34.8119584)"
8600,רמת גן,36,"הדר,17 ","בי""ס גבעולים","(32.08757, 34.8119584)"
8600,רמת גן,37,"הדר,17 ","בי""ס גבעולים","(32.08757, 34.8119584)"
8600,רמת גן,38,"הדר,17 ","בי""ס גבעולים","(32.08757, 34.8119584)"
8600,רמת גן,39,"בנימין,28 ","בי""ס הגפן","(32.0848717, 34.8065021)"
8600,רמת גן,40,"הדר,17 ","בי""ס גבעולים","(32.08757, 34.8119584)"
8600,רמת גן,41,"בנימין,28 ","בי""ס הגפן","(32.0848717, 34.8065021)"
8600,רמת גן,42,"בנימין,28 ","בי""ס הגפן","(32.0848717, 34.8065021)"
8600,רמת גן,43,המאה ואחד,"בי""ס תיכון בליך","(32.056666, 34.8174165)"
8600,רמת גן,44,"שד הילד,8 ",יחדיו- מועדון לגימלאים אקדמאים,
8600,רמת גן,45,"שרת משה,27 ","בי""ס בן גוריון","(32.0869593, 34.8187998)"
8600,רמת גן,46,"גולומב,6 ","אולפנה הרא""ה, תיכון תורני מדעי","(32.0690889, 34.8165709)"
8600,רמת גן,47,"אורה,6 ","בי""ס אורה - מודיעים","(32.080414, 34.8157497)"
8600,רמת גן,48,"המעפיל,9 ","בי""ס אושא","(32.0902446, 34.815217)"
8600,רמת גן,49,"החשמונאים,15 ",ביטוח לאומי,"(32.082811, 34.8100605)"
8600,רמת גן,50,"שלם,32 ","מתנ""ס רמת שקמה","(32.0498564, 34.8148648)"
8600,רמת גן,51,"המתמיד,37 ","בי""ס המתמיד","(32.080603, 34.8061496)"
8600,רמת גן,52,"המתמיד,37 ","בי""ס המתמיד","(32.080603, 34.8061496)"
8600,רמת גן,53,"החשמונאים,33 ","בי""ס החשמונאים","(32.0800363, 34.8092845)"
8600,רמת גן,54,"הראשונים,1 ",בית דורון,"(32.0798341, 34.8030635)"
8600,רמת גן,55,"בנימין,28 ","בי""ס הגפן","(32.0848717, 34.8065021)"
8600,רמת גן,56,"המתמיד,37 ","בי""ס המתמיד","(32.080603, 34.8061496)"
8600,רמת גן,57,"החשמונאים,33 ","בי""ס החשמונאים","(32.0800363, 34.8092845)"
8600,רמת גן,58,"בנימין,22 ",מרכז מתיא,"(32.0856615, 34.8064683)"
8600,רמת גן,59,"החשמונאים,15 ",ביטוח לאומי,"(32.082811, 34.8100605)"
8600,רמת גן,60,"האגדה,9 ","בי""ס עליות","(32.0757248, 34.8263034)"
8600,רמת גן,61,"אהרונסון שרה,32 ","בי""ס הבילויים","(32.0611741, 34.8248628)"
8600,רמת גן,63,"בנימין,22 ",מרכז מתיא,"(32.0856615, 34.8064683)"
8600,רמת גן,64,"אנה פרנק,12 ",מכללת שנקר,"(32.0899917, 34.8030046)"
8600,רמת גן,65,"מוריה,25 ",גני ילדים,"(32.0763649, 34.8219898)"
8600,רמת גן,66,"תל חי,3 ","בי""ס שאול אביגור","(32.0683033, 34.8278935)"
8600,רמת גן,67,"החשמונאים,33 ","בי""ס החשמונאים","(32.0800363, 34.8092845)"
8600,רמת גן,68,"החשמונאים,33 ","בי""ס החשמונאים","(32.0800363, 34.8092845)"
8600,רמת גן,69,"החשמונאים,15 ",ביטוח לאומי,"(32.082811, 34.8100605)"
8600,רמת גן,70,"שד למדן,1 ","בי""ס זומר",
8600,רמת גן,71,"בן יוסף,11 ","משרד ועד עיריית ר""ג","(32.0818815, 34.8135189)"
8600,רמת גן,72,"המעגל,24 ",מרפאה - אגף הרווחה,"(32.081733, 34.8129894)"
8600,רמת גן,73,"אורה,6 ","בי""ס אורה - מודיעים","(32.080414, 34.8157497)"
8600,רמת גן,74,"שד למדן,1 ",בית ספר תיכון זומר,
8600,רמת גן,75,"האם,14 ","בי""ס מורשת משה","(32.0587785, 34.8320338)"
8600,רמת גן,76,"בנימין,28 ","בי""ס הגפן","(32.0848717, 34.8065021)"
8600,רמת גן,77,"הגלגל,44 ","בי""ס הלל","(32.080382, 34.8239978)"
8600,רמת גן,81,"שד למדן,1 ",בית ספר תיכון זומר,
8600,רמת גן,82,"אורה,6 ","בי""ס אורה - מודיעים","(32.080414, 34.8157497)"
8600,רמת גן,83,"בן יוסף,11 ","משרד ועד עיריית ר""ג","(32.0818815, 34.8135189)"
8600,רמת גן,84,"שד הילד,8 ",יחדיו- מועדון לגימלאים אקדמאים,
8600,רמת גן,85,"שד למדן,1 ","בי""ס זומר",
8600,רמת גן,86,"שד למדן,1 ","בי""ס זומר",
8600,רמת גן,87,"ביאליק,42 ",בית האזרח,"(32.0831785, 34.8147007)"
8600,רמת גן,88,"אורה,6 ","בי""ס אורה - מודיעים","(32.080414, 34.8157497)"
8600,רמת גן,89,"אורה,6 ","בי""ס אורה - מודיעים","(32.080414, 34.8157497)"
8600,רמת גן,99,"קריניצי,64 ",בית קריניצי,"(32.0832296, 34.8195214)"
8600,רמת גן,100,"נתן,16 ","מועדון ""ויצו""","(32.0822153, 34.8172297)"
8600,רמת גן,101,"שד למדן,1 ","בי""ס זומר",
8600,רמת גן,102,"הזיתים,1 ",מרכז פיס קהילתי יהלום,"(32.083447, 34.8201829)"
8600,רמת גן,104,"שד למדן,1 ","בי""ס זומר",
8600,רמת גן,105,"קריניצי,68 ","בי""ס יהלום","(32.0849322, 34.8195034)"
8600,רמת גן,106,"שרת משה,27 ","בי""ס בן גוריון","(32.0869593, 34.8187998)"
8600,רמת גן,107,"נתן,16 ","מועדון ""ויצו""","(32.0822153, 34.8172297)"
8600,רמת גן,108,"נתן,16 ","מועדון ""ויצו""","(32.0822153, 34.8172297)"
8600,רמת גן,110,"קריניצי,68 ","בי""ס יהלום","(32.0849322, 34.8195034)"
8600,רמת גן,113,"קריניצי,68 ","בי""ס יהלום","(32.0849322, 34.8195034)"
8600,רמת גן,114,"שד התמרים,4 ",גן ילדים 31,
8600,רמת גן,115,"קריניצי,68 ","בי""ס יהלום","(32.0849322, 34.8195034)"
8600,רמת גן,116,"קריניצי,68 ","בי""ס יהלום","(32.0849322, 34.8195034)"
8600,רמת גן,117,"אצ""ל,41 ","גני ילדים 172 ,171","(32.0663909, 34.8284716)"
8600,רמת גן,118,"קריניצי,64 ",בית קריניצי,"(32.0832296, 34.8195214)"
8600,רמת גן,119,"האם,14 ","בי""ס מורשת משה","(32.0587785, 34.8320338)"
8600,רמת גן,125,"השורה,11 ","בי""ס יבנה (ישיבה תיכונית ר""ג )","(32.0808311, 34.8229065)"
8600,רמת גן,126,"הגלגל,44 ","בי""ס הלל","(32.080382, 34.8239978)"
8600,רמת גן,127,"השורה,11 ","בי""ס יבנה (ישיבה תיכונית ר""ג )","(32.0808311, 34.8229065)"
8600,רמת גן,129,"הגלגל,44 ","בי""ס הלל","(32.080382, 34.8239978)"
8600,רמת גן,130,"הגלגל,44 ","בי""ס הלל","(32.080382, 34.8239978)"
8600,רמת גן,131,"הגלגל,44 ","בי""ס הלל","(32.080382, 34.8239978)"
8600,רמת גן,132,"הגלגל,44 ","בי""ס הלל","(32.080382, 34.8239978)"
8600,רמת גן,139,"האגדה,9 ","בי""ס עליות","(32.0757248, 34.8263034)"
8600,רמת גן,140,"האגדה,9 ","בי""ס עליות","(32.0757248, 34.8263034)"
8600,רמת גן,141,"גולומב,6 ","אולפנה הרא""ה, תיכון תורני מדעי","(32.0690889, 34.8165709)"
8600,רמת גן,142,"חזון אי""ש,90 ",אולם ספורט מרום נווה,"(32.0756205, 34.831786)"
8600,רמת גן,143,"אמנון ותמר,19 ","בי""ס מורדי הגטאות","(32.0705078, 34.8269212)"
8600,רמת גן,144,"אמנון ותמר,19 ","בי""ס מורדי הגטאות","(32.0705078, 34.8269212)"
8600,רמת גן,145,"אמנון ותמר,19 ","בי""ס מורדי הגטאות","(32.0705078, 34.8269212)"
8600,רמת גן,146,"גולומב,6 ","אולפנה הרא""ה, תיכון תורני מדעי","(32.0690889, 34.8165709)"
8600,רמת גן,147,"חזון אי""ש,90 ",אולם ספורט מרום נווה,"(32.0756205, 34.831786)"
8600,רמת גן,148,"אמנון ותמר,19 ","בי""ס מורדי הגטאות","(32.0705078, 34.8269212)"
8600,רמת גן,149,"רימלט אלימלך,7 ","מועדון קשישים ""מרום נווה""",
8600,רמת גן,150,"רימלט אלימלך,7 ","מועדון קשישים ""מרום נווה""",
8600,רמת גן,151,"רימלט אלימלך,7 ","מועדון קשישים ""מרום נווה""",
8600,רמת גן,152,"האגדה,9 ","בי""ס עליות","(32.0757248, 34.8263034)"
8600,רמת גן,153,"האגדה,9 ","בי""ס עליות","(32.0757248, 34.8263034)"
8600,רמת גן,154,"חיבת ציון,18 ","בית עמנואל - תיאטרון ר""ג","(32.0791871, 34.8218434)"
8600,רמת גן,155,"אמנון ותמר,19 ","בי""ס מורדי הגטאות","(32.0705078, 34.8269212)"
8600,רמת גן,156,"חיבת ציון,18 ","בית עמנואל - תיאטרון ר""ג","(32.0791871, 34.8218434)"
8600,רמת גן,157,"חיבת ציון,18 ","בית עמנואל - תיאטרון ר""ג","(32.0791871, 34.8218434)"
8600,רמת גן,158,"חיבת ציון,18 ","בית עמנואל - תיאטרון ר""ג","(32.0791871, 34.8218434)"
8600,רמת גן,159,"מוריה,25 ",גני ילדים,"(32.0763649, 34.8219898)"
8600,רמת גן,160,"מוריה,25 ",גני ילדים,"(32.0763649, 34.8219898)"
8600,רמת גן,163,"עוזיאל,106 ","בי""ס אלון תיכון חדש","(32.0666355, 34.8212203)"
8600,רמת גן,164,"אמנון ותמר,19 ","בי""ס מורדי הגטאות","(32.0705078, 34.8269212)"
8600,רמת גן,165,"מבוא נגבה,10 ","בי""ס עתיד - ע""ש אהרון דוידי","(32.0700981, 34.8235843)"
8600,רמת גן,166,"עוזיאל,106 ","בי""ס אלון תיכון חדש","(32.0666355, 34.8212203)"
8600,רמת גן,167,"האגדה,9 ","בי""ס עליות","(32.0757248, 34.8263034)"
8600,רמת גן,168,"מבוא נגבה,10 ","בי""ס עתיד - ע""ש אהרון דוידי","(32.0700981, 34.8235843)"
8600,רמת גן,169,"מבוא נגבה,10 ","בי""ס עתיד - ע""ש אהרון דוידי","(32.0700981, 34.8235843)"
8600,רמת גן,170,"עוזיאל,106 ","בי""ס אלון תיכון חדש","(32.0666355, 34.8212203)"
8600,רמת גן,178,"עוזיאל,106 ","בי""ס אלון תיכון חדש","(32.0666355, 34.8212203)"
8600,רמת גן,180,"נדוני קהיר,14 ",תיכון אלון - ספריה,
8600,רמת גן,182,"גדעון,28 ",בית חינוך קורצ'ק,"(32.0673063, 34.8182993)"
8600,רמת גן,183,"גדעון,28 ",בית חינוך קורצ'ק,"(32.0673063, 34.8182993)"
8600,רמת גן,184,"מבוא נגבה,10 ","בי""ס עתיד - ע""ש אהרון דוידי","(32.0700981, 34.8235843)"
8600,רמת גן,187,"הרא""ה,212 ","בי""ס הרואה","(32.0671274, 34.8241126)"
8600,רמת גן,188,"אהרונסון שרה,32 ","בי""ס הבילויים","(32.0611741, 34.8248628)"
8600,רמת גן,189,"אהרונסון שרה,32 ","בי""ס הבילויים","(32.0611741, 34.8248628)"
8600,רמת גן,191,"אינשטיין,16 ",מרכז קהילתי מיאמי ביץ',"(32.0630996, 34.8262105)"
8600,רמת גן,192,"הרא""ה,212 ","בי""ס הרואה","(32.0671274, 34.8241126)"
8600,רמת גן,193,"הרא""ה,212 ","בי""ס הרואה","(32.0671274, 34.8241126)"
8600,רמת גן,194,"עוזיאל,106 ","בי""ס אלון תיכון חדש","(32.0666355, 34.8212203)"
8600,רמת גן,195,"מבוא נגבה,10 ","בי""ס עתיד - ע""ש אהרון דוידי","(32.0700981, 34.8235843)"
8600,רמת גן,196,"תל חי,3 ","בי""ס שאול אביגור","(32.0683033, 34.8278935)"
8600,רמת גן,197,"הרא""ה,212 ","בי""ס הרואה","(32.0671274, 34.8241126)"
8600,רמת גן,198,"אהרונסון שרה,32 ","בי""ס הבילויים","(32.0611741, 34.8248628)"
8600,רמת גן,199,"אינשטיין,16 ",מרכז קהילתי מיאמי ביץ',"(32.0630996, 34.8262105)"
8600,רמת גן,200,"תל חי,3 ","בי""ס שאול אביגור","(32.0683033, 34.8278935)"
8600,רמת גן,201,"תל חי,3 ","בי""ס שאול אביגור","(32.0683033, 34.8278935)"
8600,רמת גן,202,"אהרונסון שרה,32 ","בי""ס הבילויים","(32.0611741, 34.8248628)"
8600,רמת גן,203,"עמק החולה,4 ","בי""ס ארנון",
8600,רמת גן,204,"פנחס,89 ","בי""ס תיכון ע""ש רפאל איתן","(32.0634168, 34.8306781)"
8600,רמת גן,205,"פנחס,89 ","בי""ס תיכון ע""ש רפאל איתן","(32.0634168, 34.8306781)"
8600,רמת גן,206,"אהרונסון שרה,32 ",גן ילדים 71,"(32.0611741, 34.8248628)"
8600,רמת גן,207,"תל חי,3 ","בי""ס שאול אביגור","(32.0683033, 34.8278935)"
8600,רמת גן,208,"אצ""ל,19 ","בי""ס ממ""ד שלום/מרכז פיס קהילתי","(32.0661992, 34.832914)"
8600,רמת גן,209,"תל חי,3 ","בי""ס שאול אביגור","(32.0683033, 34.8278935)"
8600,רמת גן,210,"הכבאים,8 ",אשכול גנים - ערמונים,"(32.0636201, 34.8346353)"
8600,רמת גן,211,"מנדל מתתיהו,11 ","בית תרבות ע""ש ""ראסל""","(32.0686314, 34.8333087)"
8600,רמת גן,212,"פומבדיתא,16 ","בי""ס מכלל","(32.0693544, 34.8358635)"
8600,רמת גן,213,"פומבדיתא,16 ","בי""ס מכלל","(32.0693544, 34.8358635)"
8600,רמת גן,214,"פנחס,89 ","בי""ס תיכון ע""ש רפאל איתן","(32.0634168, 34.8306781)"
8600,רמת גן,215,"אצ""ל,41 ","גני ילדים 172 ,171","(32.0663909, 34.8284716)"
8600,רמת גן,216,"מנדל מתתיהו,11 ","בית תרבות ע""ש ""ראסל""","(32.0686314, 34.8333087)"
8600,רמת גן,217,"פומבדיתא,16 ","בי""ס מכלל","(32.0693544, 34.8358635)"
8600,רמת גן,218,"פנחס,89 ","בי""ס תיכון ע""ש רפאל איתן","(32.0634168, 34.8306781)"
8600,רמת גן,219,"הכבאים,25 ","בי""ס ערמונים","(32.0625012, 34.8357286)"
8600,רמת גן,220,"האם,14 ","בי""ס מורשת משה","(32.0587785, 34.8320338)"
8600,רמת גן,221,"עמק החולה,4 ","בי""ס ארנון",
8600,רמת גן,222,"האם,14 ","בי""ס מורשת משה","(32.0587785, 34.8320338)"
8600,רמת גן,223,"פנחס,89 ","בי""ס תיכון ע""ש רפאל איתן","(32.0634168, 34.8306781)"
8600,רמת גן,224,"הכבאים,8 ",אשכול גנים - ערמונים,"(32.0636201, 34.8346353)"
8600,רמת גן,225,"הכבאים,25 ","בי""ס ערמונים","(32.0625012, 34.8357286)"
8600,רמת גן,226,"עמק החולה,4 ","בי""ס ארנון",
8600,רמת גן,227,"הכבאים,25 ","בי""ס ערמונים","(32.0625012, 34.8357286)"
8600,רמת גן,228,"הכבאים,25 ","בי""ס ערמונים","(32.0625012, 34.8357286)"
8600,רמת גן,229,"פומבדיתא,16 ","בי""ס מכלל","(32.0693544, 34.8358635)"
8600,רמת גן,230,"הכבאים,25 ","בי""ס ערמונים","(32.0625012, 34.8357286)"
8600,רמת גן,231,"פומבדיתא,16 ","בי""ס מכלל","(32.0693544, 34.8358635)"
8600,רמת גן,232,"שלם,32 ","מתנ""ס רמת שקמה","(32.0498564, 34.8148648)"
8600,רמת גן,233,"שלם,32 ","מתנ""ס רמת שקמה","(32.0498564, 34.8148648)"
8600,רמת גן,234,"שלם,32 ","מתנ""ס רמת שקמה","(32.0498564, 34.8148648)"
8600,רמת גן,235,"שלם,1 ","בי""ס אורט אבין","(32.0537111, 34.8122842)"
8600,רמת גן,236,"עזריאל,26 ","בי""ס נטעים","(32.0505514, 34.8177099)"
8600,רמת גן,237,"שלם,1 ","בי""ס אורט אבין","(32.0537111, 34.8122842)"
8600,רמת גן,238,"מנדס,55 ","בי""ס ויצמן קרית קריניצי","(32.0550072, 34.8501118)"
8600,רמת גן,239,"מנדס,55 ","בי""ס ויצמן קרית קריניצי","(32.0550072, 34.8501118)"
8600,רמת גן,240,"מנדס,55 ","בי""ס ויצמן קרית קריניצי","(32.0550072, 34.8501118)"
8600,רמת גן,241,"מנדס,55 ","בי""ס ויצמן קרית קריניצי","(32.0550072, 34.8501118)"
8600,רמת גן,242,"מנדס,55 ","בי""ס ויצמן קרית קריניצי","(32.0550072, 34.8501118)"
8600,רמת גן,243,"שלם,32 ","מתנ""ס רמת שקמה","(32.0498564, 34.8148648)"
8600,רמת גן,244,"האם,14 ","בי""ס מורשת משה","(32.0587785, 34.8320338)"
8600,רמת גן,245,המאה ואחד,"בי""ס תיכון בליך","(32.056666, 34.8174165)"
8600,רמת גן,246,"רמת חן,41 ","בי""ס רמת חן ע""ש אילן רמון","(32.054403, 34.8168431)"
8600,רמת גן,247,"רמת חן,41 ","בי""ס רמת חן ע""ש אילן רמון","(32.054403, 34.8168431)"
8600,רמת גן,248,המאה ואחד,"בי""ס תיכון בליך","(32.056666, 34.8174165)"
8600,רמת גן,249,"רמת חן,41 ","בי""ס רמת חן ע""ש אילן רמון","(32.054403, 34.8168431)"
8600,רמת גן,250,"רמת חן,43 ",מרכז קהילתי רמת חן,"(32.0536905, 34.8165544)"
8600,רמת גן,251,"עזריאל,26 ","בי""ס נטעים","(32.0505514, 34.8177099)"
8600,רמת גן,252,"נדוני קהיר,14 ",תיכון אלון - ספריה,
8600,רמת גן,253,"מנדס,55 ","בי""ס ויצמן קרית קריניצי","(32.0550072, 34.8501118)"
8600,רמת גן,254,"אצ""ל,19 ","בי""ס ממ""ד שלום/מרכז פיס קהילתי","(32.0661992, 34.832914)"
8600,רמת גן,255,"מנדס,55 ","בי""ס ויצמן קרית קריניצי","(32.0550072, 34.8501118)"
8600,רמת גן,502,שד האורנים רמת אפעל,"בי""ס רמת אפעל",
8600,רמת גן,503,שד האורנים רמת אפעל,"בי""ס רמת אפעל",
8600,רמת גן,504,שד האורנים רמת אפעל,"בי""ס רמת אפעל",
8600,רמת גן,505,שד האורנים רמת אפעל,"בי""ס רמת אפעל",
8600,רמת גן,515,שד האורנים רמת אפעל,"בי""ס רמת אפעל",
8600,רמת גן,521,"כפר אז""ר",בית יד לבנים,"(32.0564642, 34.8415912)"
8600,רמת גן,950,"פומבדיתא,16 ","בי""ס מכלל","(32.0693544, 34.8358635)"
8600,רמת גן,951,"בנימין,28 ","בי""ס הגפן","(32.0848717, 34.8065021)"
8600,רמת גן,990,"שד למדן,1 ",בית ספר תיכון זומר,
2650,רמת השרון,1,"עזרא,20 ","מתנ""ס ע""ש אלי כהן","(32.1334773, 34.860593)"
2650,רמת השרון,2,"יהודה הלוי,5 ","בי""ס רמב""ם (חדש)","(32.1311335, 34.8562595)"
2650,רמת השרון,3,"יהודה הלוי,5 ","בי""ס רמב""ם (חדש)","(32.1311335, 34.8562595)"
2650,רמת השרון,4,"רמז,8 ","בי""ס אורנים","(32.1361949, 34.8498692)"
2650,רמת השרון,5,"בית השואבה,7 ","מתנ""ס קרית הצעירים","(32.1302763, 34.8505816)"
2650,רמת השרון,6,"רמז,8 ","בי""ס אורנים","(32.1361949, 34.8498692)"
2650,רמת השרון,7,"טהון,5 ","בי""ס עלומים","(32.1329853, 34.8411023)"
2650,רמת השרון,8,"טהון,5 ","בי""ס עלומים","(32.1329853, 34.8411023)"
2650,רמת השרון,9,"רמז,8 ","בי""ס אורנים","(32.1361949, 34.8498692)"
2650,רמת השרון,10,"הבנים,46 ","בי""ס גולן","(32.1439989, 34.8333119)"
2650,רמת השרון,11,"הרב אורבוך,30 ","בי""ס הדר",
2650,רמת השרון,12,"אוסישקין,101 ","בי""ס ע""ש יגאל אלון","(32.1495679, 34.8465488)"
2650,רמת השרון,13,"יצחק אלחנן,11 ","בי""ס קרית יערים - אגף דרומי","(32.149361, 34.8309664)"
2650,רמת השרון,14,"יצחק אלחנן,13 ","בי""ס קרית יערים","(32.149361, 34.8309664)"
2650,רמת השרון,15,"בית השואבה,7 ","מתנ""ס קרית הצעירים","(32.1302763, 34.8505816)"
2650,רמת השרון,16,"בית השואבה,7 ","מתנ""ס קרית הצעירים","(32.1302763, 34.8505816)"
2650,רמת השרון,17,"עזרא,20 ","מתנ""ס ע""ש אלי כהן","(32.1334773, 34.860593)"
2650,רמת השרון,18,"בית השואבה,7 ","מתנ""ס קרית הצעירים","(32.1302763, 34.8505816)"
2650,רמת השרון,19,"תרפ""ד,45 ","בי""ס אמירים","(32.1353783, 34.8378376)"
2650,רמת השרון,20,"הבנים,46 ","בי""ס גולן","(32.1439989, 34.8333119)"
2650,רמת השרון,21,"אוסישקין,7 ","בי""ס ע""ש קלמן","(32.142948, 34.8437077)"
2650,רמת השרון,22,"אוסישקין,65 ","בי""ס ממלכתי אוסישקין","(32.1469589, 34.845381)"
2650,רמת השרון,23,"תרפ""ד,45 ","בי""ס אמירים","(32.1353783, 34.8378376)"
2650,רמת השרון,24,"השופטים,32 ","בי""ס אור השחר","(32.1406997, 34.844997)"
2650,רמת השרון,25,"אוסישקין,65 ","בי""ס ממלכתי אוסישקין","(32.1469589, 34.845381)"
2650,רמת השרון,26,"אוסישקין,7 ","בי""ס ע""ש קלמן","(32.142948, 34.8437077)"
2650,רמת השרון,27,"שד ביאליק,41 ","בי""ס אוסישקין-אגף מערבי",
2650,רמת השרון,28,"השופטים,32 ","בי""ס אור השחר","(32.1406997, 34.844997)"
2650,רמת השרון,29,"אוסישקין,65 ","בי""ס ממלכתי אוסישקין","(32.1469589, 34.845381)"
2650,רמת השרון,30,"הבנים,46 ","בי""ס גולן","(32.1439989, 34.8333119)"
2650,רמת השרון,31,"הבנים,46א",מתנס גולן,"(32.1439989, 34.8333119)"
2650,רמת השרון,32,"יצחק אלחנן,13 ","בי""ס קרית יערים","(32.149361, 34.8309664)"
2650,רמת השרון,33,"יצחק אלחנן,13 ","בי""ס קרית יערים","(32.149361, 34.8309664)"
2650,רמת השרון,34,"יצחק אלחנן,11 ","בי""ס קרית יערים - אגף דרומי","(32.149361, 34.8309664)"
2650,רמת השרון,35,"טהון,5 ","בי""ס עלומים","(32.1329853, 34.8411023)"
2650,רמת השרון,36,"הבנים,46א",מתנס גולן,"(32.1439989, 34.8333119)"
2650,רמת השרון,37,"יצחק אלחנן,11 ","בי""ס קרית יערים - אגף דרומי","(32.149361, 34.8309664)"
2650,רמת השרון,38,"אוסישקין,101 ","בי""ס ע""ש יגאל אלון","(32.1495679, 34.8465488)"
2650,רמת השרון,39,"יהודה הלוי,5 ","בי""ס רמב""ם (חדש)","(32.1311335, 34.8562595)"
2650,רמת השרון,40,"השופטים,32 ","בי""ס אור השחר","(32.1406997, 34.844997)"
2650,רמת השרון,41,"אוסישקין,101 ","בי""ס ע""ש יגאל אלון","(32.1495679, 34.8465488)"
2650,רמת השרון,42,"שד ביאליק,41 ","בי""ס אוסישקין-אגף מערבי",
2650,רמת השרון,43,"הבנים,46 ","בי""ס גולן","(32.1439989, 34.8333119)"
2650,רמת השרון,44,"שד ביאליק,41 ","בי""ס אוסישקין-אגף מערבי",
2650,רמת השרון,45,"יהודה הלוי,5 ","בי""ס רמב""ם (חדש)","(32.1311335, 34.8562595)"
2650,רמת השרון,46,"רמז,8 ","בי""ס אורנים","(32.1361949, 34.8498692)"
2650,רמת השרון,47,"השופטים,32 ","בי""ס אור השחר","(32.1406997, 34.844997)"
2650,רמת השרון,49,"הבנים,46א",מתנס גולן,"(32.1439989, 34.8333119)"
2650,רמת השרון,51,"הרב אורבוך,30 ","בי""ס הדר",
2650,רמת השרון,52,"הרב אורבוך,30 ","בי""ס הדר",
2650,רמת השרון,54,"אוסישקין,7 ","בי""ס ע""ש קלמן","(32.142948, 34.8437077)"
2650,רמת השרון,55,"אוסישקין,7 ","בי""ס ע""ש קלמן","(32.142948, 34.8437077)"
2650,רמת השרון,58,"שד ביאליק,41 ","בי""ס אוסישקין-אגף מערבי",
2650,רמת השרון,59,"יצחק אלחנן,11 ","בי""ס קרית יערים - אגף דרומי","(32.149361, 34.8309664)"
2650,רמת השרון,60,"אוסישקין,101 ","בי""ס ע""ש יגאל אלון","(32.1495679, 34.8465488)"
2650,רמת השרון,61,"עזרא,20 ","מתנ""ס ע""ש אלי כהן","(32.1334773, 34.860593)"
2650,רמת השרון,62,"הבאר,1 ","בי""ס ע""ש מאיר דורון","(32.1247395, 34.8180898)"
2650,רמת השרון,63,"הבנים,46א",מתנס גולן,"(32.1439989, 34.8333119)"
2650,רמת השרון,64,"הבאר,1 ","בי""ס ע""ש מאיר דורון","(32.1247395, 34.8180898)"
2650,רמת השרון,65,"הבאר,1 ","בי""ס ע""ש מאיר דורון","(32.1247395, 34.8180898)"
2650,רמת השרון,66,"אלון יגאל,4 ","בי""ס עומר","(32.1306151, 34.8602191)"
2650,רמת השרון,67,"אלון יגאל,4 ","בי""ס עומר","(32.1306151, 34.8602191)"
2650,רמת השרון,68,"הבאר,1 ","בי""ס ע""ש מאיר דורון","(32.1247395, 34.8180898)"
2650,רמת השרון,69,"עזרא,20 ","מתנ""ס ע""ש אלי כהן","(32.1334773, 34.860593)"
2650,רמת השרון,990,"הרב אורבוך,30 ","בי""ס הדר",
2400,אור יהודה,1,"שד הבנים,10 ","בי""ס אור - חנה",
2400,אור יהודה,2,"שד הבנים,10 ","בי""ס אור - חנה",
2400,אור יהודה,3,"אדם יקותיאל,19 ","בי""ס יובלים","(32.0314285, 34.8624291)"
2400,אור יהודה,4,"שד הבנים,10 ","בי""ס אור - חנה",
2400,אור יהודה,5,"שד בגין מנחם,99 ",בית ספר יובלים (כיתות ט'-י'),
2400,אור יהודה,6,"כצנלסון,18 ",גן דקל,"(32.0250927, 34.8610546)"
2400,אור יהודה,7,"המעפילים,4 ",מועדון ברוש,"(32.0256552, 34.8524436)"
2400,אור יהודה,8,"הדדי משה,9 ",אולם ספורט גאון,"(32.0294826, 34.8449614)"
2400,אור יהודה,9,"סקלאר,1 ","בי""ס ברנקו וויס","(32.0268379, 34.8545177)"
2400,אור יהודה,10,"הדדי משה,9 ","בי""ס סעדיה גאון","(32.0294826, 34.8449614)"
2400,אור יהודה,11,"הדדי משה,9 ",אולם ספורט גאון,"(32.0294826, 34.8449614)"
2400,אור יהודה,12,"החצב,3 ","בי""ס אלונים","(32.0300984, 34.8644403)"
2400,אור יהודה,13,"כצנלסון,17 ",גן ערמון,"(32.0250927, 34.8610546)"
2400,אור יהודה,14,"שד בגין מנחם,99 ",בית ספר יובלים (כיתות ט'-י'),
2400,אור יהודה,15,"סקלאר,1 ","בי""ס ברנקו וויס","(32.0268379, 34.8545177)"
2400,אור יהודה,16,"החצב,9 ",מרכז פיס אולם ספורט,"(32.0300984, 34.8644403)"
2400,אור יהודה,17,"אדם יקותיאל,19 ","בי""ס יובלים","(32.0314285, 34.8624291)"
2400,אור יהודה,18,"ירושלים,9 ","בי""ס אור - אבנר","(32.0263594, 34.8627761)"
2400,אור יהודה,19,"ירושלים,9 ","בי""ס אור - אבנר","(32.0263594, 34.8627761)"
2400,אור יהודה,20,"סמטת במעלה,15 ","בי""ס סביונים",
2400,אור יהודה,21,"סיני,15 ",מרכז קזז לצעירים,"(32.0257338, 34.8513389)"
2400,אור יהודה,22,"אדם יקותיאל,19 ","בי""ס יובלים","(32.0314285, 34.8624291)"
2400,אור יהודה,23,"החצב,3 ","בי""ס אלונים","(32.0300984, 34.8644403)"
2400,אור יהודה,24,"סמטת במעלה,15 ","בי""ס סביונים",
2400,אור יהודה,25,"שד בגין מנחם,99 ",בית ספר יובלים (כיתות ט'-י'),
2400,אור יהודה,26,"ירושלים,9 ","בי""ס אור - אבנר","(32.0263594, 34.8627761)"
2400,אור יהודה,27,"שיזף,3 ","בי""ס שיזף","(32.0331908, 34.8568648)"
2400,אור יהודה,28,"שד בגין מנחם,99 ",בית ספר יובלים (כיתות ט'-י'),
2400,אור יהודה,29,"שיזף,2 ",אולם ספורט שיזף,"(32.0331908, 34.8568648)"
2400,אור יהודה,30,"סקלאר,1 ","בי""ס ברנקו וויס","(32.0268379, 34.8545177)"
2400,אור יהודה,31,"הדדי משה,9 ","בי""ס סעדיה גאון","(32.0294826, 34.8449614)"
2400,אור יהודה,32,"שיזף,3 ","בי""ס שיזף","(32.0331908, 34.8568648)"
2400,אור יהודה,33,"שיזף,3 ","בי""ס שיזף","(32.0331908, 34.8568648)"
2400,אור יהודה,34,"שד בגין מנחם,99 ",בית ספר יובלים (כיתות ט'-י'),
2400,אור יהודה,35,"כרמל,3 ","בי""ס ע""ש יצחק נבון","(32.0360859, 34.8560372)"
2400,אור יהודה,36,"סמטת במעלה,15 ","בי""ס סביונים",
2400,אור יהודה,37,"ניצן,2 ","ביה""ס אהוד מנור","(32.0246322, 34.8724057)"
2400,אור יהודה,38,"הדדי משה,9 ","בי""ס סעדיה גאון","(32.0294826, 34.8449614)"
2400,אור יהודה,39,"שד בגין מנחם,99 ",בית ספר יובלים (כיתות ט'-י'),
2400,אור יהודה,40,"ניצן,2 ","ביה""ס אהוד מנור","(32.0246322, 34.8724057)"
2400,אור יהודה,41,"שיזף,2 ",אולם ספורט שיזף,"(32.0331908, 34.8568648)"
2400,אור יהודה,42,"ירושלים,9 ","בי""ס אור - אבנר","(32.0263594, 34.8627761)"
2400,אור יהודה,43,"הדדי משה,9 ",אולם ספורט גאון,"(32.0294826, 34.8449614)"
2400,אור יהודה,44,"ניצן,2 ","ביה""ס אהוד מנור","(32.0246322, 34.8724057)"
2400,אור יהודה,45,"שיזף,3 ","בי""ס שיזף","(32.0331908, 34.8568648)"
2400,אור יהודה,46,"ניצן,2 ","ביה""ס אהוד מנור","(32.0246322, 34.8724057)"
2400,אור יהודה,47,"ניצן,2 ","ביה""ס אהוד מנור","(32.0246322, 34.8724057)"
2400,אור יהודה,48,"שיזף,3 ","בי""ס שיזף","(32.0331908, 34.8568648)"
2400,אור יהודה,49,"כרמל,3 ","בי""ס ע""ש יצחק נבון","(32.0360859, 34.8560372)"
2400,אור יהודה,101,"הנרקיס רמת פנקס,7 ",מרכז קהילתי אופק,"(32.0344205, 34.8408538)"
2400,אור יהודה,950,"שד הבנים,10 ","בי""ס אור - חנה",
2400,אור יהודה,990,"החצב,3 ","בי""ס אלונים","(32.0300984, 34.8644403)"
565,אזור,1,"יצחק שדה,1 ","בי""ס יוספטל","(32.0243903, 34.8096147)"
565,אזור,2,"הרצוג,4 ",חטיבת ביניים,"(32.0302861, 34.7991583)"
565,אזור,3,"יצחק שדה,17 ",מתנס אזור,"(32.0243903, 34.8096147)"
565,אזור,4,"השבעה,2 ","בי""ס השבעה","(32.0178206, 34.8090412)"
565,אזור,5,"השבעה,2 ","בי""ס השבעה","(32.0178206, 34.8090412)"
565,אזור,6,"יצחק שדה,1 ","בי""ס יוספטל","(32.0243903, 34.8096147)"
565,אזור,7,"יצחק שדה,1 ","בי""ס יוספטל","(32.0243903, 34.8096147)"
565,אזור,8,"שד בן גוריון,34 ",גן ילדים פעמונית,"(31.9981562, 34.7673123)"
565,אזור,9,"קפלן,15 ","בי""ס מימון","(32.018614, 34.8088154)"
565,אזור,10,"שד בן גוריון,34 ",גן ילדים פעמונית,"(31.9981562, 34.7673123)"
565,אזור,11,"אחד במאי,1 ",מועדון פיס לגיל הזהב,"(32.0221002, 34.807368)"
565,אזור,12,"שד בן גוריון,34 ",גן ילדים חרצית,"(31.9981562, 34.7673123)"
565,אזור,13,"הרצוג,4 ",חטיבת ביניים,"(32.0302861, 34.7991583)"
565,אזור,14,"הרצוג,4 ",חטיבת ביניים,"(32.0302861, 34.7991583)"
565,אזור,15,"קפלן,15 ","בי""ס מימון","(32.018614, 34.8088154)"
565,אזור,16,"השבעה,2 ","בי""ס השבעה","(32.0178206, 34.8090412)"
565,אזור,990,"יצחק שדה,1 ","בי""ס יוספטל","(32.0243903, 34.8096147)"
6200,בת ים,1,"ניצנה,13 ","מתנ""ס גאולים","(32.0252481, 34.7598849)"
6200,בת ים,2,"הגפן,6 ","בי""ס ירושלים","(32.024791, 34.755244)"
6200,בת ים,3,"ניצנה,13 ","מתנ""ס גאולים","(32.0252481, 34.7598849)"
6200,בת ים,4,"הגפן,6 ","בי""ס ירושלים","(32.024791, 34.755244)"
6200,בת ים,5,"הפלמ""ח,6 ","ביה""ס נתיבות רבקה","(32.0290989, 34.7561567)"
6200,בת ים,6,"נגבה,10 ","בי""ס ממ""ד עקיבא","(32.0279481, 34.7513273)"
6200,בת ים,7,"הגבורים,33 ","בי""ס האיש-משה",
6200,בת ים,8,"נגבה,10 ","בי""ס ממ""ד עקיבא","(32.0279481, 34.7513273)"
6200,בת ים,9,"נגבה,10 ","בי""ס ממ""ד עקיבא","(32.0279481, 34.7513273)"
6200,בת ים,10,"הגפן,6 ","בי""ס ירושלים","(32.024791, 34.755244)"
6200,בת ים,11,"נגבה,10 ","בי""ס ממ""ד עקיבא","(32.0279481, 34.7513273)"
6200,בת ים,12,"נגבה,10 ","בי""ס ממ""ד עקיבא","(32.0279481, 34.7513273)"
6200,בת ים,13,"הפלמ""ח,6 ","ביה""ס נתיבות רבקה","(32.0290989, 34.7561567)"
6200,בת ים,14,"הפלמ""ח,6 ","ביה""ס נתיבות רבקה","(32.0290989, 34.7561567)"
6200,בת ים,15,"ניצנה,13 ","מתנ""ס גאולים","(32.0252481, 34.7598849)"
6200,בת ים,16,"רמב""ם,7 ","בי""ס גורדון-מפלס תחתון","(32.0295246, 34.7460431)"
6200,בת ים,17,"רמב""ם,7 ","בי""ס גורדון-מפלס תחתון","(32.0295246, 34.7460431)"
6200,בת ים,18,"רמב""ם,7 ","בי""ס גורדון-מפלס תחתון","(32.0295246, 34.7460431)"
6200,בת ים,19,"רמב""ם,7 ","בי""ס גורדון-מפלס תחתון","(32.0295246, 34.7460431)"
6200,בת ים,20,"רמב""ם,7 ","בי""ס גורדון-מפלס תחתון","(32.0295246, 34.7460431)"
6200,בת ים,21,"רמב""ם,7 ","בי""ס גורדון-מפלס תחתון","(32.0295246, 34.7460431)"
6200,בת ים,22,"רמב""ם,7 ","בי""ס גורדון-מפלס עליון","(32.0295246, 34.7460431)"
6200,בת ים,23,"רמב""ם,7 ","בי""ס גורדון-מפלס עליון","(32.0295246, 34.7460431)"
6200,בת ים,24,"הרב קוק,17 ","בי""ס תיכון בית וגן","(32.0238236, 34.7455481)"
6200,בת ים,25,"הרב קוק,17 ","בי""ס תיכון בית וגן","(32.0238236, 34.7455481)"
6200,בת ים,26,"רמב""ם,7 ","בי""ס גורדון-מפלס עליון","(32.0295246, 34.7460431)"
6200,בת ים,27,"רמב""ם,7 ","בי""ס גורדון-מפלס עליון","(32.0295246, 34.7460431)"
6200,בת ים,28,"הרב הרצוג,9 ","בי""ס נחשונים","(32.0240002, 34.7490335)"
6200,בת ים,29,"הרב קוק,17 ","בי""ס תיכון בית וגן-אולם ספורט","(32.0238236, 34.7455481)"
6200,בת ים,30,"הרב קוק,17 ","בי""ס תיכון בית וגן-אולם ספורט","(32.0238236, 34.7455481)"
6200,בת ים,31,"הרב קוק,17 ","בי""ס תיכון בית וגן","(32.0238236, 34.7455481)"
6200,בת ים,32,"הרצל,58 ","בי""ס תחכמוני-מבנה מרכזי","(32.0237275, 34.7432313)"
6200,בת ים,33,"הרב קוק,17 ","בי""ס תיכון בית וגן","(32.0238236, 34.7455481)"
6200,בת ים,34,"הרצל,58 ","בי""ס תחכמוני-מבנה מרכזי","(32.0237275, 34.7432313)"
6200,בת ים,35,"הרצל,58 ","בי""ס תחכמוני-מבנה מרכזי","(32.0237275, 34.7432313)"
6200,בת ים,36,"הרצל,58 ","בי""ס תחכמוני-מבנה מרכזי","(32.0237275, 34.7432313)"
6200,בת ים,37,"הגבורים,33 ","בי""ס האיש-משה",
6200,בת ים,38,"השר פנקס,2א",מתחם גנים ציפורי,
6200,בת ים,39,"מסריק,25 ","בי""ס יסודי ע""ש סוקולוב","(32.0229382, 34.7409761)"
6200,בת ים,40,"מסריק,25 ","בי""ס יסודי ע""ש סוקולוב","(32.0229382, 34.7409761)"
6200,בת ים,41,"השר פנקס,2א",מתחם גנים ציפורי,
6200,בת ים,42,"מסריק,25 ","בי""ס יסודי ע""ש סוקולוב","(32.0229382, 34.7409761)"
6200,בת ים,43,"נויקלן,3 ","בי""ס ע""ש דוד אלעזר","(32.0199907, 34.7399731)"
6200,בת ים,44,"נויקלן,3 ","בי""ס ע""ש דוד אלעזר","(32.0199907, 34.7399731)"
6200,בת ים,45,"מסריק,25 ","בי""ס יסודי ע""ש סוקולוב","(32.0229382, 34.7409761)"
6200,בת ים,46,"בר אילן,73 ",תלמוד תורה בני ציון-אולם ספורט,"(32.0169495, 34.7492846)"
6200,בת ים,47,"בר אילן,73 ",תלמוד תורה בני ציון-אולם ספורט,"(32.0169495, 34.7492846)"
6200,בת ים,48,"השקמה,28 ","בי""ס יצחק שדה-אגף צפוני","(32.0137412, 34.7442187)"
6200,בת ים,49,"בר אילן,40 ",ישיבה תיכונית אדרת,"(32.015256, 34.7483931)"
6200,בת ים,50,"בר אילן,40 ",ישיבה תיכונית אדרת,"(32.015256, 34.7483931)"
6200,בת ים,51,"ביאליק,29 ","בי""ס ממ""ד ציפורי-אולם ספורט","(32.0191291, 34.7469807)"
6200,בת ים,52,"ביאליק,29 ","בי""ס ממ""ד ציפורי","(32.0191291, 34.7469807)"
6200,בת ים,53,"רייק חביבה,2 ","בי""ס מסילות","(32.0162494, 34.753742)"
6200,בת ים,54,"רייק חביבה,2 ","בי""ס מסילות","(32.0162494, 34.753742)"
6200,בת ים,55,"רייק חביבה,3 ",ביס שרת - חלק תחתון,"(32.0172956, 34.7534167)"
6200,בת ים,56,"רבינוביץ',15 ","בי""ס בן גוריון","(32.0130186, 34.748266)"
6200,בת ים,57,"ביאליק,29 ","בי""ס ממ""ד ציפורי","(32.0191291, 34.7469807)"
6200,בת ים,58,"רייק חביבה,3 ",ביס שרת - חלק תחתון,"(32.0172956, 34.7534167)"
6200,בת ים,59,"רייק חביבה,2 ","בי""ס מסילות","(32.0162494, 34.753742)"
6200,בת ים,60,"רייק חביבה,3 ",ביס שרת - חלק תחתון,"(32.0172956, 34.7534167)"
6200,בת ים,61,"דניאל,60 ","בי""ס יסודי ראשונים-מבנה מזרחי","(32.0208026, 34.7497242)"
6200,בת ים,62,"ביאליק,29 ","בי""ס ממ""ד ציפורי","(32.0191291, 34.7469807)"
6200,בת ים,63,"ביאליק,29 ","בי""ס ממ""ד ציפורי","(32.0191291, 34.7469807)"
6200,בת ים,64,"דניאל,60 ","בי""ס יסודי ראשונים-מבנה מזרחי","(32.0208026, 34.7497242)"
6200,בת ים,65,"רייק חביבה,3 ",בית הספר שרת - חלק עליון,"(32.0172956, 34.7534167)"
6200,בת ים,66,"רייק חביבה,3 ",בית הספר שרת - חלק עליון,"(32.0172956, 34.7534167)"
6200,בת ים,67,"רייק חביבה,3 ",בית הספר שרת - חלק עליון,"(32.0172956, 34.7534167)"
6200,בת ים,68,"דניאל,60 ","בי""ס יסודי ראשונים-מבנה מערבי","(32.0208026, 34.7497242)"
6200,בת ים,69,"דניאל,60 ","בי""ס יסודי ראשונים-מבנה מערבי","(32.0208026, 34.7497242)"
6200,בת ים,70,"הרב הרצוג,9 ","בי""ס נחשונים","(32.0240002, 34.7490335)"
6200,בת ים,71,"הרב הרצוג,9 ","בי""ס נחשונים","(32.0240002, 34.7490335)"
6200,בת ים,72,"כנרת,6 ","מתנ""ס כנרת",
6200,בת ים,73,"כנרת,6 ","מתנ""ס כנרת",
6200,בת ים,74,"הגפן,6 ","בי""ס ירושלים","(32.024791, 34.755244)"
6200,בת ים,75,"הגפן,6 ","בי""ס ירושלים","(32.024791, 34.755244)"
6200,בת ים,76,"הגפן,6 ","בי""ס ירושלים","(32.024791, 34.755244)"
6200,בת ים,77,"כנרת,6 ","מתנ""ס כנרת",
6200,בת ים,78,"הרב הרצוג,9 ","בי""ס נחשונים","(32.0240002, 34.7490335)"
6200,בת ים,79,"כנרת,6 ","מתנ""ס כנרת",
6200,בת ים,80,"כנרת,6 ","מתנ""ס כנרת",
6200,בת ים,81,"רמב""ם,7 ","בי""ס גורדון-מפלס עליון","(32.0295246, 34.7460431)"
6200,בת ים,82,"סולד הנרייטה,4 ",אולפנת צביה,"(32.0180871, 34.7600824)"
6200,בת ים,83,"רהב,7 ",מכללת בת ים,"(32.02198, 34.7588689)"
6200,בת ים,84,"סולד הנרייטה,4 ",אולפנת צביה,"(32.0180871, 34.7600824)"
6200,בת ים,85,"סולד הנרייטה,4 ",אולפנת צביה,"(32.0180871, 34.7600824)"
6200,בת ים,86,"רהב,7 ",מכללת בת ים,"(32.02198, 34.7588689)"
6200,בת ים,87,"רהב,7 ",מכללת בת ים,"(32.02198, 34.7588689)"
6200,בת ים,88,"רהב,7 ",מכללת בת ים,"(32.02198, 34.7588689)"
6200,בת ים,89,"סולד הנרייטה,4 ",אולפנת צביה,"(32.0180871, 34.7600824)"
6200,בת ים,90,"נגבה,10 ","בי""ס ממ""ד עקיבא","(32.0279481, 34.7513273)"
6200,בת ים,91,"הדדי ציון שאול,12 ","בי""ס יד מרדכי","(32.0188486, 34.7560894)"
6200,בת ים,92,"הדדי ציון שאול,12 ","בי""ס יד מרדכי","(32.0188486, 34.7560894)"
6200,בת ים,93,"מבצע סיני,28 ","בי""ס אורט רמת יוסף","(32.0158919, 34.7592909)"
6200,בת ים,94,"הדדי ציון שאול,12 ","בי""ס יד מרדכי","(32.0188486, 34.7560894)"
6200,בת ים,95,"הדקל,5 ","ביה""ס הרצל","(32.0118469, 34.7540142)"
6200,בת ים,96,"ליבורנו,17 ","בי""ס הנשיא","(32.0115594, 34.7599533)"
6200,בת ים,97,"כובשי החרמון,4 ","בי""ס הראל","(32.0095813, 34.7607316)"
6200,בת ים,98,"הדקל,5 ","ביה""ס הרצל","(32.0118469, 34.7540142)"
6200,בת ים,99,"ליבורנו,17 ","בי""ס הנשיא","(32.0115594, 34.7599533)"
6200,בת ים,100,"כובשי החרמון,4 ","בי""ס הראל","(32.0095813, 34.7607316)"
6200,בת ים,101,"כובשי החרמון,4 ","בי""ס הראל","(32.0095813, 34.7607316)"
6200,בת ים,102,"הרב קוק,17 ","בי""ס תיכון בית וגן","(32.0238236, 34.7455481)"
6200,בת ים,103,"רהב,7 ",מכללת בת ים,"(32.02198, 34.7588689)"
6200,בת ים,104,"מבצע סיני,28 ","בי""ס אורט רמת יוסף","(32.0158919, 34.7592909)"
6200,בת ים,105,"דניאל,60 ","בי""ס יסודי ראשונים-מבנה מערבי","(32.0208026, 34.7497242)"
6200,בת ים,106,"הגבורים,33 ","בי""ס האיש-משה",
6200,בת ים,107,"הרב הרצוג,9 ","בי""ס נחשונים","(32.0240002, 34.7490335)"
6200,בת ים,108,"הפלמ""ח,6 ","ביה""ס נתיבות רבקה","(32.0290989, 34.7561567)"
6200,בת ים,109,"בורוכוב,10 ","ביס מדעים ע""ש המר-מבנה מרכזי","(32.0171294, 34.7415304)"
6200,בת ים,110,"הרצל,58 ","בי""ס תחכמוני-מבנה מרכזי","(32.0237275, 34.7432313)"
6200,בת ים,111,"הרב קוק,17 ","בי""ס תיכון בית וגן","(32.0238236, 34.7455481)"
6200,בת ים,112,"רמב""ם,7 ","בי""ס גורדון-מפלס עליון","(32.0295246, 34.7460431)"
6200,בת ים,113,"בורוכוב,10 ","ביס מדעים ע""ש המר-מבנה מרכזי","(32.0171294, 34.7415304)"
6200,בת ים,114,"ביל""ו,1 ",מרכז קהילתי גורדון,"(32.0313791, 34.7451779)"
6200,בת ים,115,"ביל""ו,1 ",מרכז קהילתי גורדון,"(32.0313791, 34.7451779)"
6200,בת ים,116,"הרב קוק,17 ","בי""ס תיכון בית וגן","(32.0238236, 34.7455481)"
6200,בת ים,117,"הרצל,58 ","בי""ס תחכמוני-מבנה מרכזי","(32.0237275, 34.7432313)"
6200,בת ים,118,"ביאליק,29 ","בי""ס ממ""ד ציפורי-אולם ספורט","(32.0191291, 34.7469807)"
6200,בת ים,119,"נויקלן,3 ","בי""ס ע""ש דוד אלעזר","(32.0199907, 34.7399731)"
6200,בת ים,120,"בורוכוב,10 ","ביס מדעים ע""ש המר-אולם ספורט","(32.0171294, 34.7415304)"
6200,בת ים,121,"עגנון,57 ","בי""ס ע""ש י. טבנקין","(32.0170678, 34.7395901)"
6200,בת ים,122,"בורוכוב,10 ","ביס מדעים ע""ש המר-מבנה מרכזי","(32.0171294, 34.7415304)"
6200,בת ים,123,"השקמה,28 ","בי""ס יצחק שדה-אגף צפוני","(32.0137412, 34.7442187)"
6200,בת ים,124,"בורוכוב,10 ","ביס מדעים ע""ש המר-מבנה מרכזי","(32.0171294, 34.7415304)"
6200,בת ים,125,"עגנון,57 ","בי""ס ע""ש י. טבנקין","(32.0170678, 34.7395901)"
6200,בת ים,126,"בורוכוב,10 ","ביס מדעים ע""ש המר-אולם ספורט","(32.0171294, 34.7415304)"
6200,בת ים,127,"בורוכוב,10 ","ביס מדעים ע""ש המר-אולם ספורט","(32.0171294, 34.7415304)"
6200,בת ים,128,"מסריק,25 ","בי""ס יסודי ע""ש סוקולוב","(32.0229382, 34.7409761)"
6200,בת ים,129,"עגנון,57 ","בי""ס ע""ש י. טבנקין","(32.0170678, 34.7395901)"
6200,בת ים,130,"נויקלן,3 ","בי""ס ע""ש דוד אלעזר","(32.0199907, 34.7399731)"
6200,בת ים,131,"בר אילן,40 ",ישיבה תיכונית אדרת,"(32.015256, 34.7483931)"
6200,בת ים,132,"השקמה,28 ","בי""ס יצחק שדה-אגף צפוני","(32.0137412, 34.7442187)"
6200,בת ים,133,"השקמה,28 ","בי""ס יצחק שדה-אגף צפוני","(32.0137412, 34.7442187)"
6200,בת ים,134,"השקמה,28 ","בי""ס יצחק שדה-אגף צפוני","(32.0137412, 34.7442187)"
6200,בת ים,135,"רבינוביץ',15 ","בי""ס בן גוריון","(32.0130186, 34.748266)"
6200,בת ים,136,"השקמה,28 ","בי""ס יצחק שדה-אגף דרומי","(32.0137412, 34.7442187)"
6200,בת ים,137,"ד""ר ניר נחום,28 ","בי""ס ""יעד""",
6200,בת ים,138,"בר אילן,73 ",תלמוד תורה בני ציון-מבנה מרכזי,"(32.0169495, 34.7492846)"
6200,בת ים,139,"רבינוביץ',15 ","בי""ס בן גוריון","(32.0130186, 34.748266)"
6200,בת ים,140,"ד""ר ניר נחום,28 ","בי""ס ""יעד""",
6200,בת ים,141,"רייק חביבה,3 ",ביס שרת - חלק תחתון,"(32.0172956, 34.7534167)"
6200,בת ים,142,"בר אילן,40 ",ישיבה תיכונית אדרת,"(32.015256, 34.7483931)"
6200,בת ים,143,"השר פנקס,2א",מתחם גנים ציפורי,
6200,בת ים,144,"דניאל,60 ","בי""ס יסודי ראשונים-מבנה מזרחי","(32.0208026, 34.7497242)"
6200,בת ים,145,"השר פנקס,2א",מתחם גנים ציפורי,
6200,בת ים,146,"בר אילן,73 ",תלמוד תורה בני ציון-מבנה מרכזי,"(32.0169495, 34.7492846)"
6200,בת ים,147,"בר אילן,73 ",תלמוד תורה בני ציון-מבנה מרכזי,"(32.0169495, 34.7492846)"
6200,בת ים,148,"השקמה,28 ","בי""ס יצחק שדה-אגף דרומי","(32.0137412, 34.7442187)"
6200,בת ים,149,"ד""ר ניר נחום,28 ","בי""ס ""יעד""",
6200,בת ים,150,"בר אילן,40 ",ישיבה תיכונית אדרת,"(32.015256, 34.7483931)"
6200,בת ים,151,"רייק חביבה,2 ","בי""ס מסילות","(32.0162494, 34.753742)"
6200,בת ים,152,"ביאליק,29 ","בי""ס ממ""ד ציפורי-אולם ספורט","(32.0191291, 34.7469807)"
6200,בת ים,153,"מבצע סיני,28 ","בי""ס אורט רמת יוסף","(32.0158919, 34.7592909)"
6200,בת ים,154,"הדקל,4 ","בי""ס אורט מילטון","(32.0118469, 34.7540142)"
6200,בת ים,155,"מוכרי הסיגריות,4 ","ביה""ס שזר","(32.013232, 34.7558447)"
6200,בת ים,156,"הרב ניסנבוים יצחק,66 ","חט""ב שז""ר",
6200,בת ים,157,"הרב ניסנבוים יצחק,66 ","חט""ב שז""ר",
6200,בת ים,158,"מוכרי הסיגריות,4 ","ביה""ס שזר","(32.013232, 34.7558447)"
6200,בת ים,159,"ליבורנו,17 ","בי""ס הנשיא","(32.0115594, 34.7599533)"
6200,בת ים,160,"כובשי החרמון,4 ","בי""ס הראל","(32.0095813, 34.7607316)"
6200,בת ים,161,"דליה,23 ","בי""ס שחר","(32.0062813, 34.7566609)"
6200,בת ים,162,"הדקל,4 ","בי""ס אורט מילטון","(32.0118469, 34.7540142)"
6200,בת ים,163,"דליה,23 ","בי""ס שחר","(32.0062813, 34.7566609)"
6200,בת ים,164,"קרן היסוד,12 ","בי""ס תיכון רמות","(32.0040139, 34.7510578)"
6200,בת ים,165,"הרב ניסנבוים יצחק,2 ","בי""ס ע""ש יגאל אלון",
6200,בת ים,166,"פרנק אנה,16 ","בי""ס אורות התורה","(32.006927, 34.7543506)"
6200,בת ים,167,"קרן היסוד,12 ","בי""ס תיכון רמות","(32.0040139, 34.7510578)"
6200,בת ים,168,"הרב ניסנבוים יצחק,2 ","בי""ס ע""ש יגאל אלון",
6200,בת ים,169,"הדקל,4 ","בי""ס אורט מילטון","(32.0118469, 34.7540142)"
6200,בת ים,170,"הרב ניסנבוים יצחק,2 ","בי""ס ע""ש יגאל אלון",
6200,בת ים,171,"מוכרי הסיגריות,4 ","ביה""ס שזר","(32.013232, 34.7558447)"
6200,בת ים,172,"הדקל,5 ","ביה""ס הרצל","(32.0118469, 34.7540142)"
6200,בת ים,173,"פרנק אנה,16 ","בי""ס אורות התורה","(32.006927, 34.7543506)"
6200,בת ים,174,"דליה,23 ","בי""ס שחר","(32.0062813, 34.7566609)"
6200,בת ים,175,"קרן היסוד,12 ","בי""ס תיכון רמות","(32.0040139, 34.7510578)"
6200,בת ים,176,"ליבורנו,17 ","בי""ס הנשיא","(32.0115594, 34.7599533)"
6200,בת ים,177,"כובשי החרמון,4 ","בי""ס הראל","(32.0095813, 34.7607316)"
6200,בת ים,178,"ליבורנו,17 ","בי""ס הנשיא","(32.0115594, 34.7599533)"
6200,בת ים,179,"הדקל,4 ","בי""ס אורט מילטון","(32.0118469, 34.7540142)"
6200,בת ים,180,"רייק חביבה,2 ","בי""ס מסילות","(32.0162494, 34.753742)"
6200,בת ים,181,"רייק חביבה,3 ",בית הספר שרת - חלק עליון,"(32.0172956, 34.7534167)"
6200,בת ים,182,"רייק חביבה,2 ","בי""ס מסילות","(32.0162494, 34.753742)"
6200,בת ים,183,"דניאל,60 ","בי""ס יסודי ראשונים-מבנה מערבי","(32.0208026, 34.7497242)"
6200,בת ים,184,"ביאליק,29 ","בי""ס ממ""ד ציפורי-אולם ספורט","(32.0191291, 34.7469807)"
6200,בת ים,185,"קרן היסוד,12 ","בי""ס תיכון רמות","(32.0040139, 34.7510578)"
6200,בת ים,186,"הרב הרצוג,9 ","בי""ס נחשונים","(32.0240002, 34.7490335)"
6200,בת ים,187,"ביל""ו,1 ",מרכז קהילתי גורדון,"(32.0313791, 34.7451779)"
6200,בת ים,188,"כנרת,6 ","מתנ""ס כנרת",
6200,בת ים,189,"הדדי ציון שאול,12 ","בי""ס יד מרדכי","(32.0188486, 34.7560894)"
6200,בת ים,190,"רבינוביץ',15 ","בי""ס בן גוריון","(32.0130186, 34.748266)"
6200,בת ים,191,"הדקל,5 ","ביה""ס הרצל","(32.0118469, 34.7540142)"
6200,בת ים,192,"ביל""ו,1 ",מרכז קהילתי גורדון,"(32.0313791, 34.7451779)"
6200,בת ים,193,"נויקלן,3 ","בי""ס ע""ש דוד אלעזר","(32.0199907, 34.7399731)"
6200,בת ים,194,"עגנון,57 ","בי""ס ע""ש י. טבנקין","(32.0170678, 34.7395901)"
6200,בת ים,195,"עגנון,57 ","בי""ס ע""ש י. טבנקין","(32.0170678, 34.7395901)"
6200,בת ים,196,"השקמה,28 ","בי""ס יצחק שדה-אגף דרומי","(32.0137412, 34.7442187)"
6200,בת ים,197,"השקמה,28 ","בי""ס יצחק שדה-אגף דרומי","(32.0137412, 34.7442187)"
6200,בת ים,198,"השקמה,28 ","בי""ס יצחק שדה-אגף דרומי","(32.0137412, 34.7442187)"
6200,בת ים,199,"ד""ר ניר נחום,28 ","בי""ס ""יעד""",
6200,בת ים,200,"בורוכוב,10 ","ביס מדעים ע""ש המר-מבנה מרכזי","(32.0171294, 34.7415304)"
6200,בת ים,201,"ביאליק,29 ","בי""ס ממ""ד ציפורי-אולם ספורט","(32.0191291, 34.7469807)"
6200,בת ים,202,"נויקלן,3 ","בי""ס ע""ש דוד אלעזר","(32.0199907, 34.7399731)"
6200,בת ים,203,"השקמה,28 ","בי""ס יצחק שדה-אגף דרומי","(32.0137412, 34.7442187)"
6200,בת ים,204,"כובשי החרמון,4 ","בי""ס הראל","(32.0095813, 34.7607316)"
6200,בת ים,205,"הדקל,4 ","בי""ס אורט מילטון","(32.0118469, 34.7540142)"
6200,בת ים,206,"בר אילן,73 ",תלמוד תורה בני ציון-מבנה מרכזי,"(32.0169495, 34.7492846)"
6200,בת ים,207,"רבינוביץ',15 ","בי""ס בן גוריון","(32.0130186, 34.748266)"
6200,בת ים,208,"הרצל,58 ","בי""ס תחכמוני-מבנה מרכזי","(32.0237275, 34.7432313)"
6200,בת ים,209,"הרב ניסנבוים יצחק,2 ","בי""ס ע""ש יגאל אלון",
6200,בת ים,210,"ניצנה,13 ","מתנ""ס גאולים","(32.0252481, 34.7598849)"
6200,בת ים,211,"ד""ר ניר נחום,28 ","בי""ס ""יעד""",
6200,בת ים,212,"בר אילן,73 ",תלמוד תורה בני ציון-מבנה מרכזי,"(32.0169495, 34.7492846)"
6200,בת ים,213,"בר אילן,73 ",תלמוד תורה בני ציון-מבנה מרכזי,"(32.0169495, 34.7492846)"
6200,בת ים,214,"נויקלן,3 ","בי""ס ע""ש דוד אלעזר","(32.0199907, 34.7399731)"
6200,בת ים,215,"בר אילן,73 ",תלמוד תורה בני ציון-מבנה מרכזי,"(32.0169495, 34.7492846)"
6200,בת ים,950,"רבינוביץ',15 ","בי""ס בן גוריון","(32.0130186, 34.748266)"
6200,בת ים,951,"בורוכוב,10 ","ביס מדעים ע""ש המר-אולם ספורט","(32.0171294, 34.7415304)"
6200,בת ים,952,"ד""ר ניר נחום,28 ","בי""ס ""יעד""",
6200,בת ים,990,"ד""ר ניר נחום,28 ","בי""ס ""יעד""",
6600,חולון,1,"נחמיה,13 ",אולפנת רעים (מרכז אפיק),"(32.0157746, 34.7970908)"
6600,חולון,2,"ירמיהו,16 ","בי""ס החדש חולון","(32.0178183, 34.7946463)"
6600,חולון,3,"יעבץ,8 ","בי""ס תיכון יבנה - שש שנתי","(32.0206737, 34.7909672)"
6600,חולון,4,"יעבץ,8 ","בי""ס תיכון יבנה - שש שנתי","(32.0206737, 34.7909672)"
6600,חולון,5,"שלום עליכם,5 ",אורט מיטרני,"(32.0229874, 34.7844794)"
6600,חולון,6,"ישעיהו,16 ",מרכז קהילתי נווה ארזים,"(32.0161213, 34.7922537)"
6600,חולון,7,"נחמיה,13 ",אולפנת רעים (מרכז אפיק),"(32.0157746, 34.7970908)"
6600,חולון,8,"ישעיהו,16 ",מרכז קהילתי נווה ארזים,"(32.0161213, 34.7922537)"
6600,חולון,9,"מרבד הקסמים,9 ","בי""ס אשכול","(32.0128266, 34.7939201)"
6600,חולון,10,"מרבד הקסמים,9 ","בי""ס אשכול","(32.0128266, 34.7939201)"
6600,חולון,11,"יעבץ,8 ","בי""ס תיכון יבנה - שש שנתי","(32.0206737, 34.7909672)"
6600,חולון,12,"ישעיהו,16 ",מרכז קהילתי נווה ארזים,"(32.0161213, 34.7922537)"
6600,חולון,13,"מרבד הקסמים,9 ","בי""ס אשכול","(32.0128266, 34.7939201)"
6600,חולון,14,"הכנסת,8 ","בי""ס תיכון איילון - שש שנתי","(32.0157481, 34.7868985)"
6600,חולון,15,"חנקין,109 ",מכללת חנקין,"(32.0132725, 34.7783649)"
6600,חולון,16,"הבקעה,3 ",חטיבת ביניים זלמן ארן - בנין ב,
6600,חולון,17,"הכנסת,8 ","בי""ס תיכון איילון - שש שנתי","(32.0157481, 34.7868985)"
6600,חולון,18,"הכנסת,8 ","בי""ס תיכון איילון - שש שנתי","(32.0157481, 34.7868985)"
6600,חולון,19,"הבקעה,3 ",חטיבת ביניים זלמן ארן - בנין ב,
6600,חולון,20,"הכנסת,8 ","בי""ס תיכון איילון - שש שנתי","(32.0157481, 34.7868985)"
6600,חולון,21,"הכנסת,8 ","בי""ס תיכון איילון - שש שנתי","(32.0157481, 34.7868985)"
6600,חולון,22,"הסיגלון,20 ","בי""ס ממ""ד תורני דביר","(32.0140669, 34.7825172)"
6600,חולון,23,"חנקין,109 ",מכללת חנקין,"(32.0132725, 34.7783649)"
6600,חולון,24,"הס משה,37 ","בי""ס הס","(32.0184892, 34.7834281)"
6600,חולון,25,"הס משה,37 ","בי""ס הס","(32.0184892, 34.7834281)"
6600,חולון,26,"הס משה,37 ","בי""ס הס","(32.0184892, 34.7834281)"
6600,חולון,27,"התבור,1 ","בי""ס התבור","(32.0200397, 34.7850256)"
6600,חולון,28,"אחד העם,10 ","בי""ס שנקר - בנין ראשי","(32.0210594, 34.780372)"
6600,חולון,29,"חנקין,109 ",מכללת חנקין,"(32.0132725, 34.7783649)"
6600,חולון,30,"הסיגלון,20 ","בי""ס ממ""ד תורני דביר","(32.0140669, 34.7825172)"
6600,חולון,31,"הסיגלון,12 ","מרכז קהילתי ""נאות שושנים""","(32.0140669, 34.7825172)"
6600,חולון,32,"הסיגלון,12 ","מרכז קהילתי ""נאות שושנים""","(32.0140669, 34.7825172)"
6600,חולון,33,"ביאליק,21 ","בי""ס ביאליק-כניסה ימנית","(32.0130918, 34.7722273)"
6600,חולון,34,"השומר,21 ","בי""ס רביבים - בנין ג","(32.0278509, 34.7787224)"
6600,חולון,35,"ביאליק,21 ","בי""ס ביאליק-כניסה ימנית","(32.0130918, 34.7722273)"
6600,חולון,36,"השומר,21 ","בי""ס רביבים - בנין ג","(32.0278509, 34.7787224)"
6600,חולון,37,"ביאליק,21 ","בי""ס ביאליק-כניסה ימנית","(32.0130918, 34.7722273)"
6600,חולון,38,"אחד העם,10 ","בי""ס שנקר - בנין ראשי","(32.0210594, 34.780372)"
6600,חולון,39,"ביאליק,21 ","בי""ס ביאליק-כניסה ימנית","(32.0130918, 34.7722273)"
6600,חולון,40,"אחד העם,10 ","בי""ס שנקר - בנין ראשי","(32.0210594, 34.780372)"
6600,חולון,41,"השומר,21 ","בי""ס רביבים - בנין ג","(32.0278509, 34.7787224)"
6600,חולון,42,"בן יהודה,7 ","בי""ס ישורון","(32.0235231, 34.7798994)"
6600,חולון,43,"בן יהודה,7 ","בי""ס ישורון","(32.0235231, 34.7798994)"
6600,חולון,44,"השומר,21 ","בי""ס רביבים - בנין ג","(32.0278509, 34.7787224)"
6600,חולון,45,"אחד העם,10 ","בי""ס שנקר - בנין ראשי","(32.0210594, 34.780372)"
6600,חולון,46,"התבור,1 ","בי""ס התבור","(32.0200397, 34.7850256)"
6600,חולון,47,"השומר,21 ","בי""ס רביבים-בנין ב","(32.0278509, 34.7787224)"
6600,חולון,48,"שלום עליכם,5 ",אורט מיטרני,"(32.0229874, 34.7844794)"
6600,חולון,49,"אחד העם,10 ","בי""ס שנקר - בנין ראשי","(32.0210594, 34.780372)"
6600,חולון,50,"אחד העם,10 ","בי""ס שנקר - בנין ראשי","(32.0210594, 34.780372)"
6600,חולון,51,"השומר,21 ","בי""ס רביבים-בנין ב","(32.0278509, 34.7787224)"
6600,חולון,52,"השומר,21 ","בי""ס רביבים-בנין ב","(32.0278509, 34.7787224)"
6600,חולון,53,"שלום עליכם,5 ",אורט מיטרני,"(32.0229874, 34.7844794)"
6600,חולון,54,"אחד העם,10 ","בי""ס שנקר - אולם ספורט","(32.0210594, 34.780372)"
6600,חולון,55,"קפלן,17 ","בי""ס כצנלסון-אולם ספורט","(32.018378, 34.8084363)"
6600,חולון,56,"קפלן,17 ","בי""ס כצנלסון-מבנה ראשי","(32.018378, 34.8084363)"
6600,חולון,57,"קפלן,17 ","בי""ס כצנלסון-מבנה ראשי","(32.018378, 34.8084363)"
6600,חולון,58,"קפלן,17 ","בי""ס כצנלסון-מבנה ראשי","(32.018378, 34.8084363)"
6600,חולון,59,"ש""ץ צבי,50 ","בי""ס בני מנחם חב""ד","(32.0266541, 34.7688523)"
6600,חולון,60,"קפלן,17 ","בי""ס כצנלסון-מבנה ראשי","(32.018378, 34.8084363)"
6600,חולון,61,"קפלן,17 ","בי""ס כצנלסון-מבנה ראשי","(32.018378, 34.8084363)"
6600,חולון,62,"ש""ץ צבי,29 ","מתנ""ס וולפסון","(32.0266541, 34.7688523)"
6600,חולון,63,"ש""ץ צבי,50 ","בי""ס בני מנחם חב""ד","(32.0266541, 34.7688523)"
6600,חולון,64,"ש""ץ צבי,50 ","בי""ס בני מנחם חב""ד","(32.0266541, 34.7688523)"
6600,חולון,65,"ברקן,18 ","בי""ס הרצוג","(32.030336, 34.7631859)"
6600,חולון,66,"ש""ץ צבי,50 ","בי""ס בני מנחם חב""ד","(32.0266541, 34.7688523)"
6600,חולון,67,"שלום עליכם,5 ",אורט מיטרני,"(32.0229874, 34.7844794)"
6600,חולון,68,"ש""ץ צבי,29 ","מתנ""ס וולפסון","(32.0266541, 34.7688523)"
6600,חולון,70,"קפלן,17 ","בי""ס כצנלסון-מבנה ראשי","(32.018378, 34.8084363)"
6600,חולון,71,"קפלן,17 ","בי""ס כצנלסון-אולם ספורט","(32.018378, 34.8084363)"
6600,חולון,72,"ש""ץ צבי,29 ","מתנ""ס וולפסון","(32.0266541, 34.7688523)"
6600,חולון,73,"חזית חמש,2 ","בי""ס המגינים","(32.027825, 34.7621813)"
6600,חולון,75,"חזית חמש,2 ","בי""ס המגינים","(32.027825, 34.7621813)"
6600,חולון,76,"ברקן,18 ","בי""ס הרצוג","(32.030336, 34.7631859)"
6600,חולון,77,"ש""ץ צבי,50 ","בי""ס בני מנחם חב""ד","(32.0266541, 34.7688523)"
6600,חולון,78,"פילדלפיה,6 ","בי""ס עלומים-בנין ראשי","(32.0275781, 34.7625626)"
6600,חולון,79,"פילדלפיה,6 ","בי""ס עלומים-בנין ראשי","(32.0275781, 34.7625626)"
6600,חולון,80,"פילדלפיה,6 ","בי""ס עלומים-בנין ראשי","(32.0275781, 34.7625626)"
6600,חולון,81,"פילדלפיה,6 ","בי""ס עלומים-בנין ראשי","(32.0275781, 34.7625626)"
6600,חולון,82,"פילדלפיה,6 ","בי""ס עלומים-בנין ראשי","(32.0275781, 34.7625626)"
6600,חולון,83,"פילדלפיה,6 ","בי""ס עלומים - אולם ספורט","(32.0275781, 34.7625626)"
6600,חולון,84,"ביאליק,21 ","בי""ס ביאליק-כניסה שמאלית","(32.0130918, 34.7722273)"
6600,חולון,85,"קדושי קהיר,18 ","בי""ס שזר","(32.0161269, 34.7632684)"
6600,חולון,86,"קדושי קהיר,18 ","בי""ס שזר","(32.0161269, 34.7632684)"
6600,חולון,87,"קדושי קהיר,14 ",תיכון טומשין,"(32.0192654, 34.7634362)"
6600,חולון,88,"חצרים,2 ","מרכז קהילתי ""נאות רחל""","(32.0158921, 34.7642459)"
6600,חולון,89,"קדושי קהיר,18 ","בי""ס שזר","(32.0161269, 34.7632684)"
6600,חולון,90,"קדושי קהיר,18 ","בי""ס שזר","(32.0161269, 34.7632684)"
6600,חולון,91,"קדושי קהיר,14 ",תיכון טומשין,"(32.0192654, 34.7634362)"
6600,חולון,92,"ארן זלמן,4 ","בי""ס דינור","(32.0166784, 34.767212)"
6600,חולון,93,"ההסתדרות,20 ","תיכון ""עתידים""","(32.0177518, 34.7685083)"
6600,חולון,94,"ההסתדרות,20 ","תיכון ""עתידים""","(32.0177518, 34.7685083)"
6600,חולון,95,"ביאליק,21 ","בי""ס ביאליק-כניסה שמאלית","(32.0130918, 34.7722273)"
6600,חולון,96,"פיכמן,18 ",המרכז לחינוך טכנולוגי,"(32.0144526, 34.7748967)"
6600,חולון,97,"ההסתדרות,20 ","תיכון ""עתידים""","(32.0177518, 34.7685083)"
6600,חולון,98,"פיכמן,18 ",המרכז לחינוך טכנולוגי,"(32.0144526, 34.7748967)"
6600,חולון,99,"חנקין,109 ",מכללת חנקין,"(32.0132725, 34.7783649)"
6600,חולון,100,"פיכמן,18 ",המרכז לחינוך טכנולוגי,"(32.0144526, 34.7748967)"
6600,חולון,101,"ההסתדרות,20 ","תיכון ""עתידים""","(32.0177518, 34.7685083)"
6600,חולון,102,"חצרים,2 ","מרכז קהילתי ""נאות רחל""","(32.0158921, 34.7642459)"
6600,חולון,103,"ביאליק,21 ","בי""ס ביאליק-כניסה שמאלית","(32.0130918, 34.7722273)"
6600,חולון,104,"ההסתדרות,20 ","תיכון ""עתידים"" - מבנה יבילים","(32.0177518, 34.7685083)"
6600,חולון,105,"קדושי קהיר,18 ","בי""ס שזר","(32.0161269, 34.7632684)"
6600,חולון,106,"ביאליק,21 ","בי""ס ביאליק-כניסה שמאלית","(32.0130918, 34.7722273)"
6600,חולון,107,"ההסתדרות,20 ","תיכון ""עתידים"" - מבנה יבילים","(32.0177518, 34.7685083)"
6600,חולון,108,"ארן זלמן,4 ","בי""ס דינור","(32.0166784, 34.767212)"
6600,חולון,109,"ארן זלמן,4 ","בי""ס דינור","(32.0166784, 34.767212)"
6600,חולון,110,"ההסתדרות,20 ","תיכון ""עתידים"" - מבנה יבילים","(32.0177518, 34.7685083)"
6600,חולון,111,"חצרים,2 ","מרכז קהילתי ""נאות רחל""","(32.0158921, 34.7642459)"
6600,חולון,112,"לבון פנחס,3 ","בי""ס בן צבי","(32.0091368, 34.7717343)"
6600,חולון,113,"החי""ל,16 ","בי""ס גורדון","(32.0132529, 34.7688038)"
6600,חולון,114,"קדושי קהיר,14 ",תיכון טומשין,"(32.0192654, 34.7634362)"
6600,חולון,115,"החי""ל,16 ","בי""ס גורדון","(32.0132529, 34.7688038)"
6600,חולון,116,"עין גדי,16 ","בי""ס ממ""ד הראל","(32.0078539, 34.7627687)"
6600,חולון,117,"עין גדי,16 ","בי""ס ממ""ד הראל","(32.0078539, 34.7627687)"
6600,חולון,118,"ארן זלמן,4 ","בי""ס דינור","(32.0166784, 34.767212)"
6600,חולון,119,"הערבה,8 ","בי""ס יחד","(32.011739, 34.7630783)"
6600,חולון,120,"לבון פנחס,3 ","בי""ס בן צבי","(32.0091368, 34.7717343)"
6600,חולון,121,"רבין יצחק,20 ","חט""ב קציר - בנין א חטיבה","(32.0027281, 34.7706063)"
6600,חולון,122,"רבין יצחק,20 ","חט""ב קציר - בנין א חטיבה","(32.0027281, 34.7706063)"
6600,חולון,123,"גבעת התחמושת,35 ","בי""ס ניצנים","(32.0058534, 34.790244)"
6600,חולון,124,"גבעת התחמושת,35 ","בי""ס ניצנים","(32.0058534, 34.790244)"
6600,חולון,125,"הסנהדרין,31 ",לזרוס מועדון הגמלאים,"(32.0035526, 34.7628763)"
6600,חולון,126,"הסנהדרין,31 ",לזרוס מועדון הגמלאים,"(32.0035526, 34.7628763)"
6600,חולון,127,"הסנהדרין,31 ",לזרוס מועדון הגמלאים,"(32.0035526, 34.7628763)"
6600,חולון,128,"החי""ל,16 ","בי""ס גורדון","(32.0132529, 34.7688038)"
6600,חולון,129,"החי""ל,16 ","בי""ס גורדון","(32.0132529, 34.7688038)"
6600,חולון,130,"ברקת ראובן,11 ",גולדטק,"(32.0087355, 34.7742141)"
6600,חולון,131,"הערבה,8 ","בי""ס יחד","(32.011739, 34.7630783)"
6600,חולון,132,"ברקת ראובן,11 ",גולדטק,"(32.0087355, 34.7742141)"
6600,חולון,133,"הסנהדרין,27 ",מרכז קהילתי לזרוס,"(32.0043384, 34.7650328)"
6600,חולון,134,"עין גדי,16 ","בי""ס ממ""ד הראל","(32.0078539, 34.7627687)"
6600,חולון,135,"הערבה,8 ","בי""ס יחד","(32.011739, 34.7630783)"
6600,חולון,136,"הבקעה,3 ",חטיבת ביניים זלמן ארן - בנין ב,
6600,חולון,137,"אילת,60 ","בי""ס מיתרים","(32.0146774, 34.7649832)"
6600,חולון,138,"הבקעה,3 ",חטיבת ביניים זלמן ארן - בנין ב,
6600,חולון,139,"הבקעה,3 ",חטיבת ביניים זלמן ארן - בנין ב,
6600,חולון,140,"שער ציון,9 ","בי""ס ניב - בנין ראשי","(32.0096158, 34.7878968)"
6600,חולון,141,"שער האריות,16 ","בי""ס שער האריות","(32.0056506, 34.79481)"
6600,חולון,142,"גבעת התחמושת,23 ","בי""ס תיכון קרית שרת","(32.0058534, 34.790244)"
6600,חולון,143,"הבקעה,3 ",חטיבת ביניים זלמן ארן - בנין ב,
6600,חולון,144,"קרית שמונה,13 ","חט""ב אלון","(32.0049379, 34.7855912)"
6600,חולון,145,"שער ציון,9 ","בי""ס ניב - בנין ראשי","(32.0096158, 34.7878968)"
6600,חולון,146,"שער האריות,16 ","בי""ס שער האריות","(32.0056506, 34.79481)"
6600,חולון,147,"הבקעה,3 ",חטיבת ביניים זלמן ארן - בנין ג,
6600,חולון,148,"שער האריות,16 ","בי""ס שער האריות","(32.0056506, 34.79481)"
6600,חולון,149,"יום הכיפורים,14 ","בי""ס יסודי שרת","(32.0077778, 34.7885556)"
6600,חולון,150,"שער ציון,9 ","בי""ס ניב - בנין ראשי","(32.0096158, 34.7878968)"
6600,חולון,151,"שער ציון,9 ","בי""ס ניב - בנין ראשי","(32.0096158, 34.7878968)"
6600,חולון,152,"גבעת התחמושת,35 ","בי""ס ניצנים","(32.0058534, 34.790244)"
6600,חולון,153,"קרית שמונה,13 ","חט""ב אלון","(32.0049379, 34.7855912)"
6600,חולון,154,"גבעת התחמושת,35 ","בי""ס ניצנים","(32.0058534, 34.790244)"
6600,חולון,155,"ברקת ראובן,11 ",גולדטק,"(32.0087355, 34.7742141)"
6600,חולון,156,"לבון פנחס,3 ","בי""ס בן צבי","(32.0091368, 34.7717343)"
6600,חולון,157,"ברקת ראובן,11 ",גולדטק,"(32.0087355, 34.7742141)"
6600,חולון,158,"אחד במאי,56 ","בי""ס יסודי ע""ש ישעיהו","(32.0192496, 34.7692705)"
6600,חולון,159,"אחד במאי,56 ","בי""ס יסודי ע""ש ישעיהו","(32.0192496, 34.7692705)"
6600,חולון,160,"יום הכיפורים,14 ","בי""ס יסודי שרת","(32.0077778, 34.7885556)"
6600,חולון,161,"הבקעה,3 ",חטיבת ביניים זלמן ארן - בנין ג,
6600,חולון,162,"שער האריות,16 ","בי""ס שער האריות","(32.0056506, 34.79481)"
6600,חולון,163,"שער ציון,9 ","בי""ס ניב - צמוד לאולם ספורט","(32.0096158, 34.7878968)"
6600,חולון,164,"ביאליק,21 ","בי""ס ביאליק-כניסה ימנית","(32.0130918, 34.7722273)"
6600,חולון,165,"אחד העם,10 ","בי""ס שנקר - אולם ספורט","(32.0210594, 34.780372)"
6600,חולון,166,"הס משה,37 ","בי""ס הס","(32.0184892, 34.7834281)"
6600,חולון,167,"התבור,1 ","בי""ס התבור","(32.0200397, 34.7850256)"
6600,חולון,168,"שער ציון,9 ","בי""ס ניב - בנין ראשי","(32.0096158, 34.7878968)"
6600,חולון,169,"גבעת התחמושת,23 ","בי""ס תיכון קרית שרת","(32.0058534, 34.790244)"
6600,חולון,170,"גבעת התחמושת,23 ","בי""ס תיכון קרית שרת","(32.0058534, 34.790244)"
6600,חולון,171,"משעול דר,1 ","בי""ס אמירים",
6600,חולון,172,"גרינברג אורי צבי,6 ","בי""ס בן גוריון - מבנה ראשי","(31.9977002, 34.7666642)"
6600,חולון,173,"קרסל גצל,2 ",גימנסיה יצחק נבון,
6600,חולון,174,"גרינברג אורי צבי,6 ","בי""ס בן גוריון - מבנה ראשי","(31.9977002, 34.7666642)"
6600,חולון,175,"הסנהדרין,27 ",מרכז קהילתי לזרוס,"(32.0043384, 34.7650328)"
6600,חולון,176,"גרינברג אורי צבי,6 ","בי""ס בן גוריון - מבנה ראשי","(31.9977002, 34.7666642)"
6600,חולון,177,"משעול דר,1 ","בי""ס אמירים",
6600,חולון,178,"גרינברג אורי צבי,6 ","בי""ס בן גוריון - מבנה ראשי","(31.9977002, 34.7666642)"
6600,חולון,179,"מקלף מרדכי,1 ","בי""ס אשלים - קרית בן-גוריון","(31.9976596, 34.7699321)"
6600,חולון,180,"מקלף מרדכי,1 ","בי""ס אשלים - קרית בן-גוריון","(31.9976596, 34.7699321)"
6600,חולון,181,"קפלן,17 ","בי""ס כצנלסון-אולם ספורט","(32.018378, 34.8084363)"
6600,חולון,182,"ברקן,18 ","בי""ס הרצוג","(32.030336, 34.7631859)"
6600,חולון,183,"ש""ץ צבי,29 ","מתנ""ס וולפסון","(32.0266541, 34.7688523)"
6600,חולון,184,"חזית חמש,2 ","בי""ס המגינים","(32.027825, 34.7621813)"
6600,חולון,185,"התבור,1 ","בי""ס התבור","(32.0200397, 34.7850256)"
6600,חולון,186,"ארן זלמן,4 ","בי""ס דינור","(32.0166784, 34.767212)"
6600,חולון,187,"משעול דר,1 ","בי""ס אמירים",
6600,חולון,188,"מקלף מרדכי,1 ","בי""ס אשלים - קרית בן-גוריון","(31.9976596, 34.7699321)"
6600,חולון,189,"משעול דר,1 ","בי""ס אמירים",
6600,חולון,190,"קרסל גצל,2 ",גימנסיה יצחק נבון,
6600,חולון,191,"אחד במאי,56 ","בי""ס יסודי ע""ש ישעיהו","(32.0192496, 34.7692705)"
6600,חולון,192,"לבון פנחס,3 ","בי""ס בן צבי","(32.0091368, 34.7717343)"
6600,חולון,193,"קדושי קהיר,18 ","בי""ס שזר","(32.0161269, 34.7632684)"
6600,חולון,194,"אחד במאי,56 ","בי""ס יסודי ע""ש ישעיהו","(32.0192496, 34.7692705)"
6600,חולון,195,"לבון פנחס,3 ","בי""ס בן צבי","(32.0091368, 34.7717343)"
6600,חולון,197,"ההסתדרות,20 ","תיכון ""עתידים"" - מבנה יבילים","(32.0177518, 34.7685083)"
6600,חולון,198,"אחד במאי,56 ","בי""ס יסודי ע""ש ישעיהו","(32.0192496, 34.7692705)"
6600,חולון,199,"הסנהדרין,27 ",מרכז קהילתי לזרוס,"(32.0043384, 34.7650328)"
6600,חולון,200,"קרסל גצל,2 ",גימנסיה יצחק נבון,
6600,חולון,201,"ביאליק,21 ","בי""ס ביאליק-כניסה שמאלית","(32.0130918, 34.7722273)"
6600,חולון,202,"מקלף מרדכי,1 ","בי""ס אשלים - קרית בן-גוריון","(31.9976596, 34.7699321)"
6600,חולון,203,"מקלף מרדכי,1 ","בי""ס אשלים - קרית בן-גוריון","(31.9976596, 34.7699321)"
6600,חולון,204,"קפלן,17 ","בי""ס כצנלסון-אולם ספורט","(32.018378, 34.8084363)"
6600,חולון,205,"שער האריות,16 ","בי""ס שער האריות","(32.0056506, 34.79481)"
6600,חולון,206,"שער ציון,9 ","בי""ס ניב - בנין ראשי","(32.0096158, 34.7878968)"
6600,חולון,207,"יום הכיפורים,14 ","בי""ס יסודי שרת","(32.0077778, 34.7885556)"
6600,חולון,208,"יום הכיפורים,14 ","בי""ס יסודי שרת","(32.0077778, 34.7885556)"
6600,חולון,209,"גבעת התחמושת,23 ","בי""ס תיכון קרית שרת","(32.0058534, 34.790244)"
6600,חולון,210,"קרית שמונה,13 ","חט""ב אלון","(32.0049379, 34.7855912)"
6600,חולון,211,"שער ציון,9 ","בי""ס ניב - צמוד לאולם ספורט","(32.0096158, 34.7878968)"
6600,חולון,212,"ברקן,18 ","בי""ס הרצוג","(32.030336, 34.7631859)"
6600,חולון,213,"רבין יצחק,20 ","חט""ב קציר - בנין א חטיבה","(32.0027281, 34.7706063)"
6600,חולון,215,"חנקין,109 ",מכללת חנקין,"(32.0132725, 34.7783649)"
6600,חולון,216,"הסיגלון,20 ","בי""ס ממ""ד תורני דביר","(32.0140669, 34.7825172)"
6600,חולון,217,"מוטה גור,6 ",תיכון קוגל,"(32.0082258, 34.7839078)"
6600,חולון,218,"מוטה גור,6 ",תיכון קוגל,"(32.0082258, 34.7839078)"
6600,חולון,219,"דרורי אמיר,3 ","בי""ס ע""ש יצחק שמיר","(32.0061293, 34.7809701)"
6600,חולון,220,"גרינברג אורי צבי,6 ","בי""ס בן גוריון - מבנה ראשי","(31.9977002, 34.7666642)"
6600,חולון,221,"גרינברג אורי צבי,6 ","בי""ס בן גוריון - אולם ספורט","(31.9977002, 34.7666642)"
6600,חולון,222,"גרינברג אורי צבי,6 ","בי""ס בן גוריון - אולם ספורט","(31.9977002, 34.7666642)"
6600,חולון,223,"פיכמן,18 ",המרכז לחינוך טכנולוגי,"(32.0144526, 34.7748967)"
6600,חולון,224,"ברקן,18 ","בי""ס הרצוג - אולם ספורט","(32.030336, 34.7631859)"
6600,חולון,225,"חזית חמש,2 ","בי""ס המגינים","(32.027825, 34.7621813)"
6600,חולון,226,"פילדלפיה,6 ","בי""ס עלומים - אולם ספורט","(32.0275781, 34.7625626)"
6600,חולון,227,"חזית חמש,2 ","בי""ס המגינים","(32.027825, 34.7621813)"
6600,חולון,228,"עין גדי,16 ","בי""ס ממ""ד הראל","(32.0078539, 34.7627687)"
6600,חולון,229,"דרורי אמיר,3 ","בי""ס ע""ש יצחק שמיר","(32.0061293, 34.7809701)"
6600,חולון,230,"הסנהדרין,27 ",מרכז קהילתי לזרוס,"(32.0043384, 34.7650328)"
6600,חולון,231,"הסנהדרין,27 ",מרכז קהילתי לזרוס,"(32.0043384, 34.7650328)"
6600,חולון,232,"קרסל גצל,2 ",גימנסיה יצחק נבון,
6600,חולון,233,"ברקן,18 ","בי""ס הרצוג","(32.030336, 34.7631859)"
6600,חולון,234,"קפלן,17 ","בי""ס כצנלסון-אולם ספורט","(32.018378, 34.8084363)"
6600,חולון,235,"רבין יצחק,20 ",היכל ספורט קציר,"(32.0027281, 34.7706063)"
6600,חולון,236,"רבין יצחק,20 ","חט""ב קציר - בנין א חטיבה","(32.0027281, 34.7706063)"
6600,חולון,237,"שער ציון,9 ","בי""ס ניב - צמוד לאולם ספורט","(32.0096158, 34.7878968)"
6600,חולון,238,"הסנהדרין,27 ",מרכז קהילתי לזרוס,"(32.0043384, 34.7650328)"
6600,חולון,239,"השומר,21 ","בי""ס רביבים-בנין ב","(32.0278509, 34.7787224)"
6600,חולון,240,"דרורי אמיר,3 ","בי""ס ע""ש יצחק שמיר","(32.0061293, 34.7809701)"
6600,חולון,241,"מוטה גור,6 ",תיכון קוגל,"(32.0082258, 34.7839078)"
6600,חולון,242,"הסנהדרין,27 ",מרכז קהילתי לזרוס,"(32.0043384, 34.7650328)"
6600,חולון,243,"ברקת ראובן,28 ","בי""ס בית דוד בנות","(32.0093074, 34.774592)"
6600,חולון,244,"גבעת התחמושת,23 ","בי""ס תיכון קרית שרת","(32.0058534, 34.790244)"
6600,חולון,245,"משעול דר,1 ","בי""ס אמירים",
6600,חולון,246,"ש""ץ צבי,50 ","בי""ס בני מנחם חב""ד","(32.0266541, 34.7688523)"
6600,חולון,247,"מקלף מרדכי,1 ","בי""ס אשלים - קרית בן-גוריון","(31.9976596, 34.7699321)"
6600,חולון,248,"אילון פנחס,20 ","בי""ס אריאל שרון-כניסה שמאלית","(32.0089663, 34.7881593)"
6600,חולון,249,"ברקן,18 ","בי""ס הרצוג - אולם ספורט","(32.030336, 34.7631859)"
6600,חולון,251,"מוטה גור,6 ",תיכון קוגל,"(32.0082258, 34.7839078)"
6600,חולון,252,"דרורי אמיר,3 ","בי""ס ע""ש יצחק שמיר","(32.0061293, 34.7809701)"
6600,חולון,253,"אילון פנחס,20 ","בי""ס אריאל שרון-כניסה שמאלית","(32.0089663, 34.7881593)"
6600,חולון,254,"ברקת ראובן,28 ","בי""ס בית דוד בנות","(32.0093074, 34.774592)"
6600,חולון,255,"אילון פנחס,20 ","בי""ס אריאל שרון-כניסה שמאלית","(32.0089663, 34.7881593)"
6600,חולון,256,"רבין יצחק,20 ","חט""ב קציר - בנין א חטיבה","(32.0027281, 34.7706063)"
6600,חולון,257,"הסיגלון,20 ","בי""ס ממ""ד תורני דביר","(32.0140669, 34.7825172)"
6600,חולון,258,"דרורי אמיר,3 ","בי""ס ע""ש יצחק שמיר","(32.0061293, 34.7809701)"
6600,חולון,259,"אילון פנחס,20 ","בי""ס אריאל שרון-כניסה שמאלית","(32.0089663, 34.7881593)"
6600,חולון,260,"ש""ץ צבי,29 ","מתנ""ס וולפסון","(32.0266541, 34.7688523)"
6600,חולון,261,"ברקת ראובן,28 ","בי""ס בית דוד בנות","(32.0093074, 34.774592)"
6600,חולון,262,"אילון פנחס,20 ","בי""ס אריאל שרון-כניסה שמאלית","(32.0089663, 34.7881593)"
6600,חולון,263,"חנקין,109 ",מכללת חנקין,"(32.0132725, 34.7783649)"
6600,חולון,264,"רבין יצחק,20 ",היכל ספורט קציר,"(32.0027281, 34.7706063)"
6600,חולון,265,"פיכמן,18 ",המרכז לחינוך טכנולוגי,"(32.0144526, 34.7748967)"
6600,חולון,266,"דרורי אמיר,3 ","בי""ס ע""ש יצחק שמיר","(32.0061293, 34.7809701)"
6600,חולון,267,"אילון פנחס,20 ","בי""ס אריאל שרון-כניסה שמאלית","(32.0089663, 34.7881593)"
6600,חולון,268,"פיכמן,18 ",המרכז לחינוך טכנולוגי,"(32.0144526, 34.7748967)"
6600,חולון,269,"אילון פנחס,20 ","בי""ס אריאל שרון-כניסה שמאלית","(32.0089663, 34.7881593)"
6600,חולון,270,"בן יהודה,7 ","בי""ס ישורון","(32.0235231, 34.7798994)"
6600,חולון,950,"יעבץ,8 ","בי""ס תיכון יבנה - שש שנתי","(32.0206737, 34.7909672)"
6600,חולון,951,"יעבץ,8 ","בי""ס תיכון יבנה - שש שנתי","(32.0206737, 34.7909672)"
6600,חולון,952,"גבעת התחמושת,23 ","בי""ס תיכון קרית שרת","(32.0058534, 34.790244)"
6600,חולון,953,"מוטה גור,6 ",תיכון קוגל,"(32.0082258, 34.7839078)"
6600,חולון,955,"רבין יצחק,20 ",היכל ספורט קציר,"(32.0027281, 34.7706063)"
6600,חולון,956,"ברקת ראובן,28 ","בי""ס בית דוד בנות","(32.0093074, 34.774592)"
6600,חולון,957,"הסיגלון,12 ","מרכז קהילתי ""נאות שושנים""","(32.0140669, 34.7825172)"
6600,חולון,958,"יעבץ,8 ","בי""ס תיכון יבנה - שש שנתי","(32.0206737, 34.7909672)"
6600,חולון,959,"יעבץ,8 ","בי""ס תיכון יבנה - שש שנתי","(32.0206737, 34.7909672)"
6600,חולון,990,"ביאליק,21 ","בי""ס ביאליק-כניסה ימנית","(32.0130918, 34.7722273)"
22,מקווה ישראל,1,מקווה ישראל,חדר הספריה,"(32.062716, 34.77689)"
2620,קרית אונו,1,"שד קרן קימת,45 ",מועדון גלבוע,
2620,קרית אונו,2,"שד קרן קימת,45 ",מועדון גלבוע,
2620,קרית אונו,3,"פנקס,38 ","בי""ס ממ""ד שילה","(32.0638896, 34.8520229)"
2620,קרית אונו,4,"פנקס,38 ","בי""ס ממ""ד שילה","(32.0638896, 34.8520229)"
2620,קרית אונו,5,"יהודה המכבי,2 ","בי""ס ניר","(32.0611578, 34.8551113)"
2620,קרית אונו,6,"מונטיפיורי,22 ",גן ילדים מונטיפיורי,"(32.0626141, 34.8593451)"
2620,קרית אונו,7,"עגנון,13 ",מחלקת רווחת הגימלאים,"(32.0589717, 34.8647498)"
2620,קרית אונו,8,"יהודה המכבי,2 ","בי""ס ניר","(32.0611578, 34.8551113)"
2620,קרית אונו,9,"המעגל,56 ",גן תות,"(32.0486091, 34.8650959)"
2620,קרית אונו,10,"הזית,1 ","בי""ס שרת","(32.0529631, 34.8619806)"
2620,קרית אונו,11,"הזית,1 ","בי""ס שרת","(32.0529631, 34.8619806)"
2620,קרית אונו,12,"הזית,1 ","בי""ס שרת","(32.0529631, 34.8619806)"
2620,קרית אונו,13,"הזית,1 ","בי""ס שרת","(32.0529631, 34.8619806)"
2620,קרית אונו,14,"יהודה המכבי,2 ","בי""ס ניר","(32.0611578, 34.8551113)"
2620,קרית אונו,15,"רבין יצחק,11 ","בית ספר ע""ש יעקב כהן""הפסגה""","(32.0643124, 34.8615667)"
2620,קרית אונו,16,הזמיר,"בי""ס שזר חדש","(32.057626, 34.8595051)"
2620,קרית אונו,17,"בר יהודה,22 ","בי""ס רימונים","(32.0550376, 34.8662153)"
2620,קרית אונו,18,"בר יהודה,22 ","בי""ס רימונים","(32.0550376, 34.8662153)"
2620,קרית אונו,19,"בר יהודה,22 ","בי""ס רימונים","(32.0550376, 34.8662153)"
2620,קרית אונו,20,"נחל גמלא,10 ","בי""ס ע""ש אביגדור ורשה","(32.0518298, 34.856575)"
2620,קרית אונו,21,"הזית,1 ","בי""ס שרת","(32.0529631, 34.8619806)"
2620,קרית אונו,22,הזמיר,ביס בן-צבי חט' ביניים (פ. י-ם),"(32.057626, 34.8595051)"
2620,קרית אונו,23,הזמיר,ביס בן-צבי חט' ביניים (פ. י-ם),"(32.057626, 34.8595051)"
2620,קרית אונו,24,"מונטיפיורי,22 ",גן ילדים מונטיפיורי,"(32.0626141, 34.8593451)"
2620,קרית אונו,25,"עגנון,13 ",מחלקת רווחת הגימלאים,"(32.0589717, 34.8647498)"
2620,קרית אונו,26,"בר יהודה,22 ","בי""ס רימונים","(32.0550376, 34.8662153)"
2620,קרית אונו,27,הזמיר,"בי""ס שזר חדש","(32.057626, 34.8595051)"
2620,קרית אונו,28,"הרצל,66 ",בית נועם,"(32.0653696, 34.8534415)"
2620,קרית אונו,29,"הרצל,66 ",בית נועם,"(32.0653696, 34.8534415)"
2620,קרית אונו,30,"רבין יצחק,11 ","בית ספר ע""ש יעקב כהן""הפסגה""","(32.0643124, 34.8615667)"
2620,קרית אונו,31,"הזית,1 ","בי""ס שרת","(32.0529631, 34.8619806)"
2620,קרית אונו,32,"המעגל,56 ",גן שקד,"(32.0486091, 34.8650959)"
2620,קרית אונו,33,"עגנון,13 ",מחלקת רווחת הגימלאים,"(32.0589717, 34.8647498)"
2620,קרית אונו,34,"רבין יצחק,11 ","בית ספר ע""ש יעקב כהן""הפסגה""","(32.0643124, 34.8615667)"
2620,קרית אונו,35,סנה משה,גן ילדים -גני אילן,"(32.0650221, 34.8466179)"
2620,קרית אונו,36,"ירושלים,11 ","בי""ס יהלום","(32.0577723, 34.8610586)"
2620,קרית אונו,37,סנה משה,גן ילדים -גני אילן,"(32.0650221, 34.8466179)"
2620,קרית אונו,38,"רבין יצחק,11 ","בית ספר ע""ש יעקב כהן""הפסגה""","(32.0643124, 34.8615667)"
2620,קרית אונו,39,"רבין יצחק,11 ","בית ספר ע""ש יעקב כהן""הפסגה""","(32.0643124, 34.8615667)"
2620,קרית אונו,40,הזמיר,תפוח פייס,"(32.057626, 34.8595051)"
2620,קרית אונו,41,הפרדס,"בי""ס עלומים","(32.0569126, 34.8552108)"
2620,קרית אונו,42,"רבין יצחק,11 ","בית ספר ע""ש יעקב כהן""הפסגה""","(32.0643124, 34.8615667)"
2620,קרית אונו,43,"נחל גמלא,10 ","בי""ס ע""ש אביגדור ורשה","(32.0518298, 34.856575)"
2620,קרית אונו,44,הזמיר,תפוח פייס,"(32.057626, 34.8595051)"
2620,קרית אונו,45,"נחל גמלא,10 ","בי""ס ע""ש אביגדור ורשה","(32.0518298, 34.856575)"
2620,קרית אונו,46,סנה משה,גן ילדים -גני אילן,"(32.0650221, 34.8466179)"
2620,קרית אונו,47,הזמיר,"בי""ס שזר חדש","(32.057626, 34.8595051)"
2620,קרית אונו,48,"בר יהודה,22 ","בי""ס רימונים","(32.0550376, 34.8662153)"
2620,קרית אונו,950,"נחל גמלא,10 ","בי""ס ע""ש אביגדור ורשה","(32.0518298, 34.856575)"
2620,קרית אונו,951,הפרדס,"בי""ס עלומים","(32.0569126, 34.8552108)"
2620,קרית אונו,952,"נחל גמלא,10 ","בי""ס ע""ש אביגדור ורשה","(32.0518298, 34.856575)"
2620,קרית אונו,990,"פנקס,38 ","בי""ס ממ""ד שילה","(32.0638896, 34.8520229)"
819,אביגדור,1,אביגדור,חדר תרבות,"(31.711082, 34.744586)"
400,אבן שמואל,1,אבן שמואל,בית התרבות,"(31.7254155, 35.2261)"
400,אבן שמואל,2,אבן שמואל,בית התרבות,"(31.7254155, 35.2261)"
67,אור הנר,1,אור הנר,בית-התרבות -בית מרדכי,"(31.555374, 34.6104378)"
2012,אורות,1,אורות,ספריה,
1157,אחווה,1,אחווה,מקלט מוגן,"(32.7793248, 35.5421909)"
821,אחוזם,1,אחוזם,מועדון אחוזם,
338,איבים,1,איבים,כפר עולים,"(31.5352003, 34.609206)"
37,איתן,1,איתן,מועדון,"(31.57511, 34.74992)"
1339,אל-עזי,1,אל-עזי,מזכירות - חדר ישיבות,"(31.7185026, 34.8138731)"
1145,אלומה,1,אלומה,"בי""ס חזון יעקב","(31.651214, 34.743265)"
1365,אליאב,1,אליאב,אולם אירועים,"(31.529698, 34.927885)"
772,אמונים,1,אמונים,מרכז קהילתי,
23,אמציה,1,אמציה,מועדון,
714,ארז,1,ארז,חדר ישיבות גדול במועדון,"(31.560714, 34.566109)"
70,אשדוד,1,"אורט,3 ",בית ספר עלית שובו,"(31.8129036, 34.6479592)"
70,אשדוד,2,"הארז,6 ",בית ספר גאולים,"(31.8058015, 34.6426556)"
70,אשדוד,3,"הארז,6 ",בית ספר גאולים,"(31.8058015, 34.6426556)"
70,אשדוד,4,"סיני,25 ","מתנ""ס קהילתי עוזיאל","(31.8040271, 34.6458353)"
70,אשדוד,5,"יאיר,3 ","בי""ס אילנות","(31.8125649, 34.6459036)"
70,אשדוד,6,"הארז,6 ",בית ספר גאולים,"(31.8058015, 34.6426556)"
70,אשדוד,7,"יאיר,3 ","בי""ס אילנות","(31.8125649, 34.6459036)"
70,אשדוד,8,"ההסתדרות,8 ",בית הקשיש,"(31.809388, 34.6488298)"
70,אשדוד,9,מורדי הגטאות,"בי""ס תיכון מקיף א","(31.8049153, 34.659777)"
70,אשדוד,10,"הרב קוק,4 ","בי""ס אחדות","(31.8086981, 34.6540381)"
70,אשדוד,11,"אבן גבירול,6 ","בי""ס מוריה","(31.8067364, 34.6556645)"
70,אשדוד,12,הנשיא ויצמן,"מתנ""ס קופף","(31.8023552, 34.6541197)"
70,אשדוד,13,סולד הנריטה,"בי""ס ניר",
70,אשדוד,14,"המעפילים,21 ","מתנ""ס תקוותינו","(31.8059253, 34.6503122)"
70,אשדוד,15,"סטרומה,5 ","מועדון אנ""א","(31.8042864, 34.6504874)"
70,אשדוד,16,"אלבז נתן,19 ","מתנ""ס בית לברון - אגף התרבות","(31.7924872, 34.6517954)"
70,אשדוד,17,"ההסתדרות,8 ",בית הקשיש,"(31.809388, 34.6488298)"
70,אשדוד,18,חטיבת הנגב,"בי""ס ממ""ד מירון","(31.8019409, 34.6640555)"
70,אשדוד,19,"סיני,25 ","מתנ""ס קהילתי עוזיאל","(31.8040271, 34.6458353)"
70,אשדוד,20,"ההסתדרות,19 ",בית ילדים נווה גלים,"(31.809388, 34.6488298)"
70,אשדוד,21,"ביאליק,10 ","בי""ס מקיף ד","(31.7975184, 34.6455291)"
70,אשדוד,22,"אבן גבירול,6 ","בי""ס מוריה","(31.8067364, 34.6556645)"
70,אשדוד,23,"הארז,6 ",בית ספר גאולים,"(31.8058015, 34.6426556)"
70,אשדוד,24,שפירא אברהם,"בי""ס הראל","(31.794523, 34.6590633)"
70,אשדוד,25,"אלבז נתן,19 ","מתנ""ס בית לברון - אגף התרבות","(31.7924872, 34.6517954)"
70,אשדוד,26,בן יוסף שלמה,"בי""ס יד שבתאי","(31.7940108, 34.6567111)"
70,אשדוד,27,"האצ""ל,7 ",מרכז קהילתי אחווה,"(31.8091465, 34.6442824)"
70,אשדוד,28,הראשונים,בית חינוך לעיוורים - בית-מינה,"(31.8077415, 34.6464923)"
70,אשדוד,29,סולד הנריטה,"בי""ס ניר",
70,אשדוד,30,"שד עוזיהו,26 ","מתנ""ס ג' נווה יהונתן",
70,אשדוד,31,שד עוזיהו,"בי""ס עלומים",
70,אשדוד,32,חטיבת הנגב,"בי""ס ממ""ד מירון","(31.8019409, 34.6640555)"
70,אשדוד,33,שד עוזיהו,"בי""ס עלומים",
70,אשדוד,34,"חטיבת הנגב,30 ",בית מלכה - מרכז חינוכי לבנות,"(31.8019409, 34.6640555)"
70,אשדוד,35,חטיבת הנגב,"בי""ס ממ""ד מירון","(31.8019409, 34.6640555)"
70,אשדוד,36,"אורט,3 ",בית ספר עלית שובו,"(31.8129036, 34.6479592)"
70,אשדוד,37,חטיבת הנגב,"בי""ס ממ""ד מירון","(31.8019409, 34.6640555)"
70,אשדוד,38,"האצ""ל,7 ",מרכז קהילתי אחווה,"(31.8091465, 34.6442824)"
70,אשדוד,39,"הרב קוק,4 ","בי""ס אחדות","(31.8086981, 34.6540381)"
70,אשדוד,40,"סיני,25 ","מתנ""ס קהילתי עוזיאל","(31.8040271, 34.6458353)"
70,אשדוד,41,"הרב קוק,4 ","בי""ס אחדות","(31.8086981, 34.6540381)"
70,אשדוד,42,"סיני,25 ","מתנ""ס קהילתי עוזיאל","(31.8040271, 34.6458353)"
70,אשדוד,43,"הרב קוק,4 ","בי""ס אחדות","(31.8086981, 34.6540381)"
70,אשדוד,44,"חטיבת הנגב,30 ",בית מלכה - מרכז חינוכי לבנות,"(31.8019409, 34.6640555)"
70,אשדוד,45,"המפרש,15 ","בי""ס שחר","(31.8034685, 34.6408315)"
70,אשדוד,46,"הרב שאולי,8 ","בי""ס לקידום נוער","(31.7959006, 34.6416486)"
70,אשדוד,47,שפירא אברהם,"בי""ס הראל","(31.794523, 34.6590633)"
70,אשדוד,48,"מיכשוילי,17 ","בי""ס שילה",
70,אשדוד,49,"מיכשוילי,17 ","בי""ס שילה",
70,אשדוד,50,"אלבז נתן,19 ","מתנ""ס בית לברון - אגף התרבות","(31.7924872, 34.6517954)"
70,אשדוד,51,שפירא אברהם,"בי""ס הראל","(31.794523, 34.6590633)"
70,אשדוד,52,שפירא אברהם,"בי""ס הראל","(31.794523, 34.6590633)"
70,אשדוד,53,"שמואל הנגיד,9 ","בי""ס שזר","(31.8000542, 34.648899)"
70,אשדוד,54,"אבן עזרא,16 ","בי""ס רננים","(31.7994798, 34.6501973)"
70,אשדוד,55,"טשרניחובסקי,1 ","בי""ס חזון יעקב","(31.7962468, 34.6498363)"
70,אשדוד,56,"אבן עזרא,16 ","בי""ס רננים","(31.7994798, 34.6501973)"
70,אשדוד,57,"אבן עזרא,16 ","בי""ס רננים","(31.7994798, 34.6501973)"
70,אשדוד,58,בוסקילה יצחק,"בי""ס ממ""ד עמלני מעלות","(31.7980713, 34.6639828)"
70,אשדוד,59,בוסקילה יצחק,"בי""ס ממ""ד עמלני מעלות","(31.7980713, 34.6639828)"
70,אשדוד,60,"חטיבת הנגב,30 ",בית מלכה - מרכז חינוכי לבנות,"(31.8019409, 34.6640555)"
70,אשדוד,61,"סטרומה,5 ","מועדון אנ""א","(31.8042864, 34.6504874)"
70,אשדוד,62,"שד עוזיהו,26 ","מתנ""ס ג' נווה יהונתן",
70,אשדוד,63,בוסקילה יצחק,"בי""ס ממ""ד עמלני מעלות","(31.7980713, 34.6639828)"
70,אשדוד,64,"טשרניחובסקי,1 ","בי""ס חזון יעקב","(31.7962468, 34.6498363)"
70,אשדוד,65,"טשרניחובסקי,1 ","בי""ס חזון יעקב","(31.7962468, 34.6498363)"
70,אשדוד,66,"ביאליק,10 ","בי""ס מקיף ד","(31.7975184, 34.6455291)"
70,אשדוד,67,"שמואל הנגיד,9 ","בי""ס שזר","(31.8000542, 34.648899)"
70,אשדוד,68,"קרן היסוד,12 ",מועדון גימלאי העיריה,"(31.7958267, 34.6401611)"
70,אשדוד,69,"חטיבת הנגב,30 ",בית מלכה - מרכז חינוכי לבנות,"(31.8019409, 34.6640555)"
70,אשדוד,70,"אלבז נתן,19 ","מתנ""ס בית לברון - אגף התרבות","(31.7924872, 34.6517954)"
70,אשדוד,71,"מיכשוילי,17 ","בי""ס שילה",
70,אשדוד,72,בן יוסף שלמה,"בי""ס יד שבתאי","(31.7940108, 34.6567111)"
70,אשדוד,73,"מיכשוילי,17 ","בי""ס שילה",
70,אשדוד,74,בן יוסף שלמה,"בי""ס יד שבתאי","(31.7940108, 34.6567111)"
70,אשדוד,75,"אלבז נתן,19 ","מתנ""ס בית לברון - אגף התרבות","(31.7924872, 34.6517954)"
70,אשדוד,76,"שמואל הנגיד,9 ","בי""ס שזר","(31.8000542, 34.648899)"
70,אשדוד,77,"שמואל הנגיד,9 ","בי""ס שזר","(31.8000542, 34.648899)"
70,אשדוד,79,"אבן עזרא,16 ","בי""ס רננים","(31.7994798, 34.6501973)"
70,אשדוד,80,"ביאליק,10 ","בי""ס מקיף ד","(31.7975184, 34.6455291)"
70,אשדוד,81,"ביאליק,10 ","בי""ס מקיף ד","(31.7975184, 34.6455291)"
70,אשדוד,82,"הרב שאולי,8 ","בי""ס ארזים","(31.7959006, 34.6416486)"
70,אשדוד,83,ארן זלמן,"בי""ס קהילתי רעים","(31.8025059, 34.6461202)"
70,אשדוד,84,ארן זלמן,"בי""ס קהילתי רעים","(31.8025059, 34.6461202)"
70,אשדוד,85,ארן זלמן,"בי""ס קהילתי רעים","(31.8025059, 34.6461202)"
70,אשדוד,86,"הרב שאולי,8 ","בי""ס ארזים","(31.7959006, 34.6416486)"
70,אשדוד,87,"קרן היסוד,16 ",מתנס ד,"(31.7958267, 34.6401611)"
70,אשדוד,88,"הרב שאולי,8 ","בי""ס לקידום נוער","(31.7959006, 34.6416486)"
70,אשדוד,89,"חרמון,7 ","בי""ס מקיף ו'","(31.7743069, 34.6327585)"
70,אשדוד,90,"המפרש,15 ","בי""ס שחר","(31.8034685, 34.6408315)"
70,אשדוד,91,הצוללים,"בי""ס מקיף ג","(31.7969027, 34.6392846)"
70,אשדוד,92,"המפרש,15 ","בי""ס שחר","(31.8034685, 34.6408315)"
70,אשדוד,93,"הרב שאולי,8 ","בי""ס לקידום נוער","(31.7959006, 34.6416486)"
70,אשדוד,94,"מבוא השרביטן,8 ","בי""ס נועם","(31.7882108, 34.6539711)"
70,אשדוד,95,"מבוא השרביטן,8 ","בי""ס נועם","(31.7882108, 34.6539711)"
70,אשדוד,96,"הכלנית,19 ","בי""ס לבנות","(31.783933, 34.6552406)"
70,אשדוד,97,"מבוא השרביטן,8 ","בי""ס נועם","(31.7882108, 34.6539711)"
70,אשדוד,98,"הרותם,33 ","בי""ס ממלכתי צמח","(31.7894358, 34.6509183)"
70,אשדוד,99,"הסייפן,5 ",מועדון הקשיש רובע ח',"(31.7849295, 34.6519234)"
70,אשדוד,100,"המפרש,15 ","בי""ס שחר","(31.8034685, 34.6408315)"
70,אשדוד,101,"הכלנית,19 ","בי""ס לבנות","(31.783933, 34.6552406)"
70,אשדוד,102,"הרי גולן,2 ","בי""ס ממ""ד הרא""ה","(31.7833502, 34.6319146)"
70,אשדוד,103,"הרי גולן,2 ","בי""ס ממ""ד הרא""ה","(31.7833502, 34.6319146)"
70,אשדוד,104,"חרמון,1 ","בי""ס צפרירים","(31.7743069, 34.6327585)"
70,אשדוד,105,"חרמון,1 ","בי""ס צפרירים","(31.7743069, 34.6327585)"
70,אשדוד,106,"חרמון,7 ","בי""ס מקיף ו'","(31.7743069, 34.6327585)"
70,אשדוד,107,"חרמון,7 ","בי""ס מקיף ו'","(31.7743069, 34.6327585)"
70,אשדוד,108,"נחל שניר,1 ","חט""ב - מקיף דתי י'","(31.7812903, 34.6337332)"
70,אשדוד,109,"הרי גולן,4 ","בי""ס חופית","(31.7834507, 34.6324979)"
70,אשדוד,110,"חרמון,7 ","בי""ס מקיף ו'","(31.7743069, 34.6327585)"
70,אשדוד,111,ארן זלמן,"בי""ס קהילתי רעים","(31.8025059, 34.6461202)"
70,אשדוד,112,ארן זלמן,"בי""ס קהילתי רעים","(31.8025059, 34.6461202)"
70,אשדוד,113,"חרמון,1 ","בי""ס צפרירים","(31.7743069, 34.6327585)"
70,אשדוד,114,"נחל שניר,1 ","חט""ב - מקיף דתי י'","(31.7812903, 34.6337332)"
70,אשדוד,115,"הרותם,33 ","בי""ס ממלכתי צמח","(31.7894358, 34.6509183)"
70,אשדוד,116,"קרן היסוד,16 ",מתנס ד,"(31.7958267, 34.6401611)"
70,אשדוד,117,הצוללים,"בי""ס מקיף ג","(31.7969027, 34.6392846)"
70,אשדוד,118,"שד הפרחים,18 ","מתנ""ס חרצית",
70,אשדוד,119,"הר כנען,1 ","בי""ס נוף ים","(31.7804857, 34.6305062)"
70,אשדוד,120,"הרי גולן,2 ","בי""ס ממ""ד הרא""ה","(31.7833502, 34.6319146)"
70,אשדוד,121,שד רוטשילד,"בי""ס אופק",
70,אשדוד,122,"סירקין נחמן,2 ","בי""ס יסודי ממלכתי ""רבין""","(31.7714316, 34.6347512)"
70,אשדוד,123,שד רוטשילד,"בי""ס אופק",
70,אשדוד,124,"ראש פינה,13 ","בי""ס ממ""ד דביר","(31.7835191, 34.6602701)"
70,אשדוד,125,"פתח תקווה,10 ","בי""ס אשכול (ממלכתי ט')","(31.7839118, 34.6619389)"
70,אשדוד,126,"ראש פינה,13 ","בי""ס ממ""ד דביר","(31.7835191, 34.6602701)"
70,אשדוד,127,"פתח תקווה,10 ","בי""ס אשכול (ממלכתי ט')","(31.7839118, 34.6619389)"
70,אשדוד,128,"פתח תקווה,12 ",אולפנא תורנית מדעית לבנות,"(31.7839118, 34.6619389)"
70,אשדוד,129,"פתח תקווה,10 ","בי""ס אשכול (ממלכתי ט')","(31.7839118, 34.6619389)"
70,אשדוד,130,"פתח תקווה,12 ",אולפנא תורנית מדעית לבנות,"(31.7839118, 34.6619389)"
70,אשדוד,131,"קק""ל,9 ","בי""ס ממ""ד אריאל","(31.7840027, 34.646397)"
70,אשדוד,132,"קק""ל,9 ","בי""ס ממ""ד אריאל","(31.7840027, 34.646397)"
70,אשדוד,133,"קק""ל,9 ","בי""ס ממ""ד אריאל","(31.7840027, 34.646397)"
70,אשדוד,134,"ורדימון יצחק,6 ","בי""ס אלונים","(31.7813822, 34.6476268)"
70,אשדוד,135,"ורדימון יצחק,6 ","בי""ס אלונים","(31.7813822, 34.6476268)"
70,אשדוד,136,"המלך רחבעם,11 ","בי""ס שקד","(31.7777126, 34.642004)"
70,אשדוד,137,"המלך רחבעם,11 ","בי""ס שקד","(31.7777126, 34.642004)"
70,אשדוד,138,"קק""ל,90א",בית העולה - בית איתן,"(31.7782639, 34.6495797)"
70,אשדוד,139,"המלך שלמה,43 ","בי""ס ממ""ד חב""ד","(31.7766001, 34.6470757)"
70,אשדוד,140,ברק בן אבינועם,"בי""ס מקיף ח'","(31.774209, 34.641044)"
70,אשדוד,141,"אליעזר בן הורקנוס,18 ","בי""ס בית יעקב חסידי","(31.7908887, 34.6605642)"
70,אשדוד,142,ברק בן אבינועם,"בי""ס מקיף ח'","(31.774209, 34.641044)"
70,אשדוד,143,"המלך רחבעם,11 ","בי""ס שקד","(31.7777126, 34.642004)"
70,אשדוד,144,"המלך רחבעם,11 ","בי""ס שקד","(31.7777126, 34.642004)"
70,אשדוד,145,"המלך שלמה,27 ","בי""ס רתמים","(31.7766001, 34.6470757)"
70,אשדוד,146,"המלך שלמה,43 ","בי""ס ממ""ד חב""ד","(31.7766001, 34.6470757)"
70,אשדוד,147,"המלך שלמה,27 ","בי""ס רתמים","(31.7766001, 34.6470757)"
70,אשדוד,148,ברק בן אבינועם,"בי""ס מקיף ח'","(31.774209, 34.641044)"
70,אשדוד,149,"המלך שלמה,43 ","בי""ס ממ""ד חב""ד","(31.7766001, 34.6470757)"
70,אשדוד,150,"המלך שלמה,43 ","בי""ס ממ""ד חב""ד","(31.7766001, 34.6470757)"
70,אשדוד,151,"קק""ל,9 ","בי""ס ממ""ד אריאל","(31.7840027, 34.646397)"
70,אשדוד,152,"קק""ל,90א",בית העולה - בית איתן,"(31.7782639, 34.6495797)"
70,אשדוד,153,"ורדימון יצחק,6 ","בי""ס אלונים","(31.7813822, 34.6476268)"
70,אשדוד,154,"קק""ל,55 ","בי""ס אמירים","(31.7840027, 34.646397)"
70,אשדוד,155,"קק""ל,90 ",דיונה מרכז קהילתי רובעים י-יג,"(31.7782639, 34.6495797)"
70,אשדוד,156,"ורדימון יצחק,6 ","בי""ס אלונים","(31.7813822, 34.6476268)"
70,אשדוד,157,"המלך שלמה,27 ","בי""ס רתמים","(31.7766001, 34.6470757)"
70,אשדוד,158,"קק""ל,55 ","בי""ס אמירים","(31.7840027, 34.646397)"
70,אשדוד,159,"שד הפרחים,18 ","מתנ""ס חרצית",
70,אשדוד,160,"הכלנית,19 ","בי""ס לבנות","(31.783933, 34.6552406)"
70,אשדוד,161,"הסייפן,5 ",מועדון הקשיש רובע ח',"(31.7849295, 34.6519234)"
70,אשדוד,162,"הרותם,33 ","בי""ס ממלכתי צמח","(31.7894358, 34.6509183)"
70,אשדוד,163,"העצמאות,41 ",גן ענבל,"(31.7916453, 34.6478073)"
70,אשדוד,164,"העצמאות,7 ","בי""ס ממלכתי היובל","(31.79227, 34.6443124)"
70,אשדוד,165,"העצמאות,54 ",מרכז להשכלת מבוגרים (אופק),"(31.7888689, 34.644118)"
70,אשדוד,166,העצמאות,"בי""ס מקיף ז'","(31.7905611, 34.6474458)"
70,אשדוד,167,"העצמאות,54 ",מרכז להשכלת מבוגרים (אופק),"(31.7888689, 34.644118)"
70,אשדוד,168,"העצמאות,7 ","בי""ס ממלכתי היובל","(31.79227, 34.6443124)"
70,אשדוד,169,העצמאות,"בי""ס מקיף ז'","(31.7905611, 34.6474458)"
70,אשדוד,170,"הר כנען,1 ","בי""ס נוף ים","(31.7804857, 34.6305062)"
70,אשדוד,171,העצמאות,"בי""ס מקיף ז'","(31.7905611, 34.6474458)"
70,אשדוד,172,"הרי גולן,2 ","בי""ס ממ""ד הרא""ה","(31.7833502, 34.6319146)"
70,אשדוד,173,"הר כנען,1 ","בי""ס נוף ים","(31.7804857, 34.6305062)"
70,אשדוד,174,"חרמון,1 ","בי""ס צפרירים","(31.7743069, 34.6327585)"
70,אשדוד,175,"חרמון,1 ","בי""ס צפרירים","(31.7743069, 34.6327585)"
70,אשדוד,176,"הציונות,107 ","בי""ס יח""ד","(31.7853302, 34.6390773)"
70,אשדוד,177,"אבן עזרא,16 ","בי""ס רננים","(31.7994798, 34.6501973)"
70,אשדוד,178,"הר כנען,1 ","בי""ס נוף ים","(31.7804857, 34.6305062)"
70,אשדוד,179,"נחל שניר,1 ","חט""ב - מקיף דתי י'","(31.7812903, 34.6337332)"
70,אשדוד,180,"אליעזר בן הורקנוס,18 ","בי""ס בית יעקב חסידי","(31.7908887, 34.6605642)"
70,אשדוד,181,"אליעזר בן הורקנוס,18 ","בי""ס בית יעקב חסידי","(31.7908887, 34.6605642)"
70,אשדוד,182,"אליעזר בן הורקנוס,18 ","בי""ס בית יעקב חסידי","(31.7908887, 34.6605642)"
70,אשדוד,183,"רשב""י","בי""ס נאות אסתר","(31.7897896, 34.6613635)"
70,אשדוד,184,"רב ינאי,3 ",סמינר בנות - חסידי גור,"(31.7868081, 34.6674331)"
70,אשדוד,185,"רב ינאי,3 ",סמינר בנות - חסידי גור,"(31.7868081, 34.6674331)"
70,אשדוד,186,"רב ינאי,3 ",סמינר בנות - חסידי גור,"(31.7868081, 34.6674331)"
70,אשדוד,187,"רב ינאי,3 ",סמינר בנות - חסידי גור,"(31.7868081, 34.6674331)"
70,אשדוד,188,"העצמאות,41 ",גן מורן,"(31.7916453, 34.6478073)"
70,אשדוד,189,"פתח תקווה,10 ","בי""ס אשכול (ממלכתי ט')","(31.7839118, 34.6619389)"
70,אשדוד,190,"ראש פינה,13 ","בי""ס ממ""ד דביר","(31.7835191, 34.6602701)"
70,אשדוד,191,"פתח תקווה,12 ",אולפנא תורנית מדעית לבנות,"(31.7839118, 34.6619389)"
70,אשדוד,192,"פתח תקווה,10 ","בי""ס אשכול (ממלכתי ט')","(31.7839118, 34.6619389)"
70,אשדוד,193,"ראש פינה,13 ","בי""ס ממ""ד דביר","(31.7835191, 34.6602701)"
70,אשדוד,194,"פתח תקווה,12 ",אולפנא תורנית מדעית לבנות,"(31.7839118, 34.6619389)"
70,אשדוד,195,"רשב""י","בי""ס נאות אסתר","(31.7897896, 34.6613635)"
70,אשדוד,196,"הסייפן,5 ",מועדון הקשיש רובע ח',"(31.7849295, 34.6519234)"
70,אשדוד,197,"מבוא השרביטן,8 ","בי""ס נועם","(31.7882108, 34.6539711)"
70,אשדוד,198,"סירקין נחמן,2 ","בי""ס יסודי ממלכתי ""רבין""","(31.7714316, 34.6347512)"
70,אשדוד,199,שד רוטשילד,"בי""ס אופק",
70,אשדוד,200,שד רוטשילד,"בי""ס אופק",
70,אשדוד,201,שד רוטשילד,"בי""ס אופק",
70,אשדוד,202,"סירקין נחמן,2 ","בי""ס יסודי ממלכתי ""רבין""","(31.7714316, 34.6347512)"
70,אשדוד,203,"סירקין נחמן,2 ","בי""ס יסודי ממלכתי ""רבין""","(31.7714316, 34.6347512)"
70,אשדוד,204,"ברקת,4 ","ב""ס ממלכתי שירת הים (רובע י""ז)","(31.7693922, 34.6226911)"
70,אשדוד,205,"הרב שאולי,8 ","בי""ס ארזים","(31.7959006, 34.6416486)"
70,אשדוד,206,"שמואל הנגיד,9 ","בי""ס שזר","(31.8000542, 34.648899)"
70,אשדוד,207,"קרן היסוד,16 ",מתנס ד,"(31.7958267, 34.6401611)"
70,אשדוד,208,"אורט,3 ",בית ספר עלית שובו,"(31.8129036, 34.6479592)"
70,אשדוד,209,"טשרניחובסקי,1 ","בי""ס חזון יעקב","(31.7962468, 34.6498363)"
70,אשדוד,210,"חטיבת הנגב,45 ","בי""ס מגינים","(31.7984541, 34.6656151)"
70,אשדוד,211,"חטיבת הנגב,30 ",בית מלכה - מרכז חינוכי לבנות,"(31.8019409, 34.6640555)"
70,אשדוד,212,"שד עוזיהו,26 ","מתנ""ס ג' נווה יהונתן",
70,אשדוד,213,בוסקילה יצחק,"בי""ס ממ""ד עמלני מעלות","(31.7980713, 34.6639828)"
70,אשדוד,214,"יאיר,3 ","בי""ס אילנות","(31.8125649, 34.6459036)"
70,אשדוד,215,"הארז,6 ",בית ספר גאולים,"(31.8058015, 34.6426556)"
70,אשדוד,216,"שבט ראובן,2 ","מקיף ט' - רובע י""ב",
70,אשדוד,217,"שבט ראובן,2 ","מקיף ט' - רובע י""ב",
70,אשדוד,218,"תשרי,11 ","בי""ס יסודי קשת","(31.7802776, 34.6405732)"
70,אשדוד,219,"תשרי,11 ","בי""ס יסודי קשת","(31.7802776, 34.6405732)"
70,אשדוד,220,"תשרי,11 ","בי""ס יסודי קשת","(31.7802776, 34.6405732)"
70,אשדוד,221,"תשרי,11 ","בי""ס יסודי קשת","(31.7802776, 34.6405732)"
70,אשדוד,222,"אב,4 ","מתנ""ס ספרא","(31.781125, 34.6373785)"
70,אשדוד,223,הצוללים,"בי""ס מקיף ג","(31.7969027, 34.6392846)"
70,אשדוד,224,"שבט ראובן,2 ","מקיף ט' - רובע י""ב",
70,אשדוד,225,"שבט בנימין,19 ","בי""ס ממ""ד אורות","(31.7767472, 34.6382339)"
70,אשדוד,226,"שבט ראובן,2 ","מקיף ט' - רובע י""ב",
70,אשדוד,227,"העצמאות,63 ","בי""ס ממ""ד הקריה","(31.7901332, 34.6468172)"
70,אשדוד,228,"העצמאות,54 ",מרכז להשכלת מבוגרים (אופק),"(31.7888689, 34.644118)"
70,אשדוד,229,"העצמאות,54 ",מרכז להשכלת מבוגרים (אופק),"(31.7888689, 34.644118)"
70,אשדוד,230,"העצמאות,63 ","בי""ס ממ""ד הקריה","(31.7901332, 34.6468172)"
70,אשדוד,231,"העצמאות,7 ","בי""ס ממלכתי היובל","(31.79227, 34.6443124)"
70,אשדוד,232,העצמאות,"בי""ס מקיף ז'","(31.7905611, 34.6474458)"
70,אשדוד,233,"העצמאות,63 ","בי""ס ממ""ד הקריה","(31.7901332, 34.6468172)"
70,אשדוד,234,"העצמאות,7 ","בי""ס ממלכתי היובל","(31.79227, 34.6443124)"
70,אשדוד,235,"טשרניחובסקי,1 ","בי""ס חזון יעקב","(31.7962468, 34.6498363)"
70,אשדוד,236,"ביאליק,10 ","בי""ס מקיף ד","(31.7975184, 34.6455291)"
70,אשדוד,237,"הציונות,107 ","בי""ס יח""ד","(31.7853302, 34.6390773)"
70,אשדוד,238,"תשרי,11 ","בי""ס יסודי קשת","(31.7802776, 34.6405732)"
70,אשדוד,239,"נחל שניר,1 ","חט""ב - מקיף דתי י'","(31.7812903, 34.6337332)"
70,אשדוד,240,"שהם,2 ","בי""ס תיכון מקיף י""א","(31.7934652, 34.6575281)"
70,אשדוד,241,"סירקין נחמן,2 ","בי""ס יסודי ממלכתי ""רבין""","(31.7714316, 34.6347512)"
70,אשדוד,242,"שהם,2 ","בי""ס תיכון מקיף י""א","(31.7934652, 34.6575281)"
70,אשדוד,243,"ברקת,4 ","ב""ס ממלכתי שירת הים (רובע י""ז)","(31.7693922, 34.6226911)"
70,אשדוד,244,"שבט בנימין,19 ","בי""ס ממ""ד אורות","(31.7767472, 34.6382339)"
70,אשדוד,245,"שבט בנימין,19 ","בי""ס ממ""ד אורות","(31.7767472, 34.6382339)"
70,אשדוד,246,"הרותם,33 ","בי""ס ממלכתי צמח","(31.7894358, 34.6509183)"
70,אשדוד,247,"הרי גולן,2 ","בי""ס ממ""ד הרא""ה","(31.7833502, 34.6319146)"
70,אשדוד,248,"אבן גבירול,6 ","בי""ס מוריה","(31.8067364, 34.6556645)"
70,אשדוד,249,שד עוזיהו,"בי""ס עלומים",
70,אשדוד,250,"סיני,25 ","מתנ""ס קהילתי עוזיאל","(31.8040271, 34.6458353)"
70,אשדוד,251,"אב,4 ","מתנ""ס ספרא","(31.781125, 34.6373785)"
70,אשדוד,252,"שמואל הנגיד,9 ","בי""ס שזר","(31.8000542, 34.648899)"
70,אשדוד,253,"שד עוזיהו,26 ","מתנ""ס ג' נווה יהונתן",
70,אשדוד,254,"העצמאות,54 ",מרכז להשכלת מבוגרים (אופק),"(31.7888689, 34.644118)"
70,אשדוד,255,"חרמון,7 ","בי""ס מקיף ו'","(31.7743069, 34.6327585)"
70,אשדוד,256,"הציונות,107 ","בי""ס יח""ד","(31.7853302, 34.6390773)"
70,אשדוד,257,"המפרש,15 ","בי""ס שחר","(31.8034685, 34.6408315)"
70,אשדוד,258,"אורט,3 ",בית ספר עלית שובו,"(31.8129036, 34.6479592)"
70,אשדוד,259,"ההסתדרות,8 ",בית הקשיש,"(31.809388, 34.6488298)"
70,אשדוד,260,"ברקת,4 ","ב""ס ממלכתי שירת הים (רובע י""ז)","(31.7693922, 34.6226911)"
70,אשדוד,261,"תשרי,11 ","בי""ס יסודי קשת","(31.7802776, 34.6405732)"
70,אשדוד,263,שד רוטשילד,"בי""ס אופק",
70,אשדוד,264,"העצמאות,7 ","בי""ס ממלכתי היובל","(31.79227, 34.6443124)"
70,אשדוד,265,"רב ינאי,3 ",סמינר בנות - חסידי גור,"(31.7868081, 34.6674331)"
70,אשדוד,266,"הרי גולן,4 ","בי""ס חופית","(31.7834507, 34.6324979)"
70,אשדוד,267,מורדי הגטאות,"בי""ס תיכון מקיף א","(31.8049153, 34.659777)"
70,אשדוד,270,"הרי גולן,4 ","בי""ס חופית","(31.7834507, 34.6324979)"
70,אשדוד,272,"חטיבת הנגב,45 ","בי""ס מגינים","(31.7984541, 34.6656151)"
70,אשדוד,273,"רשב""י","בי""ס נאות אסתר","(31.7897896, 34.6613635)"
70,אשדוד,274,העצמאות,"בי""ס מקיף ז'","(31.7905611, 34.6474458)"
70,אשדוד,275,"הציונות,107 ","בי""ס יח""ד","(31.7853302, 34.6390773)"
70,אשדוד,276,"שבט ראובן,2 ","מקיף ט' - רובע י""ב",
70,אשדוד,277,"ברקת,4 ","ב""ס ממלכתי שירת הים (רובע י""ז)","(31.7693922, 34.6226911)"
70,אשדוד,278,הצוללים,"בי""ס מקיף ג","(31.7969027, 34.6392846)"
70,אשדוד,279,ארן זלמן,"בי""ס קהילתי רעים","(31.8025059, 34.6461202)"
70,אשדוד,280,"העצמאות,63 ","בי""ס ממ""ד הקריה","(31.7901332, 34.6468172)"
70,אשדוד,281,"תפוז,5 ","בי""ס רימונים","(31.7694342, 34.6365706)"
70,אשדוד,282,"תפוז,5 ","בי""ס רימונים","(31.7694342, 34.6365706)"
70,אשדוד,283,"חרמון,1 ","בי""ס צפרירים","(31.7743069, 34.6327585)"
70,אשדוד,284,"אליעזר בן הורקנוס,18 ","בי""ס בית יעקב חסידי","(31.7908887, 34.6605642)"
70,אשדוד,285,"המעפילים,21 ","מתנ""ס תקוותינו","(31.8059253, 34.6503122)"
70,אשדוד,286,"אליעזר בן הורקנוס,18 ","בי""ס בית יעקב חסידי","(31.7908887, 34.6605642)"
70,אשדוד,287,"תפוז,5 ","בי""ס רימונים","(31.7694342, 34.6365706)"
70,אשדוד,288,"תפוז,5 ","בי""ס רימונים","(31.7694342, 34.6365706)"
70,אשדוד,289,"שהם,2 ","בי""ס תיכון מקיף י""א","(31.7934652, 34.6575281)"
70,אשדוד,290,"ראש פינה,13 ","בי""ס ממ""ד דביר","(31.7835191, 34.6602701)"
70,אשדוד,291,"מבוא השרביטן,8 ","בי""ס נועם","(31.7882108, 34.6539711)"
70,אשדוד,292,"מבוא השרביטן,8 ","בי""ס נועם","(31.7882108, 34.6539711)"
70,אשדוד,293,הצוללים,"בי""ס מקיף ג","(31.7969027, 34.6392846)"
70,אשדוד,294,"שהם,2 ","בי""ס תיכון מקיף י""א","(31.7934652, 34.6575281)"
70,אשדוד,295,"תפוז,5 ","בי""ס רימונים","(31.7694342, 34.6365706)"
70,אשדוד,296,"רשב""י","בי""ס נאות אסתר","(31.7897896, 34.6613635)"
70,אשדוד,297,"הרי גולן,4 ","בי""ס חופית","(31.7834507, 34.6324979)"
70,אשדוד,298,"העצמאות,63 ","בי""ס ממ""ד הקריה","(31.7901332, 34.6468172)"
70,אשדוד,299,"הרי גולן,4 ","בי""ס חופית","(31.7834507, 34.6324979)"
70,אשדוד,300,"חטיבת הנגב,45 ","בי""ס מגינים","(31.7984541, 34.6656151)"
70,אשדוד,301,"שבט בנימין,19 ","בי""ס ממ""ד אורות","(31.7767472, 34.6382339)"
70,אשדוד,302,"תפוז,5 ","בי""ס רימונים","(31.7694342, 34.6365706)"
70,אשדוד,303,"שבט ראובן,2 ","מקיף ט' - רובע י""ב",
70,אשדוד,304,"העצמאות,63 ","בי""ס ממ""ד הקריה","(31.7901332, 34.6468172)"
70,אשדוד,305,"אבן עזרא,16 ","בי""ס רננים","(31.7994798, 34.6501973)"
70,אשדוד,306,"פתח תקווה,10 ","בי""ס אשכול (ממלכתי ט')","(31.7839118, 34.6619389)"
70,אשדוד,307,"ברקת,4 ","ב""ס ממלכתי שירת הים (רובע י""ז)","(31.7693922, 34.6226911)"
70,אשדוד,308,"רב ינאי,3 ",סמינר בנות - חסידי גור,"(31.7868081, 34.6674331)"
70,אשדוד,309,"סירקין נחמן,2 ","בי""ס יסודי ממלכתי ""רבין""","(31.7714316, 34.6347512)"
70,אשדוד,310,"הרי גולן,4 ","בי""ס חופית","(31.7834507, 34.6324979)"
70,אשדוד,311,"ברקת,4 ","ב""ס ממלכתי שירת הים (רובע י""ז)","(31.7693922, 34.6226911)"
70,אשדוד,950,מורדי הגטאות,"בי""ס תיכון מקיף א","(31.8049153, 34.659777)"
70,אשדוד,952,הצוללים,"בי""ס מקיף ג","(31.7969027, 34.6392846)"
70,אשדוד,953,"העצמאות,41 ",גן דקל,"(31.7916453, 34.6478073)"
70,אשדוד,954,"שבט בנימין,19 ","בי""ס ממ""ד אורות","(31.7767472, 34.6382339)"
70,אשדוד,955,"תפוז,5 ","בי""ס רימונים","(31.7694342, 34.6365706)"
70,אשדוד,990,הנשיא ויצמן,"מתנ""ס קופף","(31.8023552, 34.6541197)"
7100,אשקלון,1,"הפלמ""ח,3 ","בי""ס נאות אשקלון","(31.6640122, 34.5829468)"
7100,אשקלון,2,"הפלמ""ח,3 ","בי""ס נאות אשקלון","(31.6640122, 34.5829468)"
7100,אשקלון,3,פקיעין,"מתנ""ס נווה אילן","(31.6687207, 34.5765176)"
7100,אשקלון,4,"אריה,9 ","ממ""ד נווה אילן","(31.6841788, 34.5765123)"
7100,אשקלון,5,"לכיש,9 ","בי""ס מעין חיים ושלום (בנים)","(31.6673463, 34.5803084)"
7100,אשקלון,6,"הפלמ""ח,3 ","בי""ס נאות אשקלון","(31.6640122, 34.5829468)"
7100,אשקלון,7,"הרב קארו יוסף,6 ","מתנ""ס כצנלסון",
7100,אשקלון,8,"הרב קארו יוסף,6 ","מתנ""ס כצנלסון",
7100,אשקלון,9,בן דוד,"ביה""ס ממ""ד אסף מימון","(31.6679361, 34.5906336)"
7100,אשקלון,10,"אריה,9 ","ממ""ד נווה אילן","(31.6841788, 34.5765123)"
7100,אשקלון,11,"אריה,9 ","ממ""ד נווה אילן","(31.6841788, 34.5765123)"
7100,אשקלון,12,"יהדות ספרד,13 ","בי""ס למחוננים-מרכז למצויינות","(31.6777526, 34.5807762)"
7100,אשקלון,13,"שיבת ציון,5 ","בי""ס ממ""ד רמבם","(31.6565393, 34.5848918)"
7100,אשקלון,14,"אבימלך,1 ",תלמוד תורה מעין חיים ושלום,"(31.6529479, 34.5817391)"
7100,אשקלון,15,"אבימלך,1 ",תלמוד תורה מעין חיים ושלום,"(31.6529479, 34.5817391)"
7100,אשקלון,16,"אריה,9 ","ממ""ד נווה אילן","(31.6841788, 34.5765123)"
7100,אשקלון,17,"הפלמ""ח,3 ","בי""ס נאות אשקלון","(31.6640122, 34.5829468)"
7100,אשקלון,18,"שיבת ציון,16 ","ישיבת צביה (בי""ס גורדון)","(31.6565393, 34.5848918)"
7100,אשקלון,19,"שיבת ציון,16 ","ישיבת צביה (בי""ס גורדון)","(31.6565393, 34.5848918)"
7100,אשקלון,20,"שיבת ציון,16 ","ישיבת צביה (בי""ס גורדון)","(31.6565393, 34.5848918)"
7100,אשקלון,21,"שיבת ציון,5 ","בי""ס ממ""ד רמבם","(31.6565393, 34.5848918)"
7100,אשקלון,22,"שיבת ציון,5 ","בי""ס ממ""ד רמבם","(31.6565393, 34.5848918)"
7100,אשקלון,23,"הרב מימון,32 ",מרכז קהילתי בורטון/סיגר,"(31.8019918, 34.6528817)"
7100,אשקלון,24,"מילרוד אליעזר,11 ",פלא יועץ (חבצלת לשעבר),"(31.6505045, 34.5599659)"
7100,אשקלון,25,"אבימלך,1 ",תלמוד תורה מעין חיים ושלום,"(31.6529479, 34.5817391)"
7100,אשקלון,26,"בעל שם טוב,11 ","בי""ס ארלוזורוב","(31.6597122, 34.5632885)"
7100,אשקלון,27,"ברגר דוד,12 ","אור מנחם חב""ד","(31.6520214, 34.557178)"
7100,אשקלון,28,"מילרוד אליעזר,1 ",אור חיה חבד בנות,"(31.6505045, 34.5599659)"
7100,אשקלון,29,"ברגר דוד,12 ","אור מנחם חב""ד","(31.6520214, 34.557178)"
7100,אשקלון,30,שפינוזה,"בי""ס ממלכתי דתי מוריה","(31.6616458, 34.5673977)"
7100,אשקלון,31,"בעל שם טוב,11 ","בי""ס ארלוזורוב","(31.6597122, 34.5632885)"
7100,אשקלון,32,שפינוזה,"בי""ס ממלכתי דתי מוריה","(31.6616458, 34.5673977)"
7100,אשקלון,33,הרב עוזיאל,"בי""ס עוזיאל","(31.6591523, 34.5663943)"
7100,אשקלון,34,"גרופר יעקב,15 ","מתנ""ס וולדנברג","(31.662749, 34.565406)"
7100,אשקלון,35,שפינוזה,"בי""ס ממלכתי דתי מוריה","(31.6616458, 34.5673977)"
7100,אשקלון,36,הרב עוזיאל,"בי""ס עוזיאל","(31.6591523, 34.5663943)"
7100,אשקלון,37,"הרב מימון,32 ",מרכז קהילתי בורטון/סיגר,"(31.8019918, 34.6528817)"
7100,אשקלון,38,"גרופר יעקב,15 ","מתנ""ס וולדנברג","(31.662749, 34.565406)"
7100,אשקלון,39,"מילרוד אליעזר,11 ",פלא יועץ (חבצלת לשעבר),"(31.6505045, 34.5599659)"
7100,אשקלון,40,"הנשיא,70 ",חווה חקלאית,"(31.6734804, 34.5644872)"
7100,אשקלון,41,הצפצפה,"בי""ס ממ""ד סיני","(31.6723059, 34.5669234)"
7100,אשקלון,42,יוהנסבורג,"מתנ""ס בית ווסק","(31.67998, 34.570177)"
7100,אשקלון,43,"זונאבנד יחזקאל,12 ","בי""ס בית יחזקאל","(31.6786913, 34.5669391)"
7100,אשקלון,44,"הראל,8 ",קהילת נצח ישראל,"(31.681375, 34.5659257)"
7100,אשקלון,45,יוהנסבורג,"מתנ""ס בית ווסק","(31.67998, 34.570177)"
7100,אשקלון,46,"פינס יוסף,18 ","בי""ס אילנות","(31.6684873, 34.5668555)"
7100,אשקלון,47,"סמ שמגר,1 ","בי""ס ממלכתי נוף ים ב'",
7100,אשקלון,48,"לייפר- מילר רחל,1 ",מרכז קהילתי וספורט הרצוג,"(31.6983601, 34.5827761)"
7100,אשקלון,49,"הראל,8 ",קהילת נצח ישראל,"(31.681375, 34.5659257)"
7100,אשקלון,50,"סמ שמגר,1 ","בי""ס ממלכתי נוף ים ב'",
7100,אשקלון,51,"הראל,8 ",קהילת נצח ישראל,"(31.681375, 34.5659257)"
7100,אשקלון,52,יוהנסבורג,"מתנ""ס בית ווסק","(31.67998, 34.570177)"
7100,אשקלון,53,"בר כוכבא,209 ",בית קנדה,"(31.6832379, 34.5702024)"
7100,אשקלון,54,"בן צבי יצחק,4 ","אמ""ית ב'","(31.6662509, 34.571223)"
7100,אשקלון,55,"ההסתדרות,4 ","בי""ס נוה ציון","(31.6596444, 34.5618997)"
7100,אשקלון,56,"עגנון ש""י","בי""ס הראל","(31.660289, 34.556087)"
7100,אשקלון,57,"סמ שמגר,1 ","בי""ס ממלכתי נוף ים א'",
7100,אשקלון,58,שד שפירא,נצח ישראל החינוך העצמאי,
7100,אשקלון,59,"ההסתדרות,4 ","בי""ס נוה ציון","(31.6596444, 34.5618997)"
7100,אשקלון,60,"מילרוד אליעזר,1 ",אור חיה חבד בנות,"(31.6505045, 34.5599659)"
7100,אשקלון,61,בן עטר,"ביה""ס אמירים","(31.6526297, 34.5580809)"
7100,אשקלון,62,"ההסתדרות,4 ","בי""ס נוה ציון","(31.6596444, 34.5618997)"
7100,אשקלון,63,שד שפירא,נצח ישראל החינוך העצמאי,
7100,אשקלון,64,שני אליהו,"בי""ס דקל","(31.6523018, 34.5538585)"
7100,אשקלון,65,"שד שפירא,7א","ביה""ס יסודי רותם",
7100,אשקלון,66,שני אליהו,"בי""ס דקל","(31.6523018, 34.5538585)"
7100,אשקלון,67,בן עטר,"ביה""ס אמירים","(31.6526297, 34.5580809)"
7100,אשקלון,68,"ברגר דוד,12 ","אור מנחם חב""ד","(31.6520214, 34.557178)"
7100,אשקלון,69,"שד שפירא,7א","ביה""ס יסודי רותם",
7100,אשקלון,70,הצפצפה,"בי""ס ממ""ד סיני","(31.6723059, 34.5669234)"
7100,אשקלון,71,"סמ שמגר,1 ","בי""ס ממלכתי נוף ים א'",
7100,אשקלון,72,"סמ שמגר,1 ","בי""ס ממלכתי נוף ים א'",
7100,אשקלון,73,"זונאבנד יחזקאל,12 ","בי""ס בית יחזקאל","(31.6786913, 34.5669391)"
7100,אשקלון,74,שד' הציונות,"בי""ס תיכון מקיף ה'","(31.6846, 34.579744)"
7100,אשקלון,75,"הר כנען,8 ","מתנ""ס ברנע","(31.6829823, 34.5756408)"
7100,אשקלון,76,הצפצפה,"בי""ס ממ""ד סיני","(31.6723059, 34.5669234)"
7100,אשקלון,77,"הנשיא,70 ",חווה חקלאית,"(31.6734804, 34.5644872)"
7100,אשקלון,78,"בן צבי יצחק,4 ","אמ""ית ב'","(31.6662509, 34.571223)"
7100,אשקלון,79,"פינס יוסף,18 ","בי""ס אילנות","(31.6684873, 34.5668555)"
7100,אשקלון,80,"עגנון ש""י",אולפנת צביה (רוגוזין לשעבר),"(31.660289, 34.556087)"
7100,אשקלון,81,"הסוכנות היהודית,14 ",מרכז טכנולוגי דתי אמית,"(31.6571142, 34.5698)"
7100,אשקלון,82,"הסוכנות היהודית,14 ",מרכז טכנולוגי דתי אמית,"(31.6571142, 34.5698)"
7100,אשקלון,83,"שד' עופר,5 ","ביה""ס תיכון אורט אדיבי",
7100,אשקלון,84,"שד' עופר,5 ","ביה""ס תיכון אורט אדיבי",
7100,אשקלון,85,"שד' עופר,5 ","ביה""ס תיכון אורט אדיבי",
7100,אשקלון,86,שד שפירא,נצח ישראל החינוך העצמאי,
7100,אשקלון,87,"שד שפירא,7א","ביה""ס יסודי רותם",
7100,אשקלון,89,"עגנון ש""י","בי""ס הראל","(31.660289, 34.556087)"
7100,אשקלון,90,"רמב""ם,13 ","בי""ס כוכב הצפון","(31.6728694, 34.587428)"
7100,אשקלון,91,בן דוד,"ביה""ס ממ""ד אסף מימון","(31.6679361, 34.5906336)"
7100,אשקלון,92,"רמב""ם,13 ","בי""ס כוכב הצפון","(31.6728694, 34.587428)"
7100,אשקלון,93,"רמב""ם,13 ","בי""ס כוכב הצפון","(31.6728694, 34.587428)"
7100,אשקלון,94,בן דוד,"ביה""ס ממ""ד אסף מימון","(31.6679361, 34.5906336)"
7100,אשקלון,95,"יהדות ספרד,17 ","בי""ס נווה דקלים","(31.6777526, 34.5807762)"
7100,אשקלון,96,"יהדות ספרד,13 ","בי""ס למחוננים-מרכז למצויינות","(31.6777526, 34.5807762)"
7100,אשקלון,97,"יהדות ספרד,17 ","בי""ס נווה דקלים","(31.6777526, 34.5807762)"
7100,אשקלון,98,"יהדות ספרד,13 ","בי""ס למחוננים-מרכז למצויינות","(31.6777526, 34.5807762)"
7100,אשקלון,99,"לכיש,9 ","בי""ס מעין חיים ושלום (בנים)","(31.6673463, 34.5803084)"
7100,אשקלון,100,"הפלמ""ח,3 ","בי""ס נאות אשקלון","(31.6640122, 34.5829468)"
7100,אשקלון,101,"הר כנען,2 ","בי""ס ממ""ד ברנע","(31.6829823, 34.5756408)"
7100,אשקלון,102,"הר כנען,8 ","מתנ""ס ברנע","(31.6829823, 34.5756408)"
7100,אשקלון,103,"שד' הציונות,6 ","בי""ס מקיף ד ע""ש יצחק רבין",
7100,אשקלון,104,פקיעין,"מתנ""ס נווה אילן","(31.6687207, 34.5765176)"
7100,אשקלון,105,"יהדות ספרד,13 ","בי""ס למחוננים-מרכז למצויינות","(31.6777526, 34.5807762)"
7100,אשקלון,106,"לכיש,9 ","בי""ס מעין חיים ושלום (בנים)","(31.6673463, 34.5803084)"
7100,אשקלון,107,"הפלמ""ח,3 ","בי""ס נאות אשקלון","(31.6640122, 34.5829468)"
7100,אשקלון,108,"אריה,9 ","ממ""ד נווה אילן","(31.6841788, 34.5765123)"
7100,אשקלון,109,שני אליהו,"בי""ס דקל","(31.6523018, 34.5538585)"
7100,אשקלון,110,שני אליהו,"בי""ס דקל","(31.6523018, 34.5538585)"
7100,אשקלון,111,שני אליהו,"בי""ס דקל","(31.6523018, 34.5538585)"
7100,אשקלון,112,בן עטר,"ביה""ס אמירים","(31.6526297, 34.5580809)"
7100,אשקלון,113,"לכיש,9 ","בי""ס מעין חיים ושלום (בנים)","(31.6673463, 34.5803084)"
7100,אשקלון,114,"זונאבנד יחזקאל,12 ","בי""ס בית יחזקאל","(31.6786913, 34.5669391)"
7100,אשקלון,115,"זונאבנד יחזקאל,12 ","בי""ס בית יחזקאל","(31.6786913, 34.5669391)"
7100,אשקלון,116,הצפצפה,"בי""ס ממ""ד סיני","(31.6723059, 34.5669234)"
7100,אשקלון,117,"פינס יוסף,18 ","בי""ס אילנות","(31.6684873, 34.5668555)"
7100,אשקלון,118,"פינס יוסף,18 ","בי""ס אילנות","(31.6684873, 34.5668555)"
7100,אשקלון,119,"מעלה הגת,19 ","בי""ס יסודי רמת כרמים","(31.6932308, 34.5820747)"
7100,אשקלון,120,"אבימלך,1 ",תלמוד תורה מעין חיים ושלום,"(31.6529479, 34.5817391)"
7100,אשקלון,121,"מעלה הגת,19 ","בי""ס יסודי רמת כרמים","(31.6932308, 34.5820747)"
7100,אשקלון,123,"השריונאים,3 ",גני חושן,
7100,אשקלון,124,"יהדות ספרד,17 ","בי""ס נווה דקלים","(31.6777526, 34.5807762)"
7100,אשקלון,125,הרב עוזיאל,"בי""ס עוזיאל","(31.6591523, 34.5663943)"
7100,אשקלון,126,"עגנון ש""י","בי""ס הראל","(31.660289, 34.556087)"
7100,אשקלון,127,"ברגר דוד,12 ","אור מנחם חב""ד","(31.6520214, 34.557178)"
7100,אשקלון,128,"שד' עופר,5 ","ביה""ס תיכון אורט אדיבי",
7100,אשקלון,129,"הנשיא,70 ",חווה חקלאית,"(31.6734804, 34.5644872)"
7100,אשקלון,130,הגבורה,יד לבנים,"(31.6651577, 34.5642065)"
7100,אשקלון,131,"הנשיא,70 ",אגודת ניצן,"(31.6734804, 34.5644872)"
7100,אשקלון,132,"אשדוד,1 ",גן ארגמן,"(31.6669749, 34.5595493)"
7100,אשקלון,133,"אשדוד,1 ",ארגמן ב,"(31.6669749, 34.5595493)"
7100,אשקלון,134,"הר כנען,2 ","בי""ס ממ""ד ברנע","(31.6829823, 34.5756408)"
7100,אשקלון,135,שד' הציונות,"בי""ס תיכון מקיף ה'","(31.6846, 34.579744)"
7100,אשקלון,137,"אדמונד דה רוטשילד,4 ","בי""ס מצפה ברנע","(31.6874745, 34.5781655)"
7100,אשקלון,138,"יהדות ספרד,17 ","בי""ס נווה דקלים","(31.6777526, 34.5807762)"
7100,אשקלון,139,"ניסן,1 ","ביה""ס ממ""ד מדעים","(31.6734906, 34.5779932)"
7100,אשקלון,140,"ניסן,1 ","ביה""ס ממ""ד מדעים","(31.6734906, 34.5779932)"
7100,אשקלון,141,"מילרוד אליעזר,1 ",אור חיה חבד בנות,"(31.6505045, 34.5599659)"
7100,אשקלון,142,"זונאבנד יחזקאל,12 ","בי""ס בית יחזקאל","(31.6786913, 34.5669391)"
7100,אשקלון,143,"לכיש,9 ","בי""ס מעין חיים ושלום (בנים)","(31.6673463, 34.5803084)"
7100,אשקלון,144,"לכיש,9 ","בי""ס מעין חיים ושלום (בנים)","(31.6673463, 34.5803084)"
7100,אשקלון,145,"הר כנען,8 ","מתנ""ס ברנע","(31.6829823, 34.5756408)"
7100,אשקלון,146,"שד' הציונות,6 ","בי""ס מקיף ד ע""ש יצחק רבין",
7100,אשקלון,147,"אדמונד דה רוטשילד,4 ","בי""ס מצפה ברנע","(31.6874745, 34.5781655)"
7100,אשקלון,148,"רמב""ם,13 ","בי""ס כוכב הצפון","(31.6728694, 34.587428)"
7100,אשקלון,149,"הר כנען,8 ","מתנ""ס ברנע","(31.6829823, 34.5756408)"
7100,אשקלון,150,שד' הציונות,"בי""ס תיכון מקיף ה'","(31.6846, 34.579744)"
7100,אשקלון,151,"לייפר- מילר רחל,1 ",מרכז קהילתי וספורט הרצוג,"(31.6983601, 34.5827761)"
7100,אשקלון,152,הצפצפה,"בי""ס ממ""ד סיני","(31.6723059, 34.5669234)"
7100,אשקלון,153,"אבימלך,1 ",תלמוד תורה מעין חיים ושלום,"(31.6529479, 34.5817391)"
7100,אשקלון,154,"הסוכנות היהודית,14 ",מרכז טכנולוגי דתי אמית,"(31.6571142, 34.5698)"
7100,אשקלון,155,שני אליהו,"בי""ס דקל","(31.6523018, 34.5538585)"
7100,אשקלון,156,הצפצפה,"בי""ס ממ""ד סיני","(31.6723059, 34.5669234)"
7100,אשקלון,157,"שד ירושלים,133 ","בי""ס מצפה הימים","(31.690951, 34.577199)"
7100,אשקלון,158,"מעלה הגת,19 ","בי""ס יסודי רמת כרמים","(31.6932308, 34.5820747)"
7100,אשקלון,159,"שד ירושלים,133 ","בי""ס מצפה הימים","(31.690951, 34.577199)"
7100,אשקלון,160,"שד עמק חפר,32 ",גני העוגן,
7100,אשקלון,161,שד' הציונות,"בי""ס תיכון מקיף ה'","(31.6846, 34.579744)"
7100,אשקלון,162,"ניסן,1 ","ביה""ס ממ""ד מדעים","(31.6734906, 34.5779932)"
7100,אשקלון,163,"ניסן,1 ","ביה""ס ממ""ד מדעים","(31.6734906, 34.5779932)"
7100,אשקלון,164,"אדמונד דה רוטשילד,4 ","בי""ס מצפה ברנע","(31.6874745, 34.5781655)"
7100,אשקלון,165,"מעלה הגת,19 ","בי""ס יסודי רמת כרמים","(31.6932308, 34.5820747)"
7100,אשקלון,166,"אדמונד דה רוטשילד,4 ","בי""ס מצפה ברנע","(31.6874745, 34.5781655)"
7100,אשקלון,167,"הראל,8 ",קהילת נצח ישראל,"(31.681375, 34.5659257)"
7100,אשקלון,168,"זונאבנד יחזקאל,12 ","בי""ס בית יחזקאל","(31.6786913, 34.5669391)"
7100,אשקלון,169,"הר כנען,8 ","מתנ""ס ברנע","(31.6829823, 34.5756408)"
7100,אשקלון,170,"מעלה הגת,19 ","בי""ס יסודי רמת כרמים","(31.6932308, 34.5820747)"
7100,אשקלון,171,"מעלה הגת,19 ","בי""ס יסודי רמת כרמים","(31.6932308, 34.5820747)"
7100,אשקלון,172,שד' הציונות,"בי""ס תיכון מקיף ה'","(31.6846, 34.579744)"
7100,אשקלון,173,"ניסן,1 ","ביה""ס ממ""ד מדעים","(31.6734906, 34.5779932)"
7100,אשקלון,174,"ניסן,1 ","ביה""ס ממ""ד מדעים","(31.6734906, 34.5779932)"
7100,אשקלון,175,"הר כנען,2 ","בי""ס ממ""ד ברנע","(31.6829823, 34.5756408)"
7100,אשקלון,176,"עגנון ש""י","בי""ס הראל","(31.660289, 34.556087)"
7100,אשקלון,177,"שד עמק האלה,3 ","בי""ס אגמים",
7100,אשקלון,178,"מעלה הגת,19 ","בי""ס יסודי רמת כרמים","(31.6932308, 34.5820747)"
7100,אשקלון,179,"שיבת ציון,16 ","ישיבת צביה (בי""ס גורדון)","(31.6565393, 34.5848918)"
7100,אשקלון,180,"מעלה הגת,19 ","בי""ס יסודי רמת כרמים","(31.6932308, 34.5820747)"
7100,אשקלון,181,"שד עמק האלה,3 ","בי""ס אגמים",
7100,אשקלון,182,"שד עמק האלה,27 ",מעון עמק האלה,
7100,אשקלון,183,"לייפר- מילר רחל,1 ",מרכז קהילתי וספורט הרצוג,"(31.6983601, 34.5827761)"
7100,אשקלון,184,"הראל,8 ",קהילת נצח ישראל,"(31.681375, 34.5659257)"
7100,אשקלון,185,"שד עמק האלה,3 ","בי""ס אגמים",
7100,אשקלון,186,"שד ירושלים,133 ","בי""ס מצפה הימים","(31.690951, 34.577199)"
7100,אשקלון,187,שד' הציונות,"בי""ס תיכון מקיף ה'","(31.6846, 34.579744)"
7100,אשקלון,188,"שד עמק האלה,3 ","בי""ס אגמים",
7100,אשקלון,190,"לייפר- מילר רחל,1 ",מרכז קהילתי וספורט הרצוג,"(31.6983601, 34.5827761)"
7100,אשקלון,191,"שד עמק האלה,27 ",מעון עמק האלה,
7100,אשקלון,192,"מעלה הגת,19 ","בי""ס יסודי רמת כרמים","(31.6932308, 34.5820747)"
7100,אשקלון,193,"שד עמק האלה,3 ","בי""ס אגמים",
7100,אשקלון,194,"מעלה הגת,19 ","בי""ס יסודי רמת כרמים","(31.6932308, 34.5820747)"
7100,אשקלון,195,"אדמונד דה רוטשילד,4 ","בי""ס מצפה ברנע","(31.6874745, 34.5781655)"
7100,אשקלון,196,"שיבת ציון,16 ","ישיבת צביה (בי""ס גורדון)","(31.6565393, 34.5848918)"
7100,אשקלון,197,"שד עמק חפר,32 ",גני העוגן,
7100,אשקלון,198,"מעלה הגת,19 ","בי""ס יסודי רמת כרמים","(31.6932308, 34.5820747)"
7100,אשקלון,199,הרב עוזיאל,"בי""ס עוזיאל","(31.6591523, 34.5663943)"
7100,אשקלון,201,"שיבת ציון,16 ","ישיבת צביה (בי""ס גורדון)","(31.6565393, 34.5848918)"
7100,אשקלון,204,"יהדות ספרד,13 ","בי""ס למחוננים-מרכז למצויינות","(31.6777526, 34.5807762)"
7100,אשקלון,205,"יהדות ספרד,13 ","בי""ס למחוננים-מרכז למצויינות","(31.6777526, 34.5807762)"
7100,אשקלון,206,"יהדות ספרד,13 ","בי""ס למחוננים-מרכז למצויינות","(31.6777526, 34.5807762)"
7100,אשקלון,950,"הרב קארו יוסף,6 ","מתנ""ס כצנלסון",
7100,אשקלון,951,שני אליהו,"בי""ס דקל","(31.6523018, 34.5538585)"
7100,אשקלון,952,"אשדוד,1 ",גן לילך,"(31.6669749, 34.5595493)"
7100,אשקלון,990,הגבורה,יד לבנים,"(31.6651577, 34.5642065)"
1376,באר גנים,1,"באר גנים,16 ",בית ספר באר גנים,"(32.270587, 34.8831085)"
1376,באר גנים,2,"באר גנים,16 ",בית ספר באר גנים,"(32.270587, 34.8831085)"
155,באר טוביה,1,באר טוביה,בית העם- מניסה מצד בית הכנסת,"(31.727701, 34.7296466)"
155,באר טוביה,2,באר טוביה,בית העם - כניסה ראשית,"(31.727701, 34.7296466)"
234,ביצרון,1,ביצרון,בית העם - כניסה מדלת ראשית,"(32.0679973, 34.7979297)"
234,ביצרון,2,ביצרון,בית העם - כניסה מדלת ויטרינה,"(32.0679973, 34.7979297)"
619,בית גוברין,1,בית גוברין,מועדון,"(31.6128528, 34.8955913)"
16,בית ניר,1,בית ניר,מועדון,
756,בית עזרא,1,בית עזרא,בית העם - כניסה ראשית,"(32.687758, 35.575241)"
756,בית עזרא,2,בית עזרא,בית העם - כניסה אחורית,"(32.687758, 35.575241)"
747,בית שקמה,1,בית שקמה,בית העם,
1368,בני דקלים,1,בני דקלים,מועדון בני דקלים,"(31.517402, 34.923763)"
428,ברור חיל,1,ברור חיל,חדר ישיבות,"(31.55793, 34.633659)"
746,ברכיה,1,ברכיה,מועדון נוער,
746,ברכיה,2,ברכיה,מועדון נוער,
1323,בת הדר,1,בת הדר,מועדון פיס לנוער,
1401,בת חצור,1,בת חצור,מועדון,
424,גבים,1,גבים,מזכירות-חדר ישיבות,"(31.5048041, 34.6003435)"
793,גבעתי,1,גבעתי,מועדון הנוער,"(31.8854795, 34.8052529)"
342,גברעם,1,גברעם,אולם המועדון,"(31.5866183, 34.6245453)"
706,גיאה,1,גיאה,מועדון,"(31.6305218, 34.5976999)"
393,גלאון,1,גלאון,חדר ישיבות במזכירות,
340,גת (קיבוץ),1,גת (קיבוץ),מועדון לחבר,
336,דורות,1,דורות,מועדון לחבר,"(31.5231728, 34.688514)"
726,הודיה,1,הודיה,בית העם,"(31.679188, 34.634179)"
1133,ורדון,1,ורדון,חדר צמוד לבית הכנסת,
815,זבדיאל,1,זבדיאל,מועדון,"(31.653669, 34.760315)"
44,זוהר,1,זוהר,מועדון זוהר,"(31.2426684, 34.3793277)"
584,זיקים,1,זיקים,בית הבנים-כניסה ראשית,
818,זרחיה,1,זרחיה,מועדון,"(31.684125, 34.744265)"
820,חלץ,1,חלץ,מועדון - מול גן הילדים,"(31.576728, 34.65843)"
700,חצב,1,חצב,מזכירות,"(32.751614, 35.104505)"
700,חצב,2,חצב,מועדון,"(32.751614, 35.104505)"
406,חצור-אשדוד,1,חצור-אשדוד,מועדון לחבר,"(31.7593469, 34.7328534)"
358,יד מרדכי,1,יד מרדכי,אולם ספורט -חדר סנוקר,
775,יד נתן,1,יד נתן,מועדון,
811,יכיני,1,יכיני,בית הקשיש,
2011,ינון,1,ינון,מועדון,
2011,ינון,2,ינון,בית העם,
824,כוכב מיכאל,1,כוכב מיכאל,מועדון ליד הספריה,
2006,כנות,1,כנות,מזכירות,"(31.8046307, 34.7514443)"
690,כפר אחים,1,כפר אחים,בית העם,"(32.3472176, 34.8982284)"
888,"כפר הרי""ף",1,האלון,מועדון נוער,
320,כפר ורבורג,1,כפר ורבורג,מועדון,"(31.7239252, 34.7256347)"
320,כפר ורבורג,2,כפר ורבורג,מועדון,"(31.7239252, 34.7256347)"
274,כפר מנחם,1,כפר מנחם,מועדון,"(32.191252, 34.892261)"
274,כפר מנחם,2,כפר מנחם,מועדון,"(32.191252, 34.892261)"
107,כפר סילבר,1,כפר סילבר,ספריה,
845,כפר עזה,1,כפר עזה,מועדון לחבר - אולם ראשי,"(31.484353, 34.532649)"
1374,כרמי קטיף,1,כרמי קטיף,מזכירות,"(31.534548, 34.913113)"
768,כרמיה,1,כרמיה,בית הבנים - מזכירות,
24,לכיש,1,לכיש,מועדון ותיקים,"(32.028746, 34.936405)"
573,מבקיעים,1,מבקיעים,מבנה צמוד למזכירות,
1414,מחנה מרים,1,מחנה מרים,מועדון קצינים,
2030,מנוחה,1,מנוחה,מועדון היישוב (בית-שלום),"(30.3075707, 35.1352701)"
668,מפלסים,1,מפלסים,מועדון לחבר בית קוטרון-כניסה א,"(32.8519921, 35.0794158)"
1098,מרכז שפירא,1,מרכז שפירא,מועדון פיס,"(32.1778533, 34.9055135)"
1098,מרכז שפירא,2,מרכז שפירא,מועדון ותיקים,"(32.1778533, 34.9055135)"
1098,מרכז שפירא,3,מרכז שפירא,מועדון פיס,"(32.1778533, 34.9055135)"
1098,מרכז שפירא,4,מרכז שפירא,מועדון פיס,"(32.1778533, 34.9055135)"
620,משואות יצחק,1,משואות יצחק,מועדון לחבר,"(31.701064, 34.691641)"
791,משען,1,משען,בית העם,"(31.658889, 34.623364)"
315,נגבה,1,נגבה,מועדון,"(32.069882, 34.832089)"
309,נהורה,1,נהורה,בית העם,"(31.620153, 34.702107)"
309,נהורה,2,נהורה,בית העם,"(31.620153, 34.702107)"
55,נוגה,1,נוגה,מועדון,
827,נווה מבטח,1,נווה מבטח,מועדון נוער,
15,נועם,1,נועם,בית תרבות,"(31.568199, 34.786354)"
844,נחל עוז,1,נחל עוז,מבואה של חדר האוכל,
2045,נחלה,1,נחלה,מועדון,"(31.658678, 34.791678)"
1369,נטע,1,"נטע,1 ",מועדון מול המזכירות,
351,ניצן,1,"דוד המלך,1 ","בית ספר ממ""ד תורני ניצני קטיף","(31.7411869, 34.6355359)"
351,ניצן,2,"דוד המלך,1 ","בית ספר ממ""ד תורני ניצני קטיף","(31.7411869, 34.6355359)"
1419,ניצן ב',1,משעול התמר,"מתנ""ס ניצני קטיף",
1419,ניצן ב',3,משעול התמר,"מתנ""ס ניצני קטיף",
359,ניצנים,1,ניצנים,מועדון בית הנצחה-בגב חדר אוכל,"(32.1809077, 34.9020596)"
553,ניר בנים,1,ניר בנים,מועדון הלבן,"(31.67, 34.754712)"
11,"ניר ח""ן",1,"ניר ח""ן",מועדון חברים חדש,
699,ניר ישראל,1,ניר ישראל,בית העם,"(31.6924961, 34.6316971)"
348,ניר עם,1,ניר עם,אולם המופעים -מועדון לחבר,"(31.5206329, 34.5766663)"
1242,נתיב העשרה,1,נתיב העשרה,מועדון - כניסה ראשית,"(31.572122, 34.539739)"
2046,סגולה,1,סגולה,מזכירות,"(32.1032452, 34.8879576)"
826,עוזה,1,עוזה,מועדון עוזה,
32,עוצם,1,עוצם,מועדון,
1149,עזר,1,עזר,מועדון נוער,"(31.791, 35.218815)"
817,עזריקם,1,עזריקם,בית העם,
817,עזריקם,2,עזריקם,בית העם,
622,עין צורים,1,עין צורים,מועדון שי,"(31.696736, 34.72058)"
593,ערוגות,1,ערוגות,בית העם,"(32.304459, 35.005858)"
392,קדמה,1,קדמה,מזכירות,"(32.3527843, 34.9025411)"
766,קוממיות,1,קוממיות,"בי""ס בית יעקב","(32.0007004, 34.7593762)"
2630,קרית גת,1,שד העצמאות,"מתנ""ס ע""ש אדית","(31.610809, 34.772195)"
2630,קרית גת,2,"רחבת גד,13 ","מתנס שבטי ישראל ע""ש יגר","(31.6168098, 34.7685808)"
2630,קרית גת,3,"שד לכיש,48 ","אולפנת צביה(היה בי""ס בן גוריון",
2630,קרית גת,4,"רחבת גד,13 ","מתנס שבטי ישראל ע""ש יגר","(31.6168098, 34.7685808)"
2630,קרית גת,5,"רחבת ירמיהו,3 ","בי""ס חב""ד",
2630,קרית גת,6,"שד העצמאות,66 ","בי""ס משואה",
2630,קרית גת,8,"שד העצמאות,66 ","בי""ס משואה",
2630,קרית גת,9,"הדקל,10 ","בי""ס שפרינצק","(31.6034251, 34.7674851)"
2630,קרית גת,10,"שד העצמאות,66 ","בי""ס משואה",
2630,קרית גת,11,"הזית,40 ","בי""ס מעש","(31.6036032, 34.7700497)"
2630,קרית גת,12,"הדקל,10 ","בי""ס שפרינצק","(31.6034251, 34.7674851)"
2630,קרית גת,13,"הדקל,10 ","בי""ס שפרינצק","(31.6034251, 34.7674851)"
2630,קרית גת,14,הכרמל,"בי""ס בן צבי","(31.6122079, 34.7749621)"
2630,קרית גת,15,"הזית,40 ","בי""ס מעש","(31.6036032, 34.7700497)"
2630,קרית גת,16,"שמואל הנביא,13 ","בי""ס ממלכתי ע""ש אפרים בן דוד","(31.6119609, 34.7629116)"
2630,קרית גת,17,"מירון,2 ","בי""ס רשב""י","(31.6125366, 34.776441)"
2630,קרית גת,18,"שמואל הנביא,13 ","בי""ס ממלכתי ע""ש אפרים בן דוד","(31.6119609, 34.7629116)"
2630,קרית גת,19,"שד לכיש,48 ","אולפנת צביה(היה בי""ס בן גוריון",
2630,קרית גת,20,"רחבת גד,13 ","מתנס שבטי ישראל ע""ש יגר","(31.6168098, 34.7685808)"
2630,קרית גת,21,"החלוץ,52 ","בי""ס בית יעקב","(31.6107252, 34.758165)"
2630,קרית גת,22,"החלוץ,52 ","בי""ס בית יעקב","(31.6107252, 34.758165)"
2630,קרית גת,23,"שד לכיש,48 ","אולפנת צביה(היה בי""ס בן גוריון",
2630,קרית גת,24,"מירון,2 ","בי""ס רשב""י","(31.6125366, 34.776441)"
2630,קרית גת,25,"שד העצמאות,66 ","בי""ס משואה",
2630,קרית גת,26,"שד העצמאות,30 ","בי""ס המקיף ממלכתי ע""ש שלאון",
2630,קרית גת,27,"נופך,19 ","בי""ס כרמים","(31.6211662, 34.7759836)"
2630,קרית גת,28,"שמואל הנביא,13 ","בי""ס ממלכתי ע""ש אפרים בן דוד","(31.6119609, 34.7629116)"
2630,קרית גת,29,"יפתח הגלעדי,11 ","בי""ס רמב""ם","(31.6139814, 34.7613618)"
2630,קרית גת,30,"יפתח הגלעדי,10 ",גני יפתח,"(31.6139814, 34.7613618)"
2630,קרית גת,31,"אהוד בן גרא,3 ","בי""ס תיכון גרוס","(31.6149119, 34.764501)"
2630,קרית גת,32,"אהוד בן גרא,9 ","קרית חינוך ע""ש זאב בוים","(31.6149119, 34.764501)"
2630,קרית גת,33,"אהוד בן גרא,3 ","בי""ס תיכון גרוס","(31.6149119, 34.764501)"
2630,קרית גת,34,"אהוד בן גרא,3 ","בי""ס תיכון גרוס","(31.6149119, 34.764501)"
2630,קרית גת,35,"אהוד בן גרא,3 ","בי""ס תיכון גרוס","(31.6149119, 34.764501)"
2630,קרית גת,36,"יפתח הגלעדי,11 ","בי""ס רמב""ם","(31.6139814, 34.7613618)"
2630,קרית גת,37,"אהוד בן גרא,9 ","קרית חינוך ע""ש זאב בוים","(31.6149119, 34.764501)"
2630,קרית גת,38,"יפתח הגלעדי,11 ","בי""ס רמב""ם","(31.6139814, 34.7613618)"
2630,קרית גת,39,"יפתח הגלעדי,10 ",גני יפתח,"(31.6139814, 34.7613618)"
2630,קרית גת,40,"אהוד בן גרא,9 ","קרית חינוך ע""ש זאב בוים","(31.6149119, 34.764501)"
2630,קרית גת,41,"החלוץ,52 ","בי""ס ממ""ד אור שלמה","(31.6107252, 34.758165)"
2630,קרית גת,42,"החלוץ,52 ","בי""ס ממ""ד אור שלמה","(31.6107252, 34.758165)"
2630,קרית גת,43,"אהוד בן גרא,9 ","קרית חינוך ע""ש זאב בוים","(31.6149119, 34.764501)"
2630,קרית גת,44,"אהוד בן גרא,9 ","קרית חינוך ע""ש זאב בוים","(31.6149119, 34.764501)"
2630,קרית גת,45,"מירון,2 ","בי""ס רשב""י","(31.6125366, 34.776441)"
2630,קרית גת,46,"נופך,19 ","בי""ס כרמים","(31.6211662, 34.7759836)"
2630,קרית גת,47,"נופך,19 ","בי""ס כרמים","(31.6211662, 34.7759836)"
2630,קרית גת,48,"בית יוסף,45 ","בי""ס סלונים","(31.6172942, 34.7543719)"
2630,קרית גת,49,"שד גת,120 ","בי""ס יסודי ע""ש בגין","(31.609122, 34.762251)"
2630,קרית גת,50,"המעפיל,1 ","בי""ס תיכון ע""ש אריה מאיר","(31.6033681, 34.7611249)"
2630,קרית גת,51,"מבוא תש""ח,5 ","בי""ס יד יצחק",
2630,קרית גת,52,"מבוא תש""ח,5 ","בי""ס יד יצחק",
2630,קרית גת,53,"המעפיל,1 ","בי""ס תיכון ע""ש אריה מאיר","(31.6033681, 34.7611249)"
2630,קרית גת,54,"המעפיל,1 ","בי""ס תיכון ע""ש אריה מאיר","(31.6033681, 34.7611249)"
2630,קרית גת,55,"גאון הירדן,2 ",סמינר בית יעקב גור,"(31.6074662, 34.7551628)"
2630,קרית גת,56,"גאון הירדן,2 ",סמינר בית יעקב גור,"(31.6074662, 34.7551628)"
2630,קרית גת,57,"גאון הירדן,2 ",סמינר בית יעקב גור,"(31.6074662, 34.7551628)"
2630,קרית גת,58,"שד גת,120 ","בי""ס יסודי ע""ש בגין","(31.609122, 34.762251)"
2630,קרית גת,59,"שד גת,120 ","בי""ס יסודי ע""ש בגין","(31.609122, 34.762251)"
2630,קרית גת,60,"שד גת,120 ","בי""ס יסודי ע""ש בגין","(31.609122, 34.762251)"
2630,קרית גת,61,"הגבורה,37 ","בי""ס דוד אלעזר","(31.6073037, 34.7573971)"
2630,קרית גת,62,"המעפיל,1 ","בי""ס תיכון ע""ש אריה מאיר","(31.6033681, 34.7611249)"
2630,קרית גת,63,"שד מלכי ישראל,81 ",בית מלכה בעלז,
2630,קרית גת,64,"הגבורה,37 ","בי""ס דוד אלעזר","(31.6073037, 34.7573971)"
2630,קרית גת,65,"שד מלכי ישראל,81 ",בית מלכה בעלז,
2630,קרית גת,66,"שד גת,120 ","בי""ס יסודי ע""ש בגין","(31.609122, 34.762251)"
2630,קרית גת,67,"הגבורה,37 ","בי""ס דוד אלעזר","(31.6073037, 34.7573971)"
2630,קרית גת,68,"האדמו""ר מחב""ד,28 ",מוסדות בעלז,"(31.6179821, 34.7524188)"
2630,קרית גת,69,"הגבורה,37 ","בי""ס דוד אלעזר","(31.6073037, 34.7573971)"
2630,קרית גת,70,"המעפיל,1 ","בי""ס תיכון ע""ש אריה מאיר","(31.6033681, 34.7611249)"
2630,קרית גת,71,"מבוא תש""ח,5 ","בי""ס יד יצחק",
2630,קרית גת,72,"בית יוסף,18 ",מרכז מעלה - קהילתי גוגנהיים,"(31.6167041, 34.7553572)"
2630,קרית גת,73,"האדמו""ר מחב""ד,28 ",מוסדות בעלז,"(31.6179821, 34.7524188)"
2630,קרית גת,74,"בית יוסף,45 ","בי""ס סלונים","(31.6172942, 34.7543719)"
2630,קרית גת,75,"שדרות אבני החושן,74 ",בית ספר אורט כרמי גת,"(31.6258159, 34.7742402)"
2630,קרית גת,76,"אהוד בן גרא,9 ","קרית חינוך ע""ש זאב בוים","(31.6149119, 34.764501)"
2630,קרית גת,77,"הנרייטה סאלד,5 ",בית הספר הממלכתי דתי שבזי,"(31.6307722, 34.7705939)"
2630,קרית גת,78,"נופך,19 ","בי""ס כרמים","(31.6211662, 34.7759836)"
2630,קרית גת,79,"בית יוסף,45 ","בי""ס סלונים","(31.6172942, 34.7543719)"
2630,קרית גת,80,"שדרות אבני החושן,74 ",בית ספר אורט כרמי גת,"(31.6258159, 34.7742402)"
2630,קרית גת,81,"שד העצמאות,66 ","בי""ס משואה",
2630,קרית גת,950,"הדקל,10 ","בי""ס שפרינצק","(31.6034251, 34.7674851)"
2630,קרית גת,990,שד העצמאות,"מתנ""ס ע""ש אדית","(31.610809, 34.772195)"
1034,קרית מלאכי,1,גובר רבקה ומרדכי,"בי""ס אלי כהן","(31.7322212, 34.7417475)"
1034,קרית מלאכי,2,בר יהודה,"בי""ס תיכון דתי אמי""ת","(31.7354783, 34.7495792)"
1034,קרית מלאכי,3,ז'בוטינסקי,"בי""ס ממלכתי נצח ישראל","(31.7287599, 34.7459983)"
1034,קרית מלאכי,4,בר יהודה,"בי""ס תיכון דתי אמי""ת","(31.7354783, 34.7495792)"
1034,קרית מלאכי,5,הנגב,"בי""ס ממלכתי האחים","(31.7303653, 34.7479494)"
1034,קרית מלאכי,6,"ספרא,34 ","בי""ס מקיף כללי עמל","(31.7288977, 34.7452301)"
1034,קרית מלאכי,7,סאן דייגו,"מתנ""ס קיבוץ גלויות","(31.7298288, 34.7508358)"
1034,קרית מלאכי,8,שד ירושלים,"בי""ס ממ""ד חב""ד בנות(בית חנה)",
1034,קרית מלאכי,9,"ספרא,34 ","בי""ס מקיף כללי עמל","(31.7288977, 34.7452301)"
1034,קרית מלאכי,10,"ספרא,34 ","בי""ס מקיף כללי עמל","(31.7288977, 34.7452301)"
1034,קרית מלאכי,11,גובר רבקה ומרדכי,"בי""ס אלי כהן","(31.7322212, 34.7417475)"
1034,קרית מלאכי,12,"הורדים,16 ","בי""ס ממ""ד הראל",
1034,קרית מלאכי,13,"הורדים,16 ","בי""ס ממ""ד הראל",
1034,קרית מלאכי,14,הנגב,"בי""ס ממלכתי האחים","(31.7303653, 34.7479494)"
1034,קרית מלאכי,15,הנגב,"בי""ס ממלכתי האחים","(31.7303653, 34.7479494)"
1034,קרית מלאכי,16,ז'בוטינסקי,"בי""ס ממלכתי נצח ישראל","(31.7287599, 34.7459983)"
1034,קרית מלאכי,17,"הורדים,16 ","בי""ס ממ""ד הראל",
1034,קרית מלאכי,18,בר יהודה,"בי""ס תיכון דתי אמי""ת","(31.7354783, 34.7495792)"
1034,קרית מלאכי,19,ז'בוטינסקי,"בי""ס ממלכתי נצח ישראל","(31.7287599, 34.7459983)"
1034,קרית מלאכי,20,שד ירושלים,"בי""ס ממ""ד חב""ד בנות(בית חנה)",
1034,קרית מלאכי,21,ז'בוטינסקי,"בי""ס ממלכתי נצח ישראל","(31.7287599, 34.7459983)"
1034,קרית מלאכי,22,גובר רבקה ומרדכי,"בי""ס אלי כהן","(31.7322212, 34.7417475)"
1034,קרית מלאכי,23,בר יהודה,"בי""ס תיכון דתי אמי""ת","(31.7354783, 34.7495792)"
1034,קרית מלאכי,24,בר יהודה,"בי""ס תיכון דתי אמי""ת","(31.7354783, 34.7495792)"
1034,קרית מלאכי,25,שד ירושלים,"בי""ס ממ""ד חב""ד בנות(בית חנה)",
1034,קרית מלאכי,26,"הורדים,16 ","בי""ס ממ""ד הראל",
1034,קרית מלאכי,28,שד ירושלים,"בי""ס ממ""ד חב""ד בנות(בית חנה)",
1034,קרית מלאכי,29,שד ירושלים,"בי""ס ממ""ד חב""ד בנות(בית חנה)",
1034,קרית מלאכי,30,שד ירושלים,"בי""ס ממ""ד חב""ד בנות(בית חנה)",
1034,קרית מלאכי,31,"הורדים,16 ","בי""ס ממ""ד הראל",
1034,קרית מלאכי,950,"שד בן גוריון,38 ","מתנ""ס בן גוריון","(31.7294784, 34.7438733)"
1034,קרית מלאכי,990,שד ירושלים,"בי""ס ממ""ד חב""ד בנות(בית חנה)",
564,רבדים,1,רבדים,מועדון לקשיש,"(31.77329, 34.816551)"
2051,רווחה,1,רווחה,מועדון,"(31.646046, 34.732738)"
362,רוחמה,1,רוחמה,מזכירות,"(31.4890033, 34.6895269)"
36,שדה דוד,1,שדה דוד,מועדון,"(31.074055, 35.026967)"
293,שדה יואב,1,שדה יואב,מזכירות,
18,שדה משה,1,שדה משה,בית העם,"(32.163127, 34.854389)"
739,שדה עוזיהו,1,שדה עוזיהו,בית העם - כניסה ראשית,
739,שדה עוזיהו,2,שדה עוזיהו,בית העם - כניסה צדדית,
1031,שדרות,1,"יוספטל,1 ","ישיבה בית חב""ד","(31.5251173, 34.5937579)"
1031,שדרות,2,משעול הנשיא,מועדון נערות במצוקה,
1031,שדרות,3,"שד בגין מנחם,14 ","בי""ס הרוא""ה החדש",
1031,שדרות,4,"הבנים,15 ","בי""ס למוזיקה","(31.522591, 34.5982546)"
1031,שדרות,5,משעול פעמונית,אולפנת שירה (עץ החיים לשעבר),
1031,שדרות,6,לוטם,"בי""ס מקיף דתי","(31.5223073, 34.5902392)"
1031,שדרות,7,שאר ישוב,"בי""ס מקיף כללי חדש","(31.5265237, 34.6028681)"
1031,שדרות,8,שאר ישוב,"בי""ס מקיף כללי חדש","(31.5265237, 34.6028681)"
1031,שדרות,9,"שד בגין מנחם,14 ","בי""ס הרוא""ה החדש",
1031,שדרות,10,"דיין משה,903 ","בי""ס יסודי ממלכתי גיל - רבין","(31.5267643, 34.6048185)"
1031,שדרות,11,"שד בגין מנחם,14 ","בי""ס הרוא""ה החדש",
1031,שדרות,12,שאר ישוב,"בי""ס מקיף כללי חדש","(31.5265237, 34.6028681)"
1031,שדרות,13,"דיין משה,903 ","בי""ס יסודי ממלכתי גיל - רבין","(31.5267643, 34.6048185)"
1031,שדרות,14,"דיין משה,903 ","בי""ס יסודי ממלכתי גיל - רבין","(31.5267643, 34.6048185)"
1031,שדרות,15,"משה רבנו,120 ",ביס יסודי התורה,"(31.5356491, 34.581564)"
1031,שדרות,16,"קרן קיימת לישראל,906 ","בי""ס למדעים ע""ש יגאל אלון","(31.5313257, 34.5857555)"
1031,שדרות,17,"יהושע בן נון,5 ","בי""ס אמית תורני","(31.5354992, 34.5906899)"
1031,שדרות,18,"דיין משה,903 ","בי""ס יסודי ממלכתי גיל - רבין","(31.5267643, 34.6048185)"
1031,שדרות,19,"שד בגין מנחם,14 ","בי""ס הרוא""ה החדש",
1031,שדרות,20,"הדגל,7 ",מרכז פלא מתנס ישן,"(31.5233754, 34.5963561)"
1031,שדרות,21,"דיין משה,903 ","בי""ס יסודי ממלכתי גיל - רבין","(31.5267643, 34.6048185)"
1031,שדרות,22,"קרן קיימת לישראל,906 ","בי""ס למדעים ע""ש יגאל אלון","(31.5313257, 34.5857555)"
1031,שדרות,23,"יהושע בן נון,5 ","בי""ס אמית תורני","(31.5354992, 34.5906899)"
1031,שדרות,24,"משה רבנו,120 ",ביס יסודי התורה,"(31.5356491, 34.581564)"
1031,שדרות,25,שאר ישוב,"בי""ס מקיף כללי חדש","(31.5265237, 34.6028681)"
1031,שדרות,26,"קרן קיימת לישראל,906 ","בי""ס למדעים ע""ש יגאל אלון","(31.5313257, 34.5857555)"
1031,שדרות,27,"המגינים,17 ","בי""ס מדעי תורני","(31.5272201, 34.5877166)"
1031,שדרות,28,"משה רבנו,120 ",ביס יסודי התורה,"(31.5356491, 34.581564)"
1031,שדרות,29,"משה רבנו,120 ",ביס יסודי התורה,"(31.5356491, 34.581564)"
1031,שדרות,30,משעול פעמונית,אולפנת שירה (עץ החיים לשעבר),
1031,שדרות,31,"דיין משה,903 ","בי""ס יסודי ממלכתי גיל - רבין","(31.5267643, 34.6048185)"
1031,שדרות,32,"משה רבנו,120 ",ביס יסודי התורה,"(31.5356491, 34.581564)"
1031,שדרות,33,"יהושע בן נון,5 ","בי""ס אמית תורני","(31.5354992, 34.5906899)"
1031,שדרות,34,יוספטל,מועדון עוצמה,"(31.5267519, 34.5937877)"
1031,שדרות,35,שאר ישוב,"בי""ס מקיף כללי חדש","(31.5265237, 34.6028681)"
1031,שדרות,37,"משה רבנו,120 ",ביס יסודי התורה,"(31.5356491, 34.581564)"
1031,שדרות,38,"המגינים,17 ","בי""ס מדעי תורני","(31.5272201, 34.5877166)"
1031,שדרות,950,"שד בגין מנחם,14 ","בי""ס הרוא""ה החדש",
1031,שדרות,990,"יוספטל,1 ","ישיבה בית חב""ד","(31.5251173, 34.5937579)"
7,שחר,1,שחר,מועדון,"(31.62109, 34.731847)"
873,שלווה,1,שלווה,בית תרבות,
692,שפיר,1,שפיר,מזכירות,"(31.6970563, 34.7284254)"
1233,שקף,1,שקף,מועדון,"(31.514168, 34.936748)"
763,שתולים,1,שתולים,מועדון פיס-לנוער אולם גדול,"(31.77089, 34.687874)"
763,שתולים,2,שתולים,מועדון פיס-לנוער אולם קטן,"(31.77089, 34.687874)"
163,תימורים,1,תימורים,מועדון,
727,תלמי יחיאל,1,תלמי יחיאל,מועדון,
744,תלמי יפה,1,תלמי יפה,מועדון לחבר,
814,תלמים,1,"תלמים,1 ",מועדון פיס,
967,אבו ג'ווייעד (שבט),1,"ערערה-בנגב,ערערה-בנגב","בי""ס איבן סינה - בערוער",
967,אבו ג'ווייעד (שבט),2,"ערערה-בנגב,ערערה-בנגב","בי""ס איבן סינה - בערוער",
967,אבו ג'ווייעד (שבט),3,"ערערה-בנגב,ערערה-בנגב","בי""ס איבן סינה - בערוער",
935,אבו סריחאן (שבט),1,אבו סריחאן (שבט),"בי""ס אבובאכר",
958,אבו עבדון (שבט),1,אבו עבדון (שבט),"בי""ס חט""ב לקייה",
1042,אבו עמאר (שבט),1,אבו עמאר (שבט),"בי""ס יסודי אל בירוני לקיה",
932,אבו עמרה (שבט),1,אבו עמרה (שבט),ביס יסודי ב,
968,אבו קורינאת (שבט),1,אבו קורינאת (שבט),בית ספר אבו קריינאת,
968,אבו קורינאת (שבט),2,אבו קורינאת (שבט),בית ספר אבו קריינאת,
968,אבו קורינאת (שבט),3,אבו קורינאת (שבט),בית ספר אבו קריינאת,
968,אבו קורינאת (שבט),4,אבו קורינאת (שבט),בית ספר אבו קריינאת,
968,אבו קורינאת (שבט),5,אבו קורינאת (שבט),בית ספר אבו קריינאת,
1342,אבו קרינאת (יישוב),1,אבו קרינאת (יישוב),"בי""ס אבו קרינאת ב",
966,אבו רובייעה (שבט),1,"כסיפה,כסיפה","בי""ס יסודי חמאד אבו רובייעה",
966,אבו רובייעה (שבט),2,"כסיפה,כסיפה","בי""ס יסודי חמאד אבו רובייעה",
966,אבו רובייעה (שבט),3,"כסיפה,כסיפה","בי""ס יסודי חמאד אבו רובייעה",
966,אבו רובייעה (שבט),4,"כסיפה,כסיפה","בי""ס רב תחומי",
966,אבו רובייעה (שבט),5,"כסיפה,כסיפה","בי""ס יסודי חמאד אבו רובייעה",
966,אבו רובייעה (שבט),6,"כסיפה,כסיפה","בי""ס רב תחומי",
961,אבו רוקייק (שבט),1,אבו רוקייק (שבט),"בי""ס רב תחומי תל שבע מבנה ימני",
961,אבו רוקייק (שבט),2,אבו רוקייק (שבט),"בי""ס רב תחומי תל שבע מבנה ימני",
961,אבו רוקייק (שבט),3,אבו רוקייק (שבט),"בי""ס רב תחומי תל שבע מבנה ימני",
961,אבו רוקייק (שבט),4,אבו רוקייק (שבט),"בי""ס רב תחומי תל שבע מבנה ימני",
961,אבו רוקייק (שבט),5,אבו רוקייק (שבט),"בי""ס רב תחומי תל שבע מבנה ימני",
961,אבו רוקייק (שבט),6,אבו רוקייק (שבט),"בי""ס רב תחומי תל שבע מבנה ימני",
961,אבו רוקייק (שבט),7,אבו רוקייק (שבט),"בי""ס רב תחומי תל שבע מבנה ימני",
961,אבו רוקייק (שבט),8,אבו רוקייק (שבט),"בי""ס רב תחומי תל שבע מבנה ימני",
1375,אבו תלול,1,אבו תלול,"בי""ס אורט אבו תלול","(31.198776, 34.921624)"
1375,אבו תלול,2,אבו תלול,"בי""ס אורט אבו תלול","(31.198776, 34.921624)"
1311,אבשלום,1,אבשלום,"מרכז קהילתי ע""ש צ'רלס פוקס","(31.195273, 34.331509)"
1046,אוהד,1,אוהד,מועדון,"(31.236891, 34.430245)"
1358,אום בטין,1,אום בטין,"בי""ס יסודי אלסנאבל","(31.286011, 34.8707)"
1358,אום בטין,2,אום בטין,"בי""ס יסודי אלסנאבל","(31.286011, 34.8707)"
1358,אום בטין,3,אום בטין,"בי""ס יסודי אלסנאבל","(31.286011, 34.8707)"
1358,אום בטין,4,אום בטין,"בי""ס יסודי אלסנאבל","(31.286011, 34.8707)"
31,אופקים,1,"קבוץ גלויות,5 ",מינהל החינוך והתרבות,
31,אופקים,2,"צה""ל,4 ","בי""ס ממ""ד אפיקי ארץ","(31.3121587, 34.6193726)"
31,אופקים,3,"הפלמ""ח,1 ","בי""ס ממ""ד מורשת-ישורון","(31.3155193, 34.6181034)"
31,אופקים,4,גולומב,בית הספר הגבעה,"(31.3124187, 34.6170442)"
31,אופקים,5,הנשיא,"בי""ס אשלים","(31.3194603, 34.6196745)"
31,אופקים,6,"הרב אבוחצירה,1 ","בי""ס תורה לשמה",
31,אופקים,7,"צה""ל,4 ","בי""ס ממ""ד אפיקי ארץ","(31.3121587, 34.6193726)"
31,אופקים,8,"צאלון,1 ","ביה""ס אביר יעקב","(31.3022665, 34.6174205)"
31,אופקים,9,גולומב,בית הספר הגבעה,"(31.3124187, 34.6170442)"
31,אופקים,10,"רבי עקיבא,12 ",מועדון פיס לנוער,"(31.3056806, 34.6241308)"
31,אופקים,11,"חפץ חיים,26 ","בי""ס שושנים (אביר יעקב לשעבר)","(31.3067974, 34.625615)"
31,אופקים,12,"חפץ חיים,26 ","בי""ס שושנים (אביר יעקב לשעבר)","(31.3067974, 34.625615)"
31,אופקים,13,"החיד""א",תלמוד תורה-דרכי חיים,"(31.3082939, 34.6263004)"
31,אופקים,14,"עמרם בן דיואן,4 ","בי""ס בית-יעקב - מעלות חיה",
31,אופקים,15,"עמרם בן דיואן,4 ","בי""ס בית-יעקב - מעלות חיה",
31,אופקים,16,"יהודה הלוי,16 ","בי""ס ממ""ד חב""ד בנות","(31.3145136, 34.6161577)"
31,אופקים,17,"דרך הטייסים,903 ","בי""ס דוד בן גוריון","(31.3060159, 34.6212855)"
31,אופקים,18,"הרב אבוחצירה,1 ","בי""ס תורה לשמה",
31,אופקים,19,"צאלון,1 ","ביה""ס אביר יעקב","(31.3022665, 34.6174205)"
31,אופקים,20,"הרב יעקב הורוביץ,1 ",גנים-רבקה ומירב,"(31.2998288, 34.61946)"
31,אופקים,21,"דרך הטייסים,4 ","בי""ס הרב תחומי","(31.3060159, 34.6212855)"
31,אופקים,22,"דרך הטייסים,4 ","בי""ס הרב תחומי","(31.3060159, 34.6212855)"
31,אופקים,23,"ירושלים,41 ",גנים- כלנית וסתוונית,"(31.2999736, 34.6275281)"
31,אופקים,24,"דרך הטייסים,4 ","בי""ס הרב תחומי","(31.3060159, 34.6212855)"
31,אופקים,25,"צאלון,1 ","ביה""ס אביר יעקב","(31.3022665, 34.6174205)"
31,אופקים,26,"צה""ל,4 ","בי""ס ממ""ד אפיקי ארץ","(31.3121587, 34.6193726)"
31,אופקים,27,"הרב אבוחצירה,1 ","בי""ס תורה לשמה",
31,אופקים,28,"רבי עקיבא,12 ",מועדון פיס לנוער,"(31.3056806, 34.6241308)"
31,אופקים,29,"קבוץ גלויות,5 ",מינהל החינוך והתרבות,
31,אופקים,30,"החיד""א",תלמוד תורה-דרכי חיים,"(31.3082939, 34.6263004)"
31,אופקים,31,"דרך הטייסים,4 ","בי""ס הרב תחומי","(31.3060159, 34.6212855)"
31,אופקים,32,"ירושלים,41 ",גנים- כלנית וסתוונית,"(31.2999736, 34.6275281)"
31,אופקים,33,"חפץ חיים,26 ","בי""ס שושנים (אביר יעקב לשעבר)","(31.3067974, 34.625615)"
31,אופקים,34,"יהודה הלוי,16 ","בי""ס ממ""ד חב""ד בנות","(31.3145136, 34.6161577)"
31,אופקים,35,"ירושלים,41 ",גנים -סביון והיובל,"(31.2999736, 34.6275281)"
31,אופקים,36,"דרך הטייסים,903 ","בי""ס דוד בן גוריון","(31.3060159, 34.6212855)"
31,אופקים,37,"דרך הטייסים,903 ","בי""ס דוד בן גוריון","(31.3060159, 34.6212855)"
31,אופקים,38,"דרך הטייסים,903 ","בי""ס דוד בן גוריון","(31.3060159, 34.6212855)"
31,אופקים,39,"דרך הטייסים,4 ","בי""ס הרב תחומי","(31.3060159, 34.6212855)"
31,אופקים,40,"דרך הטייסים,903 ","בי""ס דוד בן גוריון","(31.3060159, 34.6212855)"
31,אופקים,41,"רבי עקיבא,12 ",מועדון פיס לנוער,"(31.3056806, 34.6241308)"
31,אופקים,42,"דרך הטייסים,903 ","בי""ס דוד בן גוריון","(31.3060159, 34.6212855)"
31,אופקים,990,"קבוץ גלויות,5 ",מינהל החינוך והתרבות,
403,אורים,1,אורים,מועדון לחבר,"(29.5637686, 34.9399955)"
965,אטרש (שבט),1,אטרש (שבט),"בי""ס אל טורשאן",
965,אטרש (שבט),2,אטרש (שבט),"בי""ס אל טורשאן",
965,אטרש (שבט),3,אטרש (שבט),"בי""ס אל טורשאן",
1126,אילות,1,אילות,מועדון חברים,"(29.5812438, 34.962663)"
2600,אילת,1,צין,"מתנ""ס קולייר","(29.5602356, 34.9453313)"
2600,אילת,2,צין,"מתנ""ס קולייר","(29.5602356, 34.9453313)"
2600,אילת,3,"דרך יותם,51 ","בי""ס תיכון מקיף ע""ש יצחק רבין",
2600,אילת,4,"שד יעלים,39 ","בי""ס ממלכתי ג יעלים",
2600,אילת,5,"שד יעלים,39 ","בי""ס ממלכתי ג יעלים",
2600,אילת,6,"שד יעלים,39 ","בי""ס ממלכתי ג יעלים",
2600,אילת,7,"המלחה,1 ",קמפוס אילת (בנין 4),
2600,אילת,8,"מדיין,5 ","בי""ס ממלכתי א אלמוג","(29.5579613, 34.9501909)"
2600,אילת,9,"נחשון,30 ","בי""ס חב""ד","(29.5656611, 34.9475941)"
2600,אילת,10,"נחשון,30 ","בי""ס חב""ד","(29.5656611, 34.9475941)"
2600,אילת,11,"נחשון,30 ","בי""ס חב""ד","(29.5656611, 34.9475941)"
2600,אילת,12,"שור,8 ",אולפנת בני עקיבא תהילת ישראל,"(29.5601288, 34.9440799)"
2600,אילת,13,"דרך יותם,50 ","בי""ס ממלכתי ד אופיר",
2600,אילת,14,"שור,8 ",אולפנת בני עקיבא תהילת ישראל,"(29.5601288, 34.9440799)"
2600,אילת,15,"שד יעלים,39 ","בי""ס ממלכתי ג יעלים",
2600,אילת,16,"המלחה,1 ",קמפוס אילת (בנין 4),
2600,אילת,17,"מדיין,5 ","בי""ס ממלכתי א אלמוג","(29.5579613, 34.9501909)"
2600,אילת,18,"דרך יותם,50 ","בי""ס ממלכתי ד אופיר",
2600,אילת,19,"מדיין,5 ","בי""ס ממלכתי א אלמוג","(29.5579613, 34.9501909)"
2600,אילת,20,"נחשון,30 ","בי""ס חב""ד","(29.5656611, 34.9475941)"
2600,אילת,21,"שד יעלים,39 ","בי""ס ממלכתי ג יעלים",
2600,אילת,22,"מדיין,5 ","בי""ס ממלכתי א אלמוג","(29.5579613, 34.9501909)"
2600,אילת,23,צין,"מתנ""ס קולייר","(29.5602356, 34.9453313)"
2600,אילת,24,"נחשון,30 ","בי""ס חב""ד","(29.5656611, 34.9475941)"
2600,אילת,25,"דרך יותם,50 ","בי""ס ממלכתי ד אופיר",
2600,אילת,26,"דרך יותם,51 ","בי""ס תיכון מקיף ע""ש יצחק רבין",
2600,אילת,27,"יהל,15 ","בי""ס צאלים","(29.5609178, 34.9339597)"
2600,אילת,28,"דקר,8 ","בי""ס מצפה ים","(29.5572672, 34.9314803)"
2600,אילת,29,"דקר,8 ","בי""ס מצפה ים","(29.5572672, 34.9314803)"
2600,אילת,30,"שד ששת הימים,211 ","בי""ס עציון גבר","(29.558466, 34.939527)"
2600,אילת,31,"גרניט,3 ","בי""ס ימין הרצוג",
2600,אילת,32,הספורטאים,"בי""ס ע""ש בגין","(29.5616271, 34.9389369)"
2600,אילת,33,"גרניט,3 ","בי""ס ימין הרצוג",
2600,אילת,34,"שד ששת הימים,211 ","בי""ס עציון גבר","(29.558466, 34.939527)"
2600,אילת,35,"יהל,15 ","בי""ס צאלים","(29.5609178, 34.9339597)"
2600,אילת,36,"דרך יותם,51 ","בי""ס תיכון מקיף ע""ש יצחק רבין",
2600,אילת,37,"חטיבת הנגב,15 ","בי""ס תיכון גולדוטר-אגף מינהלה","(29.5573332, 34.9527984)"
2600,אילת,38,הספורטאים,"בי""ס ע""ש בגין","(29.5616271, 34.9389369)"
2600,אילת,39,"יהל,15 ","בי""ס צאלים","(29.5609178, 34.9339597)"
2600,אילת,40,"דקר,8 ","בי""ס מצפה ים","(29.5572672, 34.9314803)"
2600,אילת,41,"חטיבת הנגב,15 ","בי""ס תיכון גולדוטר-אגף מורות","(29.5573332, 34.9527984)"
2600,אילת,42,"חטיבת הנגב,15 ","בי""ס תיכון גולדוטר-אגף מינהלה","(29.5573332, 34.9527984)"
2600,אילת,43,"דרך יותם,51 ","בי""ס תיכון מקיף ע""ש יצחק רבין",
2600,אילת,44,"חטיבת הנגב,15 ","בי""ס תיכון גולדוטר-אגף מינהלה","(29.5573332, 34.9527984)"
2600,אילת,45,"גרניט,3 ","בי""ס ימין הרצוג",
2600,אילת,46,"יהל,15 ","בי""ס צאלים","(29.5609178, 34.9339597)"
2600,אילת,47,"יהל,15 ","בי""ס צאלים","(29.5609178, 34.9339597)"
2600,אילת,48,"דקר,8 ","בי""ס מצפה ים","(29.5572672, 34.9314803)"
2600,אילת,49,"חטיבת הנגב,15 ","בי""ס תיכון גולדוטר-אגף מינהלה","(29.5573332, 34.9527984)"
2600,אילת,50,"דרך יותם,51 ","בי""ס תיכון מקיף ע""ש יצחק רבין",
2600,אילת,51,"דרך יותם,51 ","בי""ס תיכון מקיף ע""ש יצחק רבין",
2600,אילת,52,"גרניט,3 ","בי""ס ימין הרצוג",
2600,אילת,53,הספורטאים,"בי""ס ע""ש בגין","(29.5616271, 34.9389369)"
2600,אילת,54,הספורטאים,"בי""ס ע""ש בגין","(29.5616271, 34.9389369)"
2600,אילת,55,"דקר,8 ","בי""ס מצפה ים","(29.5572672, 34.9314803)"
2600,אילת,56,"שרה אימנו,10 ",בית ספר ים סוף-בנין B,
2600,אילת,57,"דרך יותם,50 ","בי""ס ממלכתי ד אופיר",
2600,אילת,58,"משעול האגס,47 ",בית ספר גלים,
2600,אילת,59,"שרה אימנו,10 ",בית ספר ים סוף-בנין מנהלה,
2600,אילת,60,"המלחה,1 ",קמפוס אילת (בנין 4),
2600,אילת,61,"נחשון,30 ","בי""ס חב""ד","(29.5656611, 34.9475941)"
2600,אילת,62,"שור,8 ",אולפנת בני עקיבא תהילת ישראל,"(29.5601288, 34.9440799)"
2600,אילת,63,צין,"מתנ""ס קולייר","(29.5602356, 34.9453313)"
2600,אילת,64,הספורטאים,"בי""ס ע""ש בגין","(29.5616271, 34.9389369)"
2600,אילת,65,"בני ישראל,3 ",בית ספר היובל,"(29.5501999, 34.933104)"
2600,אילת,66,"בני ישראל,3 ",בית ספר היובל,"(29.5501999, 34.933104)"
2600,אילת,67,"בני ישראל,3 ",בית ספר היובל,"(29.5501999, 34.933104)"
2600,אילת,68,"עין גדי,8 ","בי""ס תל""י הרי אילת","(29.5463209, 34.9302655)"
2600,אילת,69,"בני ישראל,3 ",בית ספר היובל,"(29.5501999, 34.933104)"
2600,אילת,70,"משעול האגס,47 ",בית ספר גלים,
2600,אילת,71,"בני ישראל,3 ",בית ספר היובל,"(29.5501999, 34.933104)"
2600,אילת,72,"שרה אימנו,10 ",בית ספר ים סוף-בנין B,
2600,אילת,73,"משעול האגס,47 ",בית ספר גלים,
2600,אילת,74,"עין גדי,8 ","בי""ס תל""י הרי אילת","(29.5463209, 34.9302655)"
2600,אילת,75,"עין גדי,8 ","בי""ס תל""י הרי אילת","(29.5463209, 34.9302655)"
2600,אילת,76,"משעול האגס,47 ",בית ספר גלים,
2600,אילת,77,"עין גדי,8 ","בי""ס תל""י הרי אילת","(29.5463209, 34.9302655)"
2600,אילת,78,"משעול האגס,47 ",בית ספר גלים,
2600,אילת,79,"שרה אימנו,10 ",בית ספר ים סוף-בנין B,
2600,אילת,80,"המלחה,1 ",קמפוס אילת (בנין 4),
2600,אילת,81,"משעול האגס,47 ",בית ספר גלים,
2600,אילת,82,"שרה אימנו,10 ",בית ספר ים סוף-בנין B,
2600,אילת,83,"שרה אימנו,10 ",בית ספר ים סוף-בנין B,
2600,אילת,84,"שרה אימנו,10 ",בית ספר ים סוף-בנין B,
2600,אילת,85,"עין גדי,8 ","בי""ס תל""י הרי אילת","(29.5463209, 34.9302655)"
2600,אילת,86,"חטיבת הנגב,15 ","בי""ס תיכון גולדוטר-אגף מורות","(29.5573332, 34.9527984)"
2600,אילת,87,"מדיין,5 ","בי""ס ממלכתי א אלמוג","(29.5579613, 34.9501909)"
2600,אילת,88,"שרה אימנו,10 ",בית ספר ים סוף-בנין מנהלה,
2600,אילת,990,"מדיין,5 ","בי""ס ממלכתי א אלמוג","(29.5579613, 34.9501909)"
1359,אל סייד,1,אל סייד,"בי""ס אל סייד א'",
1359,אל סייד,2,אל סייד,"בי""ס אל סייד א'",
1359,אל סייד,3,אל סייד,"בי""ס אל סייד א'",
1248,אליפז,1,אליפז,מועדון,"(29.796821, 35.013286)"
960,אסד (שבט),1,אסד (שבט),"חט""ב לקייה",
963,אעצם (שבט),1,אעצם (שבט),"בי""ס אל אעצם ב'",
963,אעצם (שבט),2,אעצם (שבט),"בי""ס אל אעצם ב'",
963,אעצם (שבט),3,אעצם (שבט),"בי""ס אל אעצם ב'",
963,אעצם (שבט),4,אעצם (שבט),"בי""ס אל אעצם ב'",
963,אעצם (שבט),5,אעצם (שבט),"בי""ס אל אעצם ב'",
963,אעצם (שבט),6,אעצם (שבט),"בי""ס אל אעצם ב'",
963,אעצם (שבט),7,אעצם (שבט),"בי""ס אל אעצם ב'",
963,אעצם (שבט),8,אעצם (שבט),"בי""ס אל אעצם ב'",
959,אפיניש (שבט),1,אפיניש (שבט),"בי""ס יסודי אלאח'א רהט",
71,אשבול,1,אשבול,בית העם,"(31.449688, 34.666431)"
3722,אשכולות,1,אשכולות,מזכירות,"(32.912205, 35.289578)"
3722,אשכולות,2,"סנסנה,סנסנה,1 ",ספריית בן דור,
2021,אשל הנשיא,1,אשל הנשיא,"מרכז למידה (בי""ס רויטמן לשעבר)","(31.3170935, 34.6617388)"
1152,אשלים,1,אשלים,מועדון,"(30.9640634, 34.7019543)"
21,באר אורה,1,באר אורה,מזכירות,"(29.7101748, 34.986604)"
1278,באר מילכה,1,באר מילכה,מזכירות,
9000,באר שבע,1,"אברהם אבינו,93 ","מתנ""ס ד' צפון (קארו לשעבר)","(31.262675, 34.7936493)"
9000,באר שבע,2,"קלאוזנר,22 ","בי""ס אמירים","(31.2673194, 34.7995295)"
9000,באר שבע,3,"קלאוזנר,22 ","בי""ס אמירים","(31.2673194, 34.7995295)"
9000,באר שבע,4,"אברהם אבינו,93 ","מתנ""ס ד' צפון (קארו לשעבר)","(31.262675, 34.7936493)"
9000,באר שבע,5,"אברהם אבינו,93 ","מתנ""ס ד' צפון (קארו לשעבר)","(31.262675, 34.7936493)"
9000,באר שבע,6,"סנהדרין,81 ","בי""ס אלומות (נירים)","(31.2697258, 34.791206)"
9000,באר שבע,7,"אלעזר בן יאיר,19 ","בי""ס ממ""ד חבד-עוזיאל","(31.2632365, 34.7911695)"
9000,באר שבע,9,"אלעזר בן יאיר,19 ","בי""ס ממ""ד חבד-עוזיאל","(31.2632365, 34.7911695)"
9000,באר שבע,10,"יוסף בן מתתיהו,28 ","בי""ס עץ החיים (מוריה לשעבר)",
9000,באר שבע,11,"רבי טרפון,5 ","בי""ס תלמוד תורה משכן מאיר","(31.2587946, 34.7928602)"
9000,באר שבע,12,"בורג יוסף,33 ","בי""ס ע""ש יצחק נבון","(31.2333986, 34.7690428)"
9000,באר שבע,13,"אלעזר בן יאיר,19 ","בי""ס ממ""ד חבד-עוזיאל","(31.2632365, 34.7911695)"
9000,באר שבע,14,"אלעזר בן יאיר,19 ","בי""ס ממ""ד חבד-עוזיאל","(31.2632365, 34.7911695)"
9000,באר שבע,15,"אברהם אבינו,93 ","מתנ""ס ד' צפון (קארו לשעבר)","(31.262675, 34.7936493)"
9000,באר שבע,16,"יהודה הנשיא,140","בי""ס נתיב מאיר(בית יעקב לשעבר)",
9000,באר שבע,17,"אלעזר בן יאיר,19 ","בי""ס ממ""ד חבד-עוזיאל","(31.2632365, 34.7911695)"
9000,באר שבע,18,"רבי טרפון,5 ","בי""ס תלמוד תורה משכן מאיר","(31.2587946, 34.7928602)"
9000,באר שבע,19,"יהודה הנשיא,140","בי""ס נתיב מאיר(בית יעקב לשעבר)",
9000,באר שבע,20,"יהודה הנשיא,140","בי""ס נתיב מאיר(בית יעקב לשעבר)",
9000,באר שבע,21,"יוסף בן מתתיהו,28 ","בי""ס עץ החיים (מוריה לשעבר)",
9000,באר שבע,22,"יוסף בן מתתיהו,28 ","בי""ס עץ החיים (מוריה לשעבר)",
9000,באר שבע,25,"אברהם אבינו,93 ","מתנ""ס ד' צפון (קארו לשעבר)","(31.262675, 34.7936493)"
9000,באר שבע,26,"סנהדרין,81 ","בי""ס אלומות (נירים)","(31.2697258, 34.791206)"
9000,באר שבע,27,"סנהדרין,81 ","בי""ס אלומות (נירים)","(31.2697258, 34.791206)"
9000,באר שבע,28,"סנהדרין,81 ","בי""ס אלומות (נירים)","(31.2697258, 34.791206)"
9000,באר שבע,29,"סנהדרין,81 ","בי""ס אלומות (נירים)","(31.2697258, 34.791206)"
9000,באר שבע,30,"יהודה הנשיא,140","בי""ס נתיב מאיר(בית יעקב לשעבר)",
9000,באר שבע,31,"יהודה הנשיא,140","בי""ס נתיב מאיר(בית יעקב לשעבר)",
9000,באר שבע,32,"החלוץ,2 ","בי""ס בית יעקב","(31.2426606, 34.7928169)"
9000,באר שבע,33,"מרווה,11 ","בי""ס סיגליות","(31.2563682, 34.7559887)"
9000,באר שבע,34,"טבנקין,7 ","בי""ס אוריין","(31.2545675, 34.7748063)"
9000,באר שבע,35,"טבנקין,7 ","בי""ס אוריין","(31.2545675, 34.7748063)"
9000,באר שבע,36,"קדושי בגדד,1 ","בי""ס רמב""ם-בנין א","(31.2528784, 34.7818687)"
9000,באר שבע,37,"קדושי בגדד,1 ","בי""ס רמב""ם-בנין א","(31.2528784, 34.7818687)"
9000,באר שבע,38,"שלונסקי,4 ","בי""ס אילנות (לשעבר בי""ס מעיין)","(31.252531, 34.7747814)"
9000,באר שבע,39,"קדושי בגדד,1 ","בי""ס רמב""ם-בנין ב","(31.2528784, 34.7818687)"
9000,באר שבע,40,"קדושי בגדד,1 ","בי""ס רמב""ם-בנין ב","(31.2528784, 34.7818687)"
9000,באר שבע,42,"קדושי בגדד,1 ","בי""ס רמב""ם-בנין גדול","(31.2528784, 34.7818687)"
9000,באר שבע,43,"שד ירושלים,52 ","בי""ס מולדת","(31.4242578, 34.568817)"
9000,באר שבע,44,"שלונסקי,4 ","בי""ס אילנות (לשעבר בי""ס מעיין)","(31.252531, 34.7747814)"
9000,באר שבע,45,"יהודה הלוי,1 ","בי""ס מצפה","(31.2542358, 34.7874732)"
9000,באר שבע,46,"מבצע נחשון,23 ","בי""ס תומר","(31.2639515, 34.7873832)"
9000,באר שבע,47,"מבצע נחשון,23 ","בי""ס תומר","(31.2639515, 34.7873832)"
9000,באר שבע,48,"מבצע עובדה,43 ","בי""ס שז""ר (שורשים לשעבר)","(31.2602021, 34.7771656)"
9000,באר שבע,49,"מבצע עובדה,43 ","בי""ס שז""ר (שורשים לשעבר)","(31.2602021, 34.7771656)"
9000,באר שבע,50,"בורג יוסף,33 ","בי""ס ע""ש יצחק נבון","(31.2333986, 34.7690428)"
9000,באר שבע,51,"ככר הגנים,16 ","בי""ס ממלכתי מענית מבנה 1","(31.2302602, 34.789271)"
9000,באר שבע,53,"דרך המשחררים,41 ",תיכון ברנקו וייס- לשעבר מקיף ח,
9000,באר שבע,54,"מבצע עובדה,43 ","בי""ס שז""ר (שורשים לשעבר)","(31.2602021, 34.7771656)"
9000,באר שבע,55,"מבצע יואב,5 ","ישיבת אמי""ת","(31.26456, 34.7787737)"
9000,באר שבע,56,"בצלאל,35 ","בי""ס נתיבות יורם","(31.2535156, 34.7882473)"
9000,באר שבע,57,"דרך המשחררים,41 ",תיכון ברנקו וייס- לשעבר מקיף ח,
9000,באר שבע,58,"בצלאל,35 ","בי""ס נתיבות יורם","(31.2535156, 34.7882473)"
9000,באר שבע,59,"בצלאל,35 ","בי""ס נתיבות יורם","(31.2535156, 34.7882473)"
9000,באר שבע,60,"בצלאל,35 ","בי""ס נתיבות יורם","(31.2535156, 34.7882473)"
9000,באר שבע,61,"בצלאל,35 ","בי""ס נתיבות יורם","(31.2535156, 34.7882473)"
9000,באר שבע,62,"השלום,15 ","בי""ס מקיף א","(31.2533929, 34.8005594)"
9000,באר שבע,65,"רבי טרפון,5 ","בי""ס תלמוד תורה משכן מאיר","(31.2587946, 34.7928602)"
9000,באר שבע,66,"יהודה הלוי,1 ","בי""ס מצפה","(31.2542358, 34.7874732)"
9000,באר שבע,68,"יהודה הלוי,1 ","בי""ס מצפה","(31.2542358, 34.7874732)"
9000,באר שבע,69,"מבצע נחשון,23 ","בי""ס תומר","(31.2639515, 34.7873832)"
9000,באר שבע,70,"וינגייט,41 ","בי""ס נטעים","(31.2562843, 34.8074983)"
9000,באר שבע,71,"וינגייט,41 ","בי""ס נטעים","(31.2562843, 34.8074983)"
9000,באר שבע,73,"גוש עציון,13 ","בי""ס אמית חזון עובדיה","(31.2565356, 34.8066397)"
9000,באר שבע,75,"וינגייט,41 ","בי""ס נטעים","(31.2562843, 34.8074983)"
9000,באר שבע,76,"גוש עציון,13 ","בי""ס אמית חזון עובדיה","(31.2565356, 34.8066397)"
9000,באר שבע,78,"גוש עציון,13 ","בי""ס אמית חזון עובדיה","(31.2565356, 34.8066397)"
9000,באר שבע,79,"וינגייט,41 ","בי""ס נטעים","(31.2562843, 34.8074983)"
9000,באר שבע,81,"גוש עציון,13 ","בי""ס אמית חזון עובדיה","(31.2565356, 34.8066397)"
9000,באר שבע,82,"גוש עציון,13 ","בי""ס אמית חזון עובדיה","(31.2565356, 34.8066397)"
9000,באר שבע,84,"דרך המשחררים,41 ",תיכון ברנקו וייס- לשעבר מקיף ח,
9000,באר שבע,86,"השלום,15 ","בי""ס מקיף א","(31.2533929, 34.8005594)"
9000,באר שבע,87,"מבצע יואב,5 ","ישיבת אמי""ת","(31.26456, 34.7787737)"
9000,באר שבע,90,"ז'בוטינסקי זאב,19 ","בי""ס ממלכתי דגניה",
9000,באר שבע,91,"ז'בוטינסקי זאב,19 ","בי""ס ממלכתי דגניה",
9000,באר שבע,92,"ז'בוטינסקי זאב,19 ","בי""ס ממלכתי דגניה",
9000,באר שבע,93,"ז'בוטינסקי זאב,19 ","בי""ס ממלכתי דגניה",
9000,באר שבע,94,"ז'בוטינסקי זאב,19 ","בי""ס ממלכתי דגניה",
9000,באר שבע,95,"טבנקין,7 ","בי""ס אוריין","(31.2545675, 34.7748063)"
9000,באר שבע,96,"קדושי בגדד,1 ","בי""ס רמב""ם-בנין גדול","(31.2528784, 34.7818687)"
9000,באר שבע,97,"קדושי בגדד,1 ","בי""ס רמב""ם-בנין גדול","(31.2528784, 34.7818687)"
9000,באר שבע,99,"מנדלי מוכר ספרים,10 ","בי""ס מוריה (בר אילן לשעבר)","(31.2475506, 34.7935275)"
9000,באר שבע,100,"דרך המשחררים,41 ",תיכון ברנקו וייס- לשעבר מקיף ח,
9000,באר שבע,102,"דרך המשחררים,41 ",תיכון ברנקו וייס- לשעבר מקיף ח,
9000,באר שבע,103,"דרך המשחררים,41 ",האקדמיה הצעירה לחדשנות,
9000,באר שבע,104,"ורבורג,10 ","בי""ס רננות (בי""ס רעות לשעבר)","(31.2486523, 34.7863931)"
9000,באר שבע,105,"ורבורג,10 ","בי""ס רננות (בי""ס רעות לשעבר)","(31.2486523, 34.7863931)"
9000,באר שבע,106,"ורבורג,10 ","בי""ס רננות (בי""ס רעות לשעבר)","(31.2486523, 34.7863931)"
9000,באר שבע,107,"מנדלי מוכר ספרים,10 ","בי""ס מוריה (בר אילן לשעבר)","(31.2475506, 34.7935275)"
9000,באר שבע,108,"מנדלי מוכר ספרים,10 ","בי""ס מוריה (בר אילן לשעבר)","(31.2475506, 34.7935275)"
9000,באר שבע,109,"שלונסקי,4 ","בי""ס אילנות (לשעבר בי""ס מעיין)","(31.252531, 34.7747814)"
9000,באר שבע,110,"רחבת הרב עוזיאל,240",אולפנת בנות עקיבא-חן במדבר,
9000,באר שבע,111,"קדושי בגדד,1 ","בי""ס רמב""ם-בנין א","(31.2528784, 34.7818687)"
9000,באר שבע,112,"שלונסקי,4 ","בי""ס אילנות (לשעבר בי""ס מעיין)","(31.252531, 34.7747814)"
9000,באר שבע,113,"טבנקין,7 ","בי""ס אוריין","(31.2545675, 34.7748063)"
9000,באר שבע,114,"טבנקין,7 ","בי""ס אוריין","(31.2545675, 34.7748063)"
9000,באר שבע,115,"מנדלי מוכר ספרים,10 ","בי""ס מוריה (בר אילן לשעבר)","(31.2475506, 34.7935275)"
9000,באר שבע,116,"ורבורג,10 ","בי""ס רננות (בי""ס רעות לשעבר)","(31.2486523, 34.7863931)"
9000,באר שבע,117,"טבנקין,7 ","בי""ס אוריין","(31.2545675, 34.7748063)"
9000,באר שבע,118,"שלונסקי,4 ","בי""ס אילנות (לשעבר בי""ס מעיין)","(31.252531, 34.7747814)"
9000,באר שבע,119,"שמחוני אסף,13 ","בי""ס בארי","(31.2432264, 34.7881735)"
9000,באר שבע,120,"ויצמן,1ב",מועדון פיס לקשיש,"(31.2476338, 34.7944406)"
9000,באר שבע,121,"ויצמן,1ב",מועדון פיס לקשיש,"(31.2476338, 34.7944406)"
9000,באר שבע,122,"החלוץ,2 ","בי""ס בית יעקב","(31.2426606, 34.7928169)"
9000,באר שבע,123,"כפר הדרום,29 ","מתנ""ס מרגליות","(31.2587764, 34.7480384)"
9000,באר שבע,124,"כפר הדרום,29 ","מתנ""ס מרגליות","(31.2587764, 34.7480384)"
9000,באר שבע,125,"שמחוני אסף,13 ","בי""ס בארי","(31.2432264, 34.7881735)"
9000,באר שבע,126,"החלוץ,2 ","בי""ס בית יעקב","(31.2426606, 34.7928169)"
9000,באר שבע,127,"כפר הדרום,29 ","מתנ""ס מרגליות","(31.2587764, 34.7480384)"
9000,באר שבע,128,"שמחוני אסף,13 ","בי""ס בארי","(31.2432264, 34.7881735)"
9000,באר שבע,129,"שד הנשיא הרצוג חיים,2 ","בי""ס תיכון ע""ש יצחק רגר",
9000,באר שבע,130,"מבצע עובדה,43 ","בי""ס שז""ר (שורשים לשעבר)","(31.2602021, 34.7771656)"
9000,באר שבע,131,"שמחוני אסף,13 ","בי""ס בארי","(31.2432264, 34.7881735)"
9000,באר שבע,132,"בן חיים פאול,26 ",מרכז קהילתי נחל בקע,"(31.2244841, 34.7754576)"
9000,באר שבע,134,"גיבתון חנוך,17 ",תחנה לבריאות המשפחה מקלט 10,"(31.2248791, 34.7758147)"
9000,באר שבע,136,"בן חיים פאול,26 ",מרכז קהילתי נחל בקע,"(31.2244841, 34.7754576)"
9000,באר שבע,137,"בן חיים פאול,26 ",מרכז קהילתי נחל בקע,"(31.2244841, 34.7754576)"
9000,באר שבע,138,"ככר הגנים,16 ","בי""ס ממלכתי מענית מבנה 1","(31.2302602, 34.789271)"
9000,באר שבע,139,"ככר הגנים,16 ","בי""ס ממלכתי מענית מבנה 1","(31.2302602, 34.789271)"
9000,באר שבע,140,"ככר הגנים,16 ","בי""ס ממלכתי מענית מבנה 1","(31.2302602, 34.789271)"
9000,באר שבע,141,"מבצע עובדה,43 ","בי""ס שז""ר (שורשים לשעבר)","(31.2602021, 34.7771656)"
9000,באר שבע,142,"דוד הראובני,31 ","תיכון עירוני ע""ש טוביהו דוד","(31.2632557, 34.7637939)"
9000,באר שבע,143,"דורי יעקב,27 ","בי""ס אוצר-החיים","(31.2680383, 34.7852251)"
9000,באר שבע,144,"מבצע נחשון,23 ","בי""ס תומר","(31.2639515, 34.7873832)"
9000,באר שבע,145,"מבצע נחשון,23 ","בי""ס תומר","(31.2639515, 34.7873832)"
9000,באר שבע,146,"דורי יעקב,27 ","בי""ס אוצר-החיים","(31.2680383, 34.7852251)"
9000,באר שבע,147,"דורי יעקב,55 ","בי""ס גולדה מאיר","(31.2636243, 34.771659)"
9000,באר שבע,148,"דורי יעקב,27 ","בי""ס אוצר-החיים","(31.2680383, 34.7852251)"
9000,באר שבע,149,"ככר הגנים,16 ","בי""ס ממלכתי מענית מבנה 1","(31.2302602, 34.789271)"
9000,באר שבע,150,"ככר הגנים,16 ","בי""ס ממלכתי מענית מבנה 1","(31.2302602, 34.789271)"
9000,באר שבע,151,"רחבת השל""ה,5 ","בי""ס גבים","(31.257141, 34.7691644)"
9000,באר שבע,152,"בצלאל,35 ","בי""ס נתיבות יורם","(31.2535156, 34.7882473)"
9000,באר שבע,153,"מבצע יואב,5 ","ישיבת אמי""ת","(31.26456, 34.7787737)"
9000,באר שבע,154,"מבצע עובדה,43 ","בי""ס שז""ר (שורשים לשעבר)","(31.2602021, 34.7771656)"
9000,באר שבע,155,"רחבת השל""ה,5 ","בי""ס גבים","(31.257141, 34.7691644)"
9000,באר שבע,156,"רחבת השל""ה,5 ","בי""ס גבים","(31.257141, 34.7691644)"
9000,באר שבע,157,"רחבת הרב עוזיאל,240",אולפנת בנות עקיבא-חן במדבר,
9000,באר שבע,158,"רחבת הרב עוזיאל,240",אולפנת בנות עקיבא-חן במדבר,
9000,באר שבע,159,"רחבת השל""ה,5 ","בי""ס גבים","(31.257141, 34.7691644)"
9000,באר שבע,160,"המלכים,10 ","בי""ס היובל","(31.2645792, 34.7576564)"
9000,באר שבע,161,"מגידו,4 ","בי""ס אשכול","(31.2435354, 34.7708909)"
9000,באר שבע,162,"רחבת הרב עוזיאל,240",אולפנת בנות עקיבא-חן במדבר,
9000,באר שבע,163,"שד ירושלים,52 ","בי""ס מולדת","(31.4242578, 34.568817)"
9000,באר שבע,164,"הולצברג שמחה,6 ","בי""ס נאות לון חדש","(31.2455827, 34.7643163)"
9000,באר שבע,165,"מגידו,4 ","בי""ס אשכול","(31.2435354, 34.7708909)"
9000,באר שבע,166,"שמחוני אסף,13 ","בי""ס בארי","(31.2432264, 34.7881735)"
9000,באר שבע,167,"שד ירושלים,52 ","בי""ס מולדת","(31.4242578, 34.568817)"
9000,באר שבע,168,"רחבת הרב עוזיאל,240",אולפנת בנות עקיבא-חן במדבר,
9000,באר שבע,169,"מגידו,4 ","בי""ס אשכול","(31.2435354, 34.7708909)"
9000,באר שבע,170,"יערי מאיר,50 ","בי""ס ממ""ד אור (ע""ש זבולון המר)","(31.2578181, 34.7633334)"
9000,באר שבע,171,"יערי מאיר,50 ","בי""ס ממ""ד אור (ע""ש זבולון המר)","(31.2578181, 34.7633334)"
9000,באר שבע,172,"ישעיהו ישראל,1 ","בי""ס רימונים","(31.2566368, 34.7641796)"
9000,באר שבע,173,"ישעיהו ישראל,1 ","בי""ס רימונים","(31.2566368, 34.7641796)"
9000,באר שבע,174,"יערי מאיר,50 ","בי""ס ממ""ד אור (ע""ש זבולון המר)","(31.2578181, 34.7633334)"
9000,באר שבע,175,"נמיר מרדכי,6 ","בי""ס אפיק","(31.259611, 34.7670814)"
9000,באר שבע,176,"נמיר מרדכי,6 ","בי""ס אפיק","(31.259611, 34.7670814)"
9000,באר שבע,177,"דוד הראובני,31 ","תיכון עירוני ע""ש טוביהו דוד","(31.2632557, 34.7637939)"
9000,באר שבע,178,"יערי מאיר,50 ","בי""ס ממ""ד אור (ע""ש זבולון המר)","(31.2578181, 34.7633334)"
9000,באר שבע,179,"ישעיהו ישראל,1 ","בי""ס רימונים","(31.2566368, 34.7641796)"
9000,באר שבע,180,"מויאל אליהו,2 ","בי""ס נוה במדבר","(31.2620145, 34.7694982)"
9000,באר שבע,181,"שיבטה,1 ","בי""ס יובלים","(31.056028, 35.0393491)"
9000,באר שבע,182,"שד ירושלים,70 ",אמית - נתיבי עם,"(31.4242578, 34.568817)"
9000,באר שבע,183,"שד ירושלים,70 ",אמית - נתיבי עם,"(31.4242578, 34.568817)"
9000,באר שבע,184,"הולצברג שמחה,6 ","בי""ס נאות לון חדש","(31.2455827, 34.7643163)"
9000,באר שבע,185,"המלכים,10 ","בי""ס היובל","(31.2645792, 34.7576564)"
9000,באר שבע,186,"דוד הראובני,31 ","תיכון עירוני ע""ש טוביהו דוד","(31.2632557, 34.7637939)"
9000,באר שבע,187,"שיבטה,1 ","בי""ס יובלים","(31.056028, 35.0393491)"
9000,באר שבע,188,"המלכים,10 ","בי""ס היובל","(31.2645792, 34.7576564)"
9000,באר שבע,189,"דוד הראובני,31 ","תיכון עירוני ע""ש טוביהו דוד","(31.2632557, 34.7637939)"
9000,באר שבע,190,"ייבין יהושע,7 ","בי""ס ממ""ד נאות אברהם","(31.2395315, 34.766395)"
9000,באר שבע,191,"ניב דוד,25 ","בי""ס מעיינות חב""ד","(31.2387322, 34.7692795)"
9000,באר שבע,192,"חטיבה שמונה,7 ","בי""ס יחדיו","(31.2390813, 34.7783543)"
9000,באר שבע,193,"חטיבה שמונה,7 ","בי""ס יחדיו","(31.2390813, 34.7783543)"
9000,באר שבע,194,"מאפו אברהם,7 ","בי""ס נווה שלום","(31.2370318, 34.7723908)"
9000,באר שבע,195,"בורג יוסף,33 ","בי""ס ע""ש יצחק נבון","(31.2333986, 34.7690428)"
9000,באר שבע,196,"שיבטה,1 ","בי""ס יובלים","(31.056028, 35.0393491)"
9000,באר שבע,197,"חטיבה שמונה,7 ","בי""ס יחדיו","(31.2390813, 34.7783543)"
9000,באר שבע,198,"שיבטה,1 ","בי""ס יובלים","(31.056028, 35.0393491)"
9000,באר שבע,199,"חטיבה שמונה,7 ","בי""ס יחדיו","(31.2390813, 34.7783543)"
9000,באר שבע,200,"הדעת,89 ","בי""ס ממ""ד אפיקים בנגב","(31.2711097, 34.8029739)"
9000,באר שבע,201,"מודעי יצחק,67 ","בי""ס דוד בן גוריון-מבנה כתות","(31.2670763, 34.8096342)"
9000,באר שבע,202,"הדעת,98 ",בי''ס רמות,"(31.2733838, 34.8041854)"
9000,באר שבע,203,"הדעת,87 ","ביה""ס הרב-תחומי רמות -מקיף ז'","(31.2699963, 34.802984)"
9000,באר שבע,204,"הדעת,89 ","בי""ס ממ""ד אפיקים בנגב","(31.2711097, 34.8029739)"
9000,באר שבע,205,"הדעת,89 ","בי""ס ממ""ד אפיקים בנגב","(31.2711097, 34.8029739)"
9000,באר שבע,206,"הדעת,98 ",בי''ס רמות,"(31.2733838, 34.8041854)"
9000,באר שבע,207,"הדעת,87 ","ביה""ס הרב-תחומי רמות -מקיף ז'","(31.2699963, 34.802984)"
9000,באר שבע,208,"הדעת,87 ","ביה""ס הרב-תחומי רמות -מקיף ז'","(31.2699963, 34.802984)"
9000,באר שבע,209,"דורי יעקב,55 ","בי""ס גולדה מאיר","(31.2636243, 34.771659)"
9000,באר שבע,210,"מויאל אליהו,2 ","בי""ס נוה במדבר","(31.2620145, 34.7694982)"
9000,באר שבע,211,"דורי יעקב,55 ","בי""ס גולדה מאיר","(31.2636243, 34.771659)"
9000,באר שבע,212,"דורי יעקב,55 ","בי""ס גולדה מאיר","(31.2636243, 34.771659)"
9000,באר שבע,213,"נמיר מרדכי,6 ","בי""ס אפיק","(31.259611, 34.7670814)"
9000,באר שבע,214,"מויאל אליהו,2 ","בי""ס נוה במדבר","(31.2620145, 34.7694982)"
9000,באר שבע,215,"מקלף מרדכי,240","בי""ס קורצ'אק החדש (עמית לשעבר)","(31.2691278, 34.7774825)"
9000,באר שבע,216,"דורי יעקב,8 ","בי""ס בנות-חייל","(31.265736, 34.7779693)"
9000,באר שבע,217,"מקלף מרדכי,240","בי""ס קורצ'אק החדש (עמית לשעבר)","(31.2691278, 34.7774825)"
9000,באר שבע,218,"מקלף מרדכי,240","בי""ס קורצ'אק החדש (עמית לשעבר)","(31.2691278, 34.7774825)"
9000,באר שבע,219,"דורי יעקב,27 ","בי""ס אוצר-החיים","(31.2680383, 34.7852251)"
9000,באר שבע,220,"רובינא חנה,26 ","בי""ס חיה ורבקה","(31.2691388, 34.7677758)"
9000,באר שבע,221,"רובינא חנה,26 ","בי""ס חיה ורבקה","(31.2691388, 34.7677758)"
9000,באר שבע,222,"רבקה,4 ","בי""ס מנחם בגין","(31.2697755, 34.7624993)"
9000,באר שבע,223,"דוד הראובני,31 ","תיכון עירוני ע""ש טוביהו דוד","(31.2632557, 34.7637939)"
9000,באר שבע,224,"רבקה,4 ","בי""ס מנחם בגין","(31.2697755, 34.7624993)"
9000,באר שבע,225,"המלכים,10 ","בי""ס היובל","(31.2645792, 34.7576564)"
9000,באר שבע,226,"המלכים,10 ","בי""ס היובל","(31.2645792, 34.7576564)"
9000,באר שבע,227,"רבקה,4 ","בי""ס מנחם בגין","(31.2697755, 34.7624993)"
9000,באר שבע,228,"חטיבה שמונה,7 ","בי""ס יחדיו","(31.2390813, 34.7783543)"
9000,באר שבע,229,"ניב דוד,25 ","בי""ס מעיינות חב""ד","(31.2387322, 34.7692795)"
9000,באר שבע,230,"חטיבה שמונה,7 ","בי""ס יחדיו","(31.2390813, 34.7783543)"
9000,באר שבע,231,"שד הנשיא הרצוג חיים,2 ","בי""ס תיכון ע""ש יצחק רגר",
9000,באר שבע,232,"ייבין יהושע,7 ","בי""ס ממ""ד נאות אברהם","(31.2395315, 34.766395)"
9000,באר שבע,233,"שד הנשיא הרצוג חיים,2 ","בי""ס תיכון ע""ש יצחק רגר",
9000,באר שבע,234,"שד הנשיא הרצוג חיים,2 ","בי""ס תיכון ע""ש יצחק רגר",
9000,באר שבע,235,"מאפו אברהם,7 ","בי""ס נווה שלום","(31.2370318, 34.7723908)"
9000,באר שבע,236,"מאפו אברהם,7 ","בי""ס נווה שלום","(31.2370318, 34.7723908)"
9000,באר שבע,237,"בורג יוסף,33 ","בי""ס ע""ש יצחק נבון","(31.2333986, 34.7690428)"
9000,באר שבע,238,"ניב דוד,25 ","בי""ס מעיינות חב""ד","(31.2387322, 34.7692795)"
9000,באר שבע,239,"מאפו אברהם,7 ","בי""ס נווה שלום","(31.2370318, 34.7723908)"
9000,באר שבע,240,"ישעיהו ישראל,1 ","בי""ס רימונים","(31.2566368, 34.7641796)"
9000,באר שבע,241,"יערי מאיר,50 ","בי""ס ממ""ד אור (ע""ש זבולון המר)","(31.2578181, 34.7633334)"
9000,באר שבע,242,"שד הנשיא הרצוג חיים,2 ","בי""ס תיכון ע""ש יצחק רגר",
9000,באר שבע,243,"נמיר מרדכי,6 ","בי""ס אפיק","(31.259611, 34.7670814)"
9000,באר שבע,244,"ייבין יהושע,7 ","בי""ס ממ""ד נאות אברהם","(31.2395315, 34.766395)"
9000,באר שבע,245,"רבקה,4 ","בי""ס מנחם בגין","(31.2697755, 34.7624993)"
9000,באר שבע,246,"הולצברג שמחה,6 ","בי""ס נאות לון חדש","(31.2455827, 34.7643163)"
9000,באר שבע,247,"שד ירושלים,70 ",אמית - נתיבי עם,"(31.4242578, 34.568817)"
9000,באר שבע,248,"שד ירושלים,70 ",אמית - נתיבי עם,"(31.4242578, 34.568817)"
9000,באר שבע,249,"מודעי יצחק,67 ","בי""ס דוד בן גוריון-מבנה כתות","(31.2670763, 34.8096342)"
9000,באר שבע,250,"דורי יעקב,27 ","בי""ס אוצר-החיים","(31.2680383, 34.7852251)"
9000,באר שבע,251,"מויאל אליהו,2 ","בי""ס נוה במדבר","(31.2620145, 34.7694982)"
9000,באר שבע,252,"דורי יעקב,8 ","בי""ס בנות-חייל","(31.265736, 34.7779693)"
9000,באר שבע,253,"דורי יעקב,55 ","בי""ס גולדה מאיר","(31.2636243, 34.771659)"
9000,באר שבע,254,"החלוץ,2 ","בי""ס בית יעקב","(31.2426606, 34.7928169)"
9000,באר שבע,255,"שריג נחום,37 ","בי""ס רכסים","(31.2867962, 34.8086741)"
9000,באר שבע,256,"הולצברג שמחה,6 ","בי""ס נאות לון חדש","(31.2455827, 34.7643163)"
9000,באר שבע,257,"מויאל אליהו,2 ","בי""ס נוה במדבר","(31.2620145, 34.7694982)"
9000,באר שבע,258,"ניב דוד,25 ","בי""ס מעיינות חב""ד","(31.2387322, 34.7692795)"
9000,באר שבע,259,"שדרת הערים התאומות,43 ","בי""ס ממלכתי ע""ש חיים הרצוג",
9000,באר שבע,260,"מודעי יצחק,67 ","בי""ס דוד בן גוריון-אולם ספורט","(31.2670763, 34.8096342)"
9000,באר שבע,261,"מודעי יצחק,67 ","בי""ס דוד בן גוריון-מבנה כתות","(31.2670763, 34.8096342)"
9000,באר שבע,262,"שריג נחום,37 ","בי""ס רכסים","(31.2867962, 34.8086741)"
9000,באר שבע,263,"מודעי יצחק,67 ","בי""ס דוד בן גוריון-מבנה כתות","(31.2670763, 34.8096342)"
9000,באר שבע,264,"שדרת הערים התאומות,20 ",רמות ספורטיב,
9000,באר שבע,265,"מודעי יצחק,67 ","בי""ס דוד בן גוריון-אולם ספורט","(31.2670763, 34.8096342)"
9000,באר שבע,266,"שדרת הערים התאומות,43 ","בי""ס ממלכתי ע""ש חיים הרצוג",
9000,באר שבע,267,"שדרת הערים התאומות,20 ",רמות ספורטיב,
9000,באר שבע,268,"מודעי יצחק,67 ","בי""ס דוד בן גוריון-מבנה כתות","(31.2670763, 34.8096342)"
9000,באר שבע,269,"שריג נחום,37 ","בי""ס רכסים","(31.2867962, 34.8086741)"
9000,באר שבע,270,"ייבין יהושע,7 ","בי""ס ממ""ד נאות אברהם","(31.2395315, 34.766395)"
9000,באר שבע,271,"הולצברג שמחה,6 ","בי""ס נאות לון חדש","(31.2455827, 34.7643163)"
9000,באר שבע,272,"ייבין יהושע,7 ","בי""ס ממ""ד נאות אברהם","(31.2395315, 34.766395)"
9000,באר שבע,273,"ייבין יהושע,7 ","בי""ס ממ""ד נאות אברהם","(31.2395315, 34.766395)"
9000,באר שבע,274,"הדעת,87 ","ביה""ס הרב-תחומי רמות -מקיף ז'","(31.2699963, 34.802984)"
9000,באר שבע,275,"הולצברג שמחה,6 ","בי""ס נאות לון חדש","(31.2455827, 34.7643163)"
9000,באר שבע,276,"מודעי יצחק,67 ","בי""ס דוד בן גוריון-מבנה כתות","(31.2670763, 34.8096342)"
9000,באר שבע,277,"הדעת,89 ","בי""ס ממ""ד אפיקים בנגב","(31.2711097, 34.8029739)"
9000,באר שבע,278,"מרווה,11 ","בי""ס סיגליות","(31.2563682, 34.7559887)"
9000,באר שבע,279,"קדושי בגדד,1 ","בי""ס רמב""ם-אולם ספורט","(31.2528784, 34.7818687)"
9000,באר שבע,280,"המלכים,10 ","בי""ס היובל","(31.2645792, 34.7576564)"
9000,באר שבע,281,"שדרת הערים התאומות,43 ","בי""ס ממלכתי ע""ש חיים הרצוג",
9000,באר שבע,282,"דוד הראובני,31 ","תיכון עירוני ע""ש טוביהו דוד","(31.2632557, 34.7637939)"
9000,באר שבע,283,"שדרת הערים התאומות,43 ","בי""ס ממלכתי ע""ש חיים הרצוג",
9000,באר שבע,284,"שדרת הערים התאומות,20 ",רמות ספורטיב,
9000,באר שבע,285,"שדרת הערים התאומות,20 ",רמות ספורטיב,
9000,באר שבע,286,"שדרת הערים התאומות,20 ",רמות ספורטיב,
9000,באר שבע,287,"מאפו אברהם,7 ","בי""ס נווה שלום","(31.2370318, 34.7723908)"
9000,באר שבע,288,"שריג נחום,37 ","בי""ס רכסים","(31.2867962, 34.8086741)"
9000,באר שבע,289,"האוזנר גדעון,65 ","בי""ס יפה נוף","(31.2878311, 34.8058406)"
9000,באר שבע,290,"ז'בוטינסקי זאב,19 ","בי""ס ממלכתי דגניה",
9000,באר שבע,291,"ככר הגנים,16 ","בי""ס ממלכתי מענית מבנה 1","(31.2302602, 34.789271)"
9000,באר שבע,292,"החלוץ,2 ","בי""ס בית יעקב","(31.2426606, 34.7928169)"
9000,באר שבע,293,"החלוץ,2 ","בי""ס בית יעקב","(31.2426606, 34.7928169)"
9000,באר שבע,294,"שד ירושלים,52 ","בי""ס מולדת","(31.4242578, 34.568817)"
9000,באר שבע,295,"בורג יוסף,33 ","בי""ס ע""ש יצחק נבון","(31.2333986, 34.7690428)"
9000,באר שבע,296,"בורג יוסף,33 ","בי""ס ע""ש יצחק נבון","(31.2333986, 34.7690428)"
9000,באר שבע,297,"דורי יעקב,8 ","בי""ס בנות-חייל","(31.265736, 34.7779693)"
9000,באר שבע,298,"רבקה,4 ","בי""ס מנחם בגין","(31.2697755, 34.7624993)"
9000,באר שבע,299,"שד הנשיא הרצוג חיים,2 ","בי""ס תיכון ע""ש יצחק רגר",
9000,באר שבע,300,"דרך המשחררים,41 ",תיכון ברנקו וייס- לשעבר מקיף ח,
9000,באר שבע,301,"בורג יוסף,33 ","בי""ס ע""ש יצחק נבון","(31.2333986, 34.7690428)"
9000,באר שבע,302,"שריג נחום,37 ","בי""ס רכסים","(31.2867962, 34.8086741)"
9000,באר שבע,303,"שדרת הערים התאומות,43 ","בי""ס ממלכתי ע""ש חיים הרצוג",
9000,באר שבע,304,"האוזנר גדעון,65 ","בי""ס יפה נוף","(31.2878311, 34.8058406)"
9000,באר שבע,305,"רבקה,4 ","בי""ס מנחם בגין","(31.2697755, 34.7624993)"
9000,באר שבע,306,"שד ירושלים,70 ",אמית - נתיבי עם,"(31.4242578, 34.568817)"
9000,באר שבע,950,"וינגייט,41 ","בי""ס נטעים","(31.2562843, 34.8074983)"
9000,באר שבע,951,"נחל משמר,7 ","בי""ס הפארק","(31.234406, 34.818002)"
9000,באר שבע,990,"ויצמן,1ב",מועדון פיס לקשיש,"(31.2476338, 34.7944406)"
399,בארי,1,בארי,מועדון בית העם,"(32.0778139, 34.8285053)"
399,בארי,2,בארי,מועדון נאות בארי,"(32.0778139, 34.8285053)"
762,בטחה,1,בטחה,מועדון,
1348,ביר הדאג',1,ביר הדאג',"בי""ס יסודי אלאימאן","(31.025706, 34.736572)"
1348,ביר הדאג',2,ביר הדאג',"בי""ס יסודי אלאימאן","(31.025706, 34.736572)"
723,בית הגדי,1,בית הגדי,בית העם,"(31.4244385, 34.6075689)"
598,בית קמה,1,בית קמה,מועדון לחבר,"(31.4425415, 34.7641168)"
1363,בני נצרים,1,בני נצרים,מועדון,"(31.141034, 34.318742)"
2060,ברוש,1,ברוש,מועדון,"(32.01588, 34.960024)"
976,ג'נאביב (שבט),1,ג'נאביב (שבט),"בי""ס יסודי תל ערד",
352,גבולות,1,גבולות,מזכירות הישוב,"(31.210131, 34.466103)"
2014,גבעולים,1,גבעולים,בית העם,
1344,גבעות בר,1,"גבעות בר,1 ","בי""ס יובלי הנגב",
736,גילת,1,גילת,מועדון גילת,"(31.328669, 34.652223)"
736,גילת,2,גילת,מועדון גילת,"(31.328669, 34.652223)"
1129,גרופית,1,גרופית,המועדון המרכזי,"(29.941024, 35.064039)"
849,דבירה,1,דבירה,מזכירות - חדר ישיבות,
2200,דימונה,1,"הגפן,4 ","בי""ס עמי אסף","(31.0649184, 35.0258622)"
2200,דימונה,2,"הגפן,4 ","בי""ס עמי אסף","(31.0649184, 35.0258622)"
2200,דימונה,3,הרצל,"מרכז קהילתי דימונה (מתנ""ס)","(31.0671522, 35.0371821)"
2200,דימונה,4,"הגפן,4 ","בי""ס עמי אסף","(31.0649184, 35.0258622)"
2200,דימונה,5,המלאכה,היחידה למניעת סמים,"(31.0660143, 35.0202106)"
2200,דימונה,6,שד בן גוריון,"בי""ס תיכון דתי אפלמן",
2200,דימונה,7,שד בן גוריון,"בי""ס תיכון דתי אפלמן",
2200,דימונה,8,"מ""ג המעפילים",מרכז רב-נכותי (יוספטל לשעבר),
2200,דימונה,9,"מ""ג המעפילים",מרכז רב-נכותי (יוספטל לשעבר),
2200,דימונה,10,"בר כוכבא,210 ","מועדון ויצ""ו","(31.0645705, 35.0362597)"
2200,דימונה,11,כובשי אילת,"בי""ס גבריאל","(31.0643787, 35.040286)"
2200,דימונה,12,"מ""ג המעפילים",מרכז רב-נכותי (יוספטל לשעבר),
2200,דימונה,13,הצבר,"בי""ס ממ""ד אלפסי",
2200,דימונה,14,הצבר,"בי""ס ממ""ד אלפסי",
2200,דימונה,15,"העצמאות,52 ","בי''ס ממלכתי ע""ש רבין","(31.0688035, 35.029486)"
2200,דימונה,16,כובשי אילת,"בי""ס גבריאל","(31.0643787, 35.040286)"
2200,דימונה,17,שד בן גוריון,"בי""ס בן עטר",
2200,דימונה,18,הצבר,"בי""ס ממ""ד אלפסי",
2200,דימונה,19,שד בן גוריון,"בי""ס בן עטר",
2200,דימונה,20,"רחבת רמב""ם","בי""ס נווה",
2200,דימונה,21,כובשי אילת,"בי""ס גבריאל","(31.0643787, 35.040286)"
2200,דימונה,22,שד בן גוריון,"בי""ס רב תחומי ליהמן",
2200,דימונה,23,"העצמאות,52 ","בי''ס ממלכתי ע""ש רבין","(31.0688035, 35.029486)"
2200,דימונה,24,"העצמאות,52 ","בי''ס ממלכתי ע""ש רבין","(31.0688035, 35.029486)"
2200,דימונה,25,שד בן גוריון,"בי""ס תיכון דתי אפלמן",
2200,דימונה,27,"המעפיל,1 ","בי""ס ממלכתי ""דקלים""","(31.0719132, 35.0331902)"
2200,דימונה,28,"רחבת רמב""ם","בי""ס נווה",
2200,דימונה,29,שד בן גוריון,"בי""ס תיכון דתי אפלמן",
2200,דימונה,30,שבזי שלום,"בי""ס בגין","(31.0719459, 35.0434154)"
2200,דימונה,31,שבזי שלום,"בי""ס בגין","(31.0719459, 35.0434154)"
2200,דימונה,32,"רחבת רמב""ם","בי""ס נווה",
2200,דימונה,33,"המעפיל,1 ","בי""ס ממלכתי ""דקלים""","(31.0719132, 35.0331902)"
2200,דימונה,34,"העצמאות,52 ","בי''ס ממלכתי ע""ש רבין","(31.0688035, 35.029486)"
2200,דימונה,36,כורזין,מרכז פיס גנים,"(31.0550739, 35.0394664)"
2200,דימונה,37,כורזין,מרכז פיס גנים,"(31.0550739, 35.0394664)"
2200,דימונה,39,"ברקן,18 ",בית הגננת מתחם גנים,"(31.0791577, 35.0402859)"
2200,דימונה,40,"דולב,11 ",גן אלון ישן,"(31.0800456, 35.0438647)"
2200,דימונה,41,"דפנה,9 ",בית המתנדב,"(31.0796674, 35.0402882)"
2200,דימונה,42,"הר גבים,1 ","אשכול גנים ע""ש נעמי שמר","(31.0849543, 35.0297659)"
2200,דימונה,43,"שיקמה,24 ",מועדון פיס לנוער,
2200,דימונה,44,"ברקן,18 ",בית הגננת מתחם גנים,"(31.0791577, 35.0402859)"
2200,דימונה,45,שבזי שלום,"בי""ס בגין","(31.0719459, 35.0434154)"
2200,דימונה,46,שד בן גוריון,"בי""ס תיכון דתי אפלמן",
2200,דימונה,47,כורזין,מרכז פיס גנים,"(31.0550739, 35.0394664)"
2200,דימונה,48,"גמלא,44 ",גן ילדים הדס וזית,"(31.0564022, 35.038815)"
2200,דימונה,49,"הר גבים,1 ","אשכול גנים ע""ש נעמי שמר","(31.0849543, 35.0297659)"
2200,דימונה,66,"רחבת האצ""ל","בי""ס ע""ש יצחק שדה","(31.0733493, 35.0272623)"
2200,דימונה,67,"רחבת האצ""ל","בי""ס ע""ש יצחק שדה","(31.0733493, 35.0272623)"
2200,דימונה,68,"רחבת האצ""ל","בי""ס ע""ש יצחק שדה","(31.0733493, 35.0272623)"
2200,דימונה,69,"רחבת האצ""ל","בי""ס ע""ש יצחק שדה","(31.0733493, 35.0272623)"
2200,דימונה,90,דרך ברלב,"בי""ס אחווה",
2200,דימונה,91,מחנה עדי,מחנה עדי,"(31.205335, 35.0548303)"
2200,דימונה,92,שד בן גוריון,"בי""ס תיכון דתי אפלמן",
2200,דימונה,950,"הגפן,4 ","בי""ס עמי אסף","(31.0649184, 35.0258622)"
2200,דימונה,990,שד בן גוריון,"בי""ס דתי אפלמן-הסעה למחנה עדי",
1241,דקל,1,דקל,מועדון,"(31.955525, 34.867848)"
1349,דריג'את,1,דריג'את,מבנה רב תכליתי,
1169,הוואשלה (שבט),1,הוואשלה (שבט),ביס חסין אל הוואשלה,
1169,הוואשלה (שבט),2,הוואשלה (שבט),ביס חסין אל הוואשלה,
956,הוזייל (שבט),1,הוזייל (שבט),"בי""ס אלהוזייל",
956,הוזייל (שבט),2,הוזייל (שבט),"בי""ס אלהוזייל",
1261,הר עמשא,1,הר עמשא,מועדון קהילתי (גדול),
2742,זבארגה (שבט),1,זבארגה (שבט),ביס יסודי תל-אל מלח,
1065,זמרת,1,זמרת,מועדון,"(32.4927256, 35.4893712)"
2064,זרועה,1,זרועה,מועדון,
1239,חולית,1,חולית,מזכירות (חדר ישיבות),
1303,חורה,1,שכ 9,"בי""ס אלביאדר",
1303,חורה,2,חורה,"בי""ס אלעטאונה","(31.2926233, 34.9248699)"
1303,חורה,3,שכ 6,"בי""ס אלנדלוס","(31.2972468, 34.9379061)"
1303,חורה,4,חורה,"בי""ס אלעטאונה","(31.2926233, 34.9248699)"
1303,חורה,5,שכ 4,"בי""ס יסודי אלמג'ד","(31.2972468, 34.9379061)"
1303,חורה,6,שכ 17,"בי""ס אל נור","(31.2972468, 34.9379061)"
1303,חורה,7,שכ 6,"בי""ס אלנדלוס","(31.2972468, 34.9379061)"
1303,חורה,8,שכ 17,"בי""ס אל נור","(31.2972468, 34.9379061)"
1303,חורה,9,שכ 17,"בי""ס אל נור","(31.2972468, 34.9379061)"
1303,חורה,10,שכ 9,"בי""ס יסודי אל מוסתקבל",
1303,חורה,11,שכ 9,"בי""ס יסודי אל מוסתקבל",
1303,חורה,12,שכ 9,"בי""ס אלביאדר",
1303,חורה,13,חורה,"בי""ס אלעטאונה","(31.2926233, 34.9248699)"
1303,חורה,14,שכ 9,"בי""ס אלביאדר",
13,חצבה,1,חצבה,מועדון,"(30.6132426, 35.1914316)"
397,חצרים,1,חצרים,בית הילדים,
397,חצרים,2,חצרים,בית הילדים,
1177,טללים,1,טללים,מועדון,"(31.2581257, 35.2052839)"
3743,טנא,1,טנא,מועדון היישוב,"(32.921361, 35.301623)"
1232,יבול,1,יבול,מועדון,"(31.188924, 34.317066)"
1158,יהל,1,יהל,מועדון,"(30.083128, 35.128643)"
803,יושיביה,1,יושיביה,מועדון,"(31.447413, 34.605639)"
866,יטבתה,1,יטבתה,מועדון לחבר,"(29.895766, 35.060364)"
831,ירוחם,1,"הפלמ""ח","בי""ס המאוחד (לשעבר אלי כהן)","(30.98795, 34.933981)"
831,ירוחם,2,"הפלמ""ח","בי""ס המאוחד (לשעבר אלי כהן)","(30.98795, 34.933981)"
831,ירוחם,3,"ההגנה,926 ",גן ילדים חצב,"(30.9895155, 34.9358769)"
831,ירוחם,4,ההדרים,מועדון שכונתי (נאות הדר),"(30.9911069, 34.929068)"
831,ירוחם,5,"בר כוכבא,23 ","בי""ס קול יעקב","(30.9866137, 34.9294797)"
831,ירוחם,6,"בורנשטיין צבי,927 ",אולפן למוזיקה,"(30.9889701, 34.9175449)"
831,ירוחם,7,"רבי כדיר בוכריס,903 ",מועצה מקומית - בנין ישן,
831,ירוחם,8,"הדקל,900 ",גן ילדים נרקיס,"(30.9920039, 34.9207482)"
831,ירוחם,9,"בורנשטיין צבי,918 ","מתנ""ס","(30.9842783, 34.9372506)"
831,ירוחם,10,"רבי כדיר בוכריס,903 ",מועצה מקומית - בנין ישן,
831,ירוחם,11,"הסהר,281 ",משרד החברה הכלכלית,"(30.9884928, 34.9137549)"
831,ירוחם,12,"קנית,1 ",בית שולמית מעון יום,"(30.9856778, 34.9156254)"
831,ירוחם,13,"ההגנה,926 ",גן ילדים חצב,"(30.9895155, 34.9358769)"
831,ירוחם,990,"בורנשטיין צבי,918 ","מתנ""ס","(30.9842783, 34.9372506)"
916,ישע,1,ישע,מזכירות ועד חקלאי,"(31.807938, 35.223059)"
1227,יתד,1,יתד,מועדון כללי,"(31.2059095, 34.3254023)"
1329,יתיר,1,יתיר,מועדון,"(31.325442, 34.947432)"
1367,כחלה,1,כחלה,"בי""ס יסודי - כוחלה אבו רביע",
840,כיסופים,1,כיסופים,מזכירות,"(31.3778297, 34.4102617)"
1291,כמהין,1,כמהין,מזכירות (מועדון),
1059,כסיפה,1,שכ 42,מעון בית חלומותי,"(31.2465374, 35.0930574)"
1059,כסיפה,2,שכ 33,"בי""ס תל אל מלח","(31.2465374, 35.0930574)"
1059,כסיפה,3,שכ 33,"בי""ס תל אל מלח","(31.2465374, 35.0930574)"
1059,כסיפה,4,שכ 18,"בי""ס הרב תחומי","(31.2465374, 35.0930574)"
1059,כסיפה,5,כסיפה,"בי""ס יסודי אבו ואדי","(31.248943, 35.085746)"
1059,כסיפה,6,שכ 32,"בי""ס אבו ואדי חט""צ","(31.2465374, 35.0930574)"
1059,כסיפה,7,שכ 30,בית ספר אלאמל,"(31.2465374, 35.0930574)"
1059,כסיפה,8,שכ 18,"בי""ס חאמד אבו רביעה","(31.2465374, 35.0930574)"
1059,כסיפה,9,שכ 18,"בי""ס חאמד אבו רביעה","(31.2465374, 35.0930574)"
1059,כסיפה,10,שכ 32,"בי""ס אבו ואדי חט""צ","(31.2465374, 35.0930574)"
1059,כסיפה,11,כסיפה,"בי""ס יסודי אבו ואדי","(31.248943, 35.085746)"
1059,כסיפה,12,שכ 33,"בי""ס תל אל מלח","(31.2465374, 35.0930574)"
1059,כסיפה,13,שכ 32,"בי""ס אבו ואדי חט""צ","(31.2465374, 35.0930574)"
1059,כסיפה,14,שכ 32,"בי""ס אבו ואדי חט""צ","(31.2465374, 35.0930574)"
1095,כפר מימון,1,כפר מימון,בית העם,
1085,כרם שלום,1,כרם שלום,מועדון,"(31.211345, 34.293184)"
1198,כרמים,1,כרמים,מועדון,"(31.5353265, 34.6040022)"
3656,כרמל,1,כרמל,אולם שמחות,"(32.706396, 35.315852)"
2023,להב,1,להב,מועדון הקיבוץ,
1271,להבים,1,"ורד,9 ","בי""ס להבים","(31.3743473, 34.817353)"
1271,להבים,2,"ורד,9 ","בי""ס יסודי קהילתי","(31.3743473, 34.817353)"
1271,להבים,3,"ורד,9 ","בי""ס להבים","(31.3743473, 34.817353)"
1271,להבים,4,"ורד,9 ","בי""ס יסודי קהילתי","(31.3743473, 34.817353)"
1271,להבים,5,"ורד,9 ","בי""ס להבים","(31.3743473, 34.817353)"
1271,להבים,6,"ורד,9 ","בי""ס להבים","(31.3743473, 34.817353)"
1271,להבים,7,"ורד,9 ","בי""ס יסודי קהילתי","(31.3743473, 34.817353)"
1271,להבים,8,"ורד,9 ","בי""ס יסודי קהילתי","(31.3743473, 34.817353)"
1271,להבים,9,"ורד,9 ","בי""ס להבים","(31.3743473, 34.817353)"
1255,לוטן,1,לוטן,מועדון,"(29.98764, 35.085903)"
1060,לקיה,1,לקיה,"בי""ס תיכון לקיה","(31.324231, 34.8632022)"
1060,לקיה,2,לקיה,"בי""ס עבדראבה","(31.324231, 34.8632022)"
1060,לקיה,3,לקיה,חטיבת ביניים,"(31.324231, 34.8632022)"
1060,לקיה,4,שכ 8,"בי""ס יסודי אלעהד","(31.324666, 34.8661185)"
1060,לקיה,5,לקיה,"בי""ס תיכון לקיה","(31.324231, 34.8632022)"
1060,לקיה,6,לקיה,"בי""ס תיכון לקיה","(31.324231, 34.8632022)"
1060,לקיה,7,שכ 15,"בי""ס מקיף אקראא","(31.324666, 34.8661185)"
1060,לקיה,8,לקיה,"בי""ס תיכון לקיה","(31.324231, 34.8632022)"
1060,לקיה,9,שכ 15,"בי""ס מקיף אקראא","(31.324666, 34.8661185)"
1060,לקיה,10,לקיה,חטיבת ביניים,"(31.324231, 34.8632022)"
1060,לקיה,11,לקיה,"בי""ס תיכון לקיה","(31.324231, 34.8632022)"
1060,לקיה,12,שכ 8,"בי""ס יסודי אלעהד","(31.324666, 34.8661185)"
1060,לקיה,13,שכ 15,"בי""ס מקיף אקראא","(31.324666, 34.8661185)"
1080,מבועים,1,מבועים,"בי""ס מ""מ (כתות א - ג)","(31.4491123, 34.654263)"
1080,מבועים,2,מבועים,"בי""ס מ""מ (כתות א - ג)","(31.4491123, 34.654263)"
829,מבטחים,1,מבטחים,מועדון במבנה המזכירות,"(31.240936, 34.404917)"
695,מגן,1,מגן,מזכירות,"(32.184544, 34.83887)"
1140,מדרשת בן גוריון,1,מדרשת בן גוריון,"בי""ס יסודי צין",
1140,מדרשת בן גוריון,2,מדרשת בן גוריון,"בי""ס יסודי צין",
1418,מחנה טלי,1,מחנה טלי,מזכירות,
1416,מחנה יוכבד,1,מחנה יוכבד,מזכירות,
1415,מחנה יפה,1,מחנה יפה,מועדון משפחות,
1196,מחנה יתיר,1,מחנה יתיר,מועדון,
1268,מיתר,1,"שדרות עומרים,1 ","בי""ס ממ""ד חמדת","(31.3287728, 34.9398872)"
1268,מיתר,2,"שדרות עומרים,1 ","בי""ס ממ""ד חמדת","(31.3287728, 34.9398872)"
1268,מיתר,3,"שדרות המייסדים,1 ","מתנס מיתר לשעבר בי""ס מיתרים","(31.3271232, 34.9419267)"
1268,מיתר,4,"שדרות עומרים,1 ","בי""ס ממ""ד חמדת","(31.3287728, 34.9398872)"
1268,מיתר,5,"שדרות עומרים,1 ","בי""ס ממ""ד חמדת","(31.3287728, 34.9398872)"
1268,מיתר,6,"שדרות עומרים,1 ","בי""ס ממ""ד חמדת","(31.3287728, 34.9398872)"
1268,מיתר,7,"שדרות המייסדים,1 ","מתנס מיתר לשעבר בי""ס מיתרים","(31.3271232, 34.9419267)"
1268,מיתר,8,"שדרות המייסדים,1 ","מתנס מיתר לשעבר בי""ס מיתרים","(31.3271232, 34.9419267)"
1268,מיתר,9,"שדרות המייסדים,1 ","מתנס מיתר לשעבר בי""ס מיתרים","(31.3271232, 34.9419267)"
1268,מיתר,10,"דרורית,1 ",מתחם גני ילדים,"(31.331252, 34.891021)"
1268,מיתר,11,"שדרות המייסדים,1 ","מתנס מיתר לשעבר בי""ס מיתרים","(31.3271232, 34.9419267)"
1268,מיתר,12,"דרורית,1 ",מתחם גני ילדים,"(31.331252, 34.891021)"
1268,מיתר,13,"שדרות המייסדים,1 ","מתנס מיתר לשעבר בי""ס מיתרים","(31.3271232, 34.9419267)"
1268,מיתר,14,"שדרות עומרים,1 ","בי""ס ממ""ד חמדת","(31.3287728, 34.9398872)"
1343,מכחול,1,מכחול,"בי""ס יסודי מכחול","(31.287238, 35.073118)"
2044,מלילות,1,מלילות,מזכירות,
748,מסלול,1,מסלול,"מועדון ע""י המזכירות","(32.1733904, 34.8255643)"
939,מסעודין אל-עזאזמה,1,"מסעודין אל-עזאזמה,38 ","בי""ס שגב שלום מבנה כיתות שמאלי",
939,מסעודין אל-עזאזמה,2,"שגב-שלום,",בית ספר תיכון חדש אלסלאם,
939,מסעודין אל-עזאזמה,3,"שגב-שלום,",בית ספר תיכון חדש אלסלאם,
939,מסעודין אל-עזאזמה,4,"שגב-שלום,",בית ספר תיכון חדש אלסלאם,
939,מסעודין אל-עזאזמה,5,"שגב-שלום,",בית ספר תיכון חדש אלסלאם,
939,מסעודין אל-עזאזמה,6,"מסעודין אל-עזאזמה,38 ","בי""ס שגב שלום מבנה כיתות שמאלי",
939,מסעודין אל-עזאזמה,7,"שגב-שלום,",בית ספר תיכון חדש אלסלאם,
939,מסעודין אל-עזאזמה,8,"מסעודין אל-עזאזמה,38 ","בי""ס שגב שלום מבנה כיתות ימני",
939,מסעודין אל-עזאזמה,9,"מסעודין אל-עזאזמה,38 ","בי""ס שגב שלום מבנה כיתות ימני",
939,מסעודין אל-עזאזמה,10,מסעודין אל-עזאזמה,"בי""ס שגב שלום מבנה כיתות אמצעי",
939,מסעודין אל-עזאזמה,11,מסעודין אל-עזאזמה,"בי""ס שגב שלום מבנה כיתות אמצעי",
939,מסעודין אל-עזאזמה,12,"מסעודין אל-עזאזמה,38 ","בי""ס שגב שלום מבנה כיתות ימני",
939,מסעודין אל-עזאזמה,13,"שגב-שלום,",בית ספר תיכון חדש אלסלאם,
1082,מעגלים,1,מעגלים,מועדון- בית העם,"(31.394323, 34.600034)"
1082,מעגלים,2,מעגלים,מועדון- בית העם,"(31.394323, 34.600034)"
3657,מעון,1,מעון,מזכירות ספריה,"(31.261837, 35.202178)"
3745,מצדות יהודה,1,מצדות יהודה,מועדון (חדר יותר גדול),
99,מצפה רמון,1,"שד בן גוריון,12 ","מתנ""ס ע""ש ס. רובין","(30.6101934, 34.8018881)"
99,מצפה רמון,2,"עין עופרים,16 ","בי""ס תורני סביבתי מצפה רמון","(30.6123538, 34.7992063)"
99,מצפה רמון,3,"גנדי (רחבעם זאבי),2 ","תיכון ""השלום""",
99,מצפה רמון,4,"גנדי (רחבעם זאבי),2 ","תיכון ""השלום""",
99,מצפה רמון,5,"גנדי (רחבעם זאבי),2 ","תיכון ""השלום""",
99,מצפה רמון,6,"עין עופרים,16 ","בי""ס תורני סביבתי מצפה רמון","(30.6123538, 34.7992063)"
1340,מרחב עם,1,מרחב עם,מרכז תרבות וקהילה,"(30.888356, 34.826875)"
421,משאבי שדה,1,משאבי שדה,מועדון לחבר,
395,משמר הנגב,1,משמר הנגב,מועדון,
395,משמר הנגב,2,משמר הנגב,חדר האוכל,
1124,נאות הכיכר,1,נאות הכיכר,מועדון פיס,"(30.934147, 35.376441)"
1197,נאות סמדר,1,נאות סמדר,מועדון,"(30.0480361, 35.0270916)"
396,נבטים,1,נבטים,בית הקשיש,"(31.22613, 34.886059)"
1366,נווה,1,נווה,מועדון,"(31.1622786, 34.3333563)"
1057,נווה זוהר,1,נווה זוהר,מועצה אזורית תמר,
1279,נווה חריף,1,נווה חריף,מועדון,"(30.038849, 35.036156)"
1195,ניצנה (קהילת חינוך),1,מרכז קליטה,מועדון,
1280,ניצני סיני,1,ניצני סיני,"מועדון ע""י המזכירות",
402,ניר יצחק,1,ניר יצחק,מזכירות,"(31.236237, 34.357231)"
2047,ניר משה,1,ניר משה,מועדון הנוער,
69,ניר עוז,1,ניר עוז,משרד ההנהלה-בית המוסדות,
2048,ניר עקיבא,1,ניר עקיבא,גני ילדים,
602,נירים,1,נירים,מזכירות - חדר ישיבות,"(31.335259, 34.396617)"
1041,נצאצרה (שבט),1,נצאצרה (שבט),ביס תל אל מלח כסיפה,
246,נתיבות,1,הרב חורי חיים,"בי""ס ממד נועם אליהו","(31.4262305, 34.5966592)"
246,נתיבות,2,חפץ חיים,"בי""ס נתיב יצחק","(31.4234462, 34.5963046)"
246,נתיבות,3,מלכי ישראל,"בי""ס נווה יעקב","(31.420702, 34.5915217)"
246,נתיבות,4,הרב חורי חיים,"בי""ס ממד נועם אליהו","(31.4262305, 34.5966592)"
246,נתיבות,5,חפץ חיים,"בי""ס נתיב יצחק","(31.4234462, 34.5963046)"
246,נתיבות,6,חפץ חיים,"בי""ס נתיב יצחק","(31.4234462, 34.5963046)"
246,נתיבות,7,מלכי ישראל,"בי""ס נווה יעקב","(31.420702, 34.5915217)"
246,נתיבות,8,"החזון איש,5 ",מועדון קשישים - בית היוצר,"(31.4281788, 34.5948348)"
246,נתיבות,9,"הרב גרשונוביץ,202 ","בי""ס אוהל תמר","(31.4218892, 34.5811167)"
246,נתיבות,10,ורדימון יצחק,מעון רינת חנניה,
246,נתיבות,11,ורדימון יצחק,גן ילדים מרים,
246,נתיבות,12,"הרב צבאן,32 ","תיכון דתי לבנות ע""ש המר-נתיבות","(31.4217081, 34.5780196)"
246,נתיבות,13,הרב צבאן,"בי""ס נועם אורות","(31.418117, 34.5768751)"
246,נתיבות,14,"הרב מזוז,8 ","בי""ס נתיבי אור","(31.428647, 34.583304)"
246,נתיבות,15,שכ הורד,"בי""ס ממלכתי ע""ש יצחק רבין",
246,נתיבות,16,העצמאות,מרכז פיס לנוער,"(31.4217511, 34.5865123)"
246,נתיבות,17,"שד ירושלים,185 ",כותר פיס,"(31.4242578, 34.568817)"
246,נתיבות,18,"שד ירושלים,185 ",כותר פיס,"(31.4242578, 34.568817)"
246,נתיבות,19,שכ הורד,"בי""ס ממלכתי ע""ש יצחק רבין",
246,נתיבות,20,"חיל הנדסה,18 ","גן יעלים , גן גולן","(31.4244426, 34.5829124)"
246,נתיבות,21,"קטיף,82 ",תיכון דתי לבנים - דרכא,"(31.4151239, 34.5731497)"
246,נתיבות,22,"זית,2 ",מועדון פיס לגיל הזהב,
246,נתיבות,23,"הרב מזוז,8 ","בי""ס נתיבי אור","(31.428647, 34.583304)"
246,נתיבות,24,"הרב גרשונוביץ,202 ","בי""ס אוהל תמר","(31.4218892, 34.5811167)"
246,נתיבות,25,"זית,2 ",מועדון פיס לגיל הזהב,
246,נתיבות,26,הרב צבאן,מרכז פיס לילד ולמשפחה,"(31.418117, 34.5768751)"
246,נתיבות,27,"הרב צבאן,32 ","אולפנה דרכא ע""ש המר","(31.4217081, 34.5780196)"
246,נתיבות,28,שכ הורד,"בי""ס ממלכתי ע""ש יצחק רבין",
246,נתיבות,29,מלכי ישראל,"בי""ס נווה יעקב","(31.420702, 34.5915217)"
246,נתיבות,30,"הרב מזוז,8 ","בי""ס נתיבי אור","(31.428647, 34.583304)"
246,נתיבות,31,הרב צבאן,"בי""ס נועם אורות","(31.418117, 34.5768751)"
246,נתיבות,32,הרב צבאן,"גנים (נאות נפתלי, רון אברהם)","(31.418117, 34.5768751)"
246,נתיבות,33,"קטיף,82 ",תיכון דתי לבנים - דרכא,"(31.4151239, 34.5731497)"
246,נתיבות,34,הרב צבאן,מרכז פיס לילד ולמשפחה,"(31.418117, 34.5768751)"
246,נתיבות,35,"בדולח,1 ",ישיבה תיכונית דרכא-נתיבות,"(31.4196436, 34.5710321)"
246,נתיבות,36,"בדולח,1 ",ישיבה תיכונית דרכא-נתיבות,"(31.4196436, 34.5710321)"
246,נתיבות,37,"קטיף,82 ",תיכון דתי לבנים - דרכא,"(31.4151239, 34.5731497)"
246,נתיבות,38,"אריק איינשטיין,1 ",גן נווה שרון,
246,נתיבות,39,"קטיף,82 ",תיכון דתי לבנים - דרכא,"(31.4151239, 34.5731497)"
246,נתיבות,40,"קטיף,82 ",תיכון דתי לבנים - דרכא,"(31.4151239, 34.5731497)"
246,נתיבות,41,"הרב מזוז,8 ","בי""ס נתיבי אור","(31.428647, 34.583304)"
246,נתיבות,42,הרב צבאן,מרכז פיס לילד ולמשפחה,"(31.418117, 34.5768751)"
246,נתיבות,43,"קטיף,82 ",תיכון דתי לבנים - דרכא,"(31.4151239, 34.5731497)"
246,נתיבות,44,"קטיף,82 ",תיכון דתי לבנים - דרכא,"(31.4151239, 34.5731497)"
246,נתיבות,45,"אריק איינשטיין,1 ",גן נווה שרון,
246,נתיבות,46,"בדולח,1 ",ישיבה תיכונית דרכא-נתיבות,"(31.4196436, 34.5710321)"
246,נתיבות,990,מלכי ישראל,"בי""ס נווה יעקב","(31.420702, 34.5915217)"
3756,סוסיה,1,סוסיה,מועדון פיס,
1238,סופה,1,סופה,מזכירות,"(31.23728, 34.341794)"
1170,סייד (שבט),1,סייד (שבט),"בי""ס יסודי אל סייד",
1170,סייד (שבט),2,סייד (שבט),"בי""ס יסודי אל סייד",
1170,סייד (שבט),3,סייד (שבט),"בי""ס יסודי אל סייד",
1156,סמר,1,סמר,סיפריה,"(29.833784, 35.0233955)"
3777,סנסנה,1,סנסנה,ספרית בן-דור,"(31.3447917, 34.9012512)"
419,סעד,1,סעד,מועדון,"(32.7884796, 34.9863458)"
1360,סעוה,1,סעוה,אורט מולדה (אל אטרש),
1360,סעוה,2,סעוה,אורט מולדה (אל אטרש),
1176,ספיר,1,ספיר,"מועדון - ע""י הצרכניה","(31.769635, 34.98863)"
666,עומר,1,דפנה,"מועדון ""בית דפנה""","(31.2622366, 34.8445217)"
666,עומר,2,הדר,"בי""ס עומרים - בנין 1 ו 2","(31.2613754, 34.8447792)"
666,עומר,3,הדר,"בי""ס עומרים - בנין 1 ו 2","(31.2613754, 34.8447792)"
666,עומר,4,דפנה,"מועדון ""בית דפנה""","(31.2622366, 34.8445217)"
666,עומר,5,הדר,"בי""ס עומרים - בנין 8","(31.2613754, 34.8447792)"
666,עומר,6,הדר,בית המוסיקה,"(31.2613754, 34.8447792)"
666,עומר,7,הדר,"בי""ס עומרים - בנין 8","(31.2613754, 34.8447792)"
666,עומר,8,הדר,"בי""ס עומרים - בנין 8","(31.2613754, 34.8447792)"
666,עומר,9,הדר,"בי""ס עומרים - בנין 1 ו 2","(31.2613754, 34.8447792)"
666,עומר,10,הדר,"בי""ס עומרים - בנין 1 ו 2","(31.2613754, 34.8447792)"
666,עומר,11,הדר,"בי""ס עומרים - בנין 1 ו 2","(31.2613754, 34.8447792)"
666,עומר,12,הדר,"בי""ס עומרים - בנין 8","(31.2613754, 34.8447792)"
666,עומר,990,הדר,בית המוסיקה,"(31.2613754, 34.8447792)"
957,עוקבי (בנו עוקבה),1,עוקבי (בנו עוקבה),"בי""ס יסודי א' חורה א'",
328,עזוז,1,עזוז,מזכירות,"(30.792181, 34.472174)"
969,עטאוונה (שבט),1,עטאוונה (שבט),"בי""ס אל-עטאונה - חורה",
1175,עידן,1,עידן,ספריה,"(31.380233, 34.782058)"
2042,עין גדי,1,עין גדי,מועדון,"(31.75321, 35.221736)"
1240,עין הבשור,1,עין הבשור,מועדון לחבר,
676,עין השלושה,1,עין השלושה,מועדון,
1053,עין חצבה,1,עין חצבה,מזכירות,
806,עין יהב,1,עין יהב,מועדון חברים,"(30.6605356, 35.2309577)"
1251,עין תמר,1,עין תמר,מזכירות,"(31.1965125, 35.3631888)"
1187,עיר אובות,1,עיר אובות,מזכירות,
1146,עלומים,1,עלומים,מועדון לחבר,"(32.0442989, 34.885715)"
318,עמיעוז,1,עמיעוז,מועדון עמיעוז,
2560,ערד,1,"יאשיהו,4 ","בי""ס מקיף אורט","(31.2621611, 35.2147414)"
2560,ערד,2,"שמעון,12 ","בי""ס לבאות","(31.2577091, 35.20559)"
2560,ערד,3,"שמעון,49 ",גן ערבה,"(31.2577091, 35.20559)"
2560,ערד,4,"שד חן,49 ","בי""ס יסודי אבישור",
2560,ערד,5,"יהודה,20 ","בי""ס יעלים","(31.2546336, 35.2064406)"
2560,ערד,6,"יהודה,20 ","בי""ס יעלים","(31.2546336, 35.2064406)"
2560,ערד,7,"צבר,11 ",בית המתנדב,"(31.2547583, 35.218343)"
2560,ערד,8,"רענן,9 ",מרכז גישור ודיאלוג,"(31.25085, 35.2179491)"
2560,ערד,9,"שד חן,49 ","בי""ס יסודי אבישור",
2560,ערד,10,"שמעון,12 ","בי""ס לבאות","(31.2577091, 35.20559)"
2560,ערד,11,"יאשיהו,4 ","בי""ס מקיף אורט","(31.2621611, 35.2147414)"
2560,ערד,12,"שיזף,21 ","בי""ס חלמיש","(31.2621358, 35.2047301)"
2560,ערד,13,"רענן,9 ",מרכז גישור ודיאלוג,"(31.25085, 35.2179491)"
2560,ערד,14,"יאשיהו,4 ","בי""ס מקיף אורט","(31.2621611, 35.2147414)"
2560,ערד,15,"יאשיהו,4 ","בי""ס מקיף אורט","(31.2621611, 35.2147414)"
2560,ערד,16,"שמעון,12 ","בי""ס לבאות","(31.2577091, 35.20559)"
2560,ערד,17,"שמעון,12 ","בי""ס לבאות","(31.2577091, 35.20559)"
2560,ערד,18,"שמעון,49 ",גן אגוז,"(31.2577091, 35.20559)"
2560,ערד,19,"אשד,22 ",גן גבים,"(31.2525308, 35.2004342)"
2560,ערד,20,"יהודה,20 ","בי""ס יעלים","(31.2546336, 35.2064406)"
2560,ערד,21,"יאשיהו,4 ","בי""ס מקיף אורט","(31.2621611, 35.2147414)"
2560,ערד,22,"שיזף,21 ","בי""ס חלמיש","(31.2621358, 35.2047301)"
2560,ערד,23,"זמיר,40 ",מועדון גשר,
2560,ערד,24,"זמיר,40 ",מועדון גשר,
2560,ערד,25,"שיזף,21 ","בי""ס חלמיש","(31.2621358, 35.2047301)"
2560,ערד,26,"דוכיפת,25 ",גן מעוף,"(31.2704166, 35.2117179)"
2560,ערד,27,"יאשיהו,8 ",תפוח פיס,"(31.263968, 35.2129114)"
2560,ערד,28,"שיזף,21 ","בי""ס חלמיש","(31.2621358, 35.2047301)"
2560,ערד,29,"עיט,13 ",מאסטר קלאס מקלט,"(31.2692952, 35.2133361)"
2560,ערד,30,"אשד,22 ",גן גבים,"(31.2525308, 35.2004342)"
2560,ערד,31,"יהודה,20 ","בי""ס יעלים","(31.2546336, 35.2064406)"
2560,ערד,32,"שיזף,21 ","בי""ס חלמיש","(31.2621358, 35.2047301)"
2560,ערד,33,"רענן,9 ",מרכז גישור ודיאלוג,"(31.25085, 35.2179491)"
2560,ערד,34,"יאשיהו,8 ",תפוח פיס,"(31.263968, 35.2129114)"
2560,ערד,35,"יאשיהו,4 ","בי""ס מקיף אורט","(31.2621611, 35.2147414)"
2560,ערד,950,"שד חן,49 ","בי""ס יסודי אבישור",
2560,ערד,990,"בן יאיר אלעזר,28 ","מתנ""ס ערד","(31.2568784, 35.2061236)"
1192,ערערה-בנגב,1,ערערה-בנגב,מועדון פיס לגיל הזהב,"(31.1576711, 35.0130214)"
1192,ערערה-בנגב,2,ערערה-בנגב,"בי""ס אבו עראר","(31.1576711, 35.0130214)"
1192,ערערה-בנגב,3,ערערה-בנגב,"ביה""ס יסודי אלראזי","(31.1576711, 35.0130214)"
1192,ערערה-בנגב,4,ערערה-בנגב,מועדון פיס לגיל הזהב,"(31.1576711, 35.0130214)"
1192,ערערה-בנגב,5,ערערה-בנגב,"בי""ס אבן סינא","(31.1576711, 35.0130214)"
1192,ערערה-בנגב,6,ערערה-בנגב,"בי""ס אל סלאם","(31.1576711, 35.0130214)"
1192,ערערה-בנגב,7,שכ 22,"בי""ס אבן חלדון","(31.1595078, 35.0230464)"
1192,ערערה-בנגב,8,ערערה-בנגב,"ביה""ס יסודי אל נג'אח","(31.1576711, 35.0130214)"
1192,ערערה-בנגב,9,ערערה-בנגב,"ביה""ס יסודי אלראזי","(31.1576711, 35.0130214)"
1192,ערערה-בנגב,10,ערערה-בנגב,"בי""ס אבן סינא","(31.1576711, 35.0130214)"
1192,ערערה-בנגב,11,שכ 22,"בי""ס אבן חלדון","(31.1595078, 35.0230464)"
1192,ערערה-בנגב,12,ערערה-בנגב,"בי""ס אל סלאם","(31.1576711, 35.0130214)"
1192,ערערה-בנגב,13,ערערה-בנגב,"בי""ס תיכון מקיף","(31.1576711, 35.0130214)"
1192,ערערה-בנגב,14,ערערה-בנגב,"בי""ס אבן סינא","(31.1576711, 35.0130214)"
1151,פארן,1,פארן,מועדון,"(31.800326, 35.225198)"
750,פדויים,1,פדויים,מזכירות- בית העם,"(32.470361, 34.960628)"
749,פטיש,1,פטיש,מזכירות-בית העם,"(31.327925, 34.561564)"
2059,"פעמי תש""ז",1,"פעמי תש""ז",בית העם,
1231,פרי גן,1,פרי גן,מועדון,
413,צאלים,1,צאלים,מועדון,"(29.560409, 34.9352748)"
1136,צוחר,1,צוחר,מועדון,"(31.2426684, 34.3793277)"
1150,צופר,1,צופר,מזכירות,"(30.559974, 35.180915)"
1262,צוקים,1,צוקים,משכן האומנויות,"(30.491173, 35.1679434)"
1234,קבועה (שבט),1,קבועה (שבט),"בי""ס יסודי אל פרעה ב",
1234,קבועה (שבט),2,קבועה (שבט),"בי""ס יסודי אל פרעה ב",
964,קודייראת א-צאנע(שבט),1,קודייראת א-צאנע,"בי""ס יסודי עבד רבה לקייה",
964,קודייראת א-צאנע(שבט),2,קודייראת א-צאנע,"בי""ס יסודי עבד רבה לקייה",
972,קוואעין (שבט),1,קוואעין (שבט),"בי""ס אל-סאלם (עמל)",
1052,קטורה,1,קטורה,מועדון חברים,"(29.97021, 35.061588)"
414,קלחים,1,"קלחים,1 ",מועדון מרכזי,
1347,קצר א-סר,1,קצר א-סר,מועדון פיס לנוער,
1347,קצר א-סר,2,קצר א-סר,"בי""ס אורט הואשלה",
354,רביבים,1,רביבים,מועדון,"(32.1174226, 34.8320015)"
1161,רהט,1,אבו עוביידה,"בי""ס אבו-עבידה רהט ח'","(31.39897, 34.763228)"
1161,רהט,2,אל ביאדר,"בי""ס בית אלחכמא - רהט ג'",
1161,רהט,3,אבו עוביידה,"בי""ס אבו-עבידה רהט ח'","(31.39897, 34.763228)"
1161,רהט,4,אלאח'א,"ביה""ס מקיף אבן רושד","(31.381991, 34.775125)"
1161,רהט,5,רהט,"בי""ס אבן חלדון - קרית חינוך","(31.3673641, 34.7481265)"
1161,רהט,6,אלרחמה,"בי""ס אלזהרא - רהט ב'",
1161,רהט,7,אלרחמה,"בי""ס אלזהרא - רהט ב'",
1161,רהט,8,אלרחמה,"בי""ס אלנור - חט""ב ב'",
1161,רהט,9,אלפרדוס,"בי""ס יסודי אלפרדוס",
1161,רהט,10,אלאימאן,"בי""ס ניסוי יסודי אלרחמה","(31.388034, 34.763204)"
1161,רהט,11,אלאח'א,"בי""ס אלאח'א - רהט ו'","(31.381991, 34.775125)"
1161,רהט,12,אל בדר,"בי""ס יסודי אלביאן",
1161,רהט,13,רהט,"בי""ס אבן חלדון - קרית חינוך","(31.3673641, 34.7481265)"
1161,רהט,14,אלראזי,"בי""ס מקיף אלראזי",
1161,רהט,15,אלתקוא,"בי""ס תיכון אלתקוא",
1161,רהט,16,אל קאדסייה,"בי""ס עומר בן אלחטאב - רהט ה'",
1161,רהט,17,אלתקוא,"בי""ס תיכון אלתקוא",
1161,רהט,18,אלראזי,"בי""ס מקיף אלראזי",
1161,רהט,19,אלתקוא,"בי""ס תיכון אלתקוא",
1161,רהט,20,אלנג'אח,"בי""ס שיח' ח'מיס","(31.384976, 34.736932)"
1161,רהט,21,אלנג'אח,"בי""ס שיח' ח'מיס","(31.384976, 34.736932)"
1161,רהט,22,אלנג'אח,"בי""ס אלסלאם - א'","(31.384976, 34.736932)"
1161,רהט,23,אלנג'אח,"בי""ס אלסלאם - א'","(31.384976, 34.736932)"
1161,רהט,24,אלנג'אח,"בי""ס אלסלאם - א'","(31.384976, 34.736932)"
1161,רהט,25,אבן סינא,"בי""ס אבן סינא","(31.3859727, 34.7484961)"
1161,רהט,26,אלאימאן,"בי""ס ניסוי יסודי אלרחמה","(31.388034, 34.763204)"
1161,רהט,27,אלרחמה,"בי""ס אלנור - חט""ב ב'",
1161,רהט,28,אבו עוביידה,"בי""ס יסודי אלהלאל","(31.39897, 34.763228)"
1161,רהט,29,אלנג'אח,"בי""ס שיח' ח'מיס","(31.384976, 34.736932)"
1161,רהט,30,אלפרדוס,"בי""ס יסודי אלפרדוס",
1161,רהט,31,אלאימאן,"בי""ס ניסוי יסודי אלרחמה","(31.388034, 34.763204)"
1161,רהט,32,אל ביאדר,"בי""ס בית אלחכמא - רהט ג'",
1161,רהט,33,אלאח'א,"בי""ס אלאח'א - רהט ו'","(31.381991, 34.775125)"
1161,רהט,34,אלנג'אח,"בי""ס שיח' ח'מיס","(31.384976, 34.736932)"
1161,רהט,35,אבן סינא,"בי""ס אבן סינא","(31.3859727, 34.7484961)"
1161,רהט,36,אלאימאן,"בי""ס ניסוי יסודי אלרחמה","(31.388034, 34.763204)"
1161,רהט,37,אלאח'א,"ביה""ס מקיף אבן רושד","(31.381991, 34.775125)"
1161,רהט,38,אבן סינא,"בי""ס אבן סינא","(31.3859727, 34.7484961)"
1161,רהט,39,אל בדר,"בי""ס יסודי אלביאן",
1161,רהט,40,אלנג'אח,"בי""ס אלסלאם - א'","(31.384976, 34.736932)"
1161,רהט,41,אלרחמה,"בי""ס אלנור - חט""ב ב'",
1161,רהט,42,אל קאדסייה,"בי""ס עומר בן אלחטאב - רהט ה'",
1161,רהט,43,רהט,"בי""ס אבן חלדון - קרית חינוך","(31.3673641, 34.7481265)"
1161,רהט,44,אבו עוביידה,"בי""ס יסודי אלהלאל","(31.39897, 34.763228)"
1161,רהט,45,אלפרדוס,"בי""ס יסודי אלפרדוס",
1161,רהט,46,אל קאדסייה,"בי""ס עומר בן אלחטאב - רהט ה'",
1161,רהט,47,רהט,"בי""ס יסודי שייך סלמאן אלעתיקה","(31.3673641, 34.7481265)"
1161,רהט,48,אלרחמה,"בי""ס אלזהרא - רהט ב'",
1161,רהט,49,אלפרדוס,"בי""ס יסודי אלפרדוס",
1161,רהט,50,אבן סינא,"בי""ס אבן סינא","(31.3859727, 34.7484961)"
1161,רהט,51,אבן סינא,"בי""ס אבן סינא","(31.3859727, 34.7484961)"
1161,רהט,52,אל ביאדר,"בי""ס בית אלחכמא - רהט ג'",
1161,רהט,53,אבו עוביידה,"בי""ס אבו-עבידה רהט ח'","(31.39897, 34.763228)"
1161,רהט,54,אבו עוביידה,"בי""ס אבו-עבידה רהט ח'","(31.39897, 34.763228)"
1161,רהט,55,אלנג'אח,"בי""ס אלסלאם - א'","(31.384976, 34.736932)"
1161,רהט,56,אלתקוא,"בי""ס תיכון אלתקוא",
1161,רהט,57,רהט,"בי""ס יסודי שייך סלמאן אלעתיקה","(31.3673641, 34.7481265)"
1161,רהט,58,אלאימאן,"בי""ס ניסוי יסודי אלרחמה","(31.388034, 34.763204)"
1161,רהט,59,רהט,"בי""ס יסודי שייך סלמאן אלעתיקה","(31.3673641, 34.7481265)"
1161,רהט,60,אלראזי,"בי""ס מקיף אלראזי",
1161,רהט,61,אל בדר,"בי""ס יסודי אלביאן",
789,רנן,1,רנן,בית העם,"(32.80473, 34.9704)"
713,רעים,1,רעים,מועדון,"(32.079924, 34.915082)"
1260,רתמים,1,רתמים,מועדון הישוב,"(31.054138, 34.691292)"
1377,שבי דרום,1,,גן זית,
1286,שגב-שלום,1,שגב-שלום,"בי""ס יסודי ד אלזהרה","(31.194398, 34.8405813)"
1286,שגב-שלום,2,שגב-שלום,"בי""ס יסודי אלנור א'","(31.194398, 34.8405813)"
1286,שגב-שלום,3,שגב-שלום,"בי""ס יסודי אלנור א'","(31.194398, 34.8405813)"
1286,שגב-שלום,4,שגב-שלום,"בי""ס יסודי ד אלזהרה","(31.194398, 34.8405813)"
1286,שגב-שלום,5,שגב-שלום,בית ספר אלמוסתקבל,"(31.194398, 34.8405813)"
1286,שגב-שלום,6,שגב-שלום,"בי""ס יסודי ד אלזהרה","(31.194398, 34.8405813)"
1286,שגב-שלום,7,שגב-שלום,בית ספר אלמוסתקבל,"(31.194398, 34.8405813)"
1286,שגב-שלום,8,שגב-שלום,"בי""ס יסודי ד אלזהרה","(31.194398, 34.8405813)"
1286,שגב-שלום,9,שגב-שלום,"בי""ס יסודי ד אלזהרה","(31.194398, 34.8405813)"
1286,שגב-שלום,10,שגב-שלום,"בי""ס יסודי ד אלזהרה","(31.194398, 34.8405813)"
885,שדה בוקר,1,שדה בוקר,אולם ספורט - חדר ישיבות,"(30.874718, 34.79399)"
1058,שדה ניצן,1,שדה ניצן,מועדון,
2049,שדה צבי,1,שדה צבי,מועדון נוער,"(31.448943, 34.711421)"
1223,שדי אברהם,1,שדי אברהם,מועדון,"(31.212443, 34.337993)"
761,שובה,1,שובה,אולם סמוך לבית הכנסת,"(31.449111, 34.544354)"
394,שובל,1,שובל,מועדון פולה,"(31.3932343, 34.7268889)"
1265,שומריה,1,שומריה,חדר חוגים,"(31.430467, 34.884285)"
415,שוקדה,1,שוקדה,מועדון,"(31.423313, 34.524919)"
1266,שחרות,1,שחרות,מזכירות,"(29.90396, 34.9994725)"
865,שיבולים,1,שיבולים,בית העם,"(31.399432, 34.609871)"
1378,שיזף,1,,,
1267,שיטים,1,שיטים,מזכירות,
1373,שלווה במדבר,1,,,
1364,שלומית,1,שלומית,מועדון הישוב,"(31.170787, 34.303533)"
3784,שמעה,1,שמעה,מזכירות,"(31.739751, 34.995025)"
1287,שני,1,שני,מועדון פיס לגיל הזהב,"(31.652175, 34.553522)"
398,שרשרת,1,שרשרת,מרכז פעילויות,
2062,תאשור,1,תאשור,מועדון,"(32.616565, 35.286575)"
2061,תדהר,1,תדהר,מועדון חוגים ערבה,"(31.3791712, 34.621043)"
1083,תושיה,1,תושיה,"מתנ""ס אזורי",
1054,תל שבע,1,שכ 11,ביס תיכון מקיף - עמל דקלים,"(31.2456487, 34.8577683)"
1054,תל שבע,2,שכ 10,ביס אבו בכר ב (חדש),"(31.2456487, 34.8577683)"
1054,תל שבע,3,שכ 1,"בי""ס ג'ובראן","(31.2456487, 34.8577683)"
1054,תל שבע,4,שכ 7,"בי""ס אלאנדלוס","(31.2456487, 34.8577683)"
1054,תל שבע,5,שכ 3,"בי""ס אבו-בכר","(31.2456487, 34.8577683)"
1054,תל שבע,6,שכ 3,"בי""ס אבו-בכר","(31.2456487, 34.8577683)"
1054,תל שבע,7,שכ 6,גן ילדים שיקומי,"(31.2456487, 34.8577683)"
1054,תל שבע,8,שכ 6,תיכון מקיף אלון,"(31.2456487, 34.8577683)"
1054,תל שבע,9,שכ 14,"חט""ב חדשה","(31.2456487, 34.8577683)"
1054,תל שבע,10,שכ 14,"חט""ב חדשה","(31.2456487, 34.8577683)"
1054,תל שבע,11,שכ 14,"חט""ב חדשה","(31.2456487, 34.8577683)"
1054,תל שבע,12,שכ 7,"בי""ס אלאנדלוס","(31.2456487, 34.8577683)"
1054,תל שבע,13,שכ 11,ביס תיכון מקיף - עמל דקלים,"(31.2456487, 34.8577683)"
1054,תל שבע,14,שכ 7,"בי""ס אלאנדלוס","(31.2456487, 34.8577683)"
1054,תל שבע,15,שכ 14,"חט""ב חדשה","(31.2456487, 34.8577683)"
1054,תל שבע,16,שכ 3,"בי""ס אבו-בכר","(31.2456487, 34.8577683)"
1054,תל שבע,17,שכ 11,ביס תיכון מקיף - עמל דקלים,"(31.2456487, 34.8577683)"
1054,תל שבע,18,שכ 14,"חט""ב חדשה","(31.2456487, 34.8577683)"
1051,תלמי אליהו,1,תלמי אליהו,מועדון,"(31.230369, 34.428815)"
2050,"תלמי ביל""ו",1,"תלמי ביל""ו",מועדון נוער,"(31.437137, 34.643815)"
1237,תלמי יוסף,1,תלמי יוסף,מועדון,"(31.199023, 34.360924)"
709,תפרח,1,תפרח,"בי""ס לבנות הדסים","(31.331124, 34.675295)"
709,תפרח,2,תפרח,"בי""ס לבנות הדסים","(31.331124, 34.675295)"
665,תקומה,1,תקומה,מועדון חדש,"(32.0871038, 34.8848259)"
970,תראבין א-צאנע (שבט),1,תראבין א-צאנע (שבט),"בי""ס אבובאכר א'",
1346,תראבין א-צאנע(ישוב),1,תראבין א-צאנע(ישוב),"בי""ס יסודי תארבין",
3760,אורנית,1,"אורנית,3 ",קאנטרי אורנית,
3760,אורנית,2,"הארבל,17 ","בי""ס ממ""ד יובלים",
3760,אורנית,3,אורנית,תיכון אורנית,
3760,אורנית,4,אורנית,תיכון אורנית,
3760,אורנית,5,"הארבל,17 ","בי""ס ממ""ד יובלים",
3760,אורנית,6,"אורנית,3 ",קאנטרי אורנית,
3760,אורנית,7,"אורנית,3 ",קאנטרי אורנית,
3760,אורנית,8,אורנית,תיכון אורנית,
3760,אורנית,9,"הארבל,17 ","בי""ס ממ""ד יובלים",
3760,אורנית,10,אורנית,תיכון אורנית,
3760,אורנית,11,אורנית,תיכון אורנית,
716,אייל,1,אייל,מועדון המכבסה,"(32.210932, 34.978705)"
3762,איתמר,1,איתמר,מועדון פייס קהילתי,"(32.08949, 34.80698)"
3579,אלון מורה,1,אלון מורה,מרכז גביש,"(32.2305463, 35.3292144)"
3579,אלון מורה,2,אלון מורה,מרכז גביש,"(32.2305463, 35.3292144)"
841,אלישמע,1,כלנית,המועדון הקטן- יד לבנים,
841,אלישמע,2,כלנית,המועדון הקטן- יד לבנים,
3750,אלפי מנשה,1,"כרכום,3 ",חטיבת ביניים חצב,
3750,אלפי מנשה,2,"ארבל,116 ",מועדון נוער - אינקובטור,
3750,אלפי מנשה,3,"כרכום,3 ",חטיבת ביניים חצב,
3750,אלפי מנשה,4,"כרכום,3 ","מתנ""ס",
3750,אלפי מנשה,5,"כרכום,3 ",מועדון פיס לנוער,
3750,אלפי מנשה,6,"כרכום,3 ",מרכז פיס קהילתי- אולם ספורט,
3750,אלפי מנשה,7,"כרכום,3 ",מרכז פיס קהילתי- אולם ספורט,
3750,אלפי מנשה,8,"ערבה,1 ","בי""ס נופי החורש - גבעת טל",
3750,אלפי מנשה,9,"כרכום,3 ",מרכז פיס קהילתי- אולם ספורט,
3750,אלפי מנשה,10,"כרכום,3 ",חטיבת ביניים חצב,
3750,אלפי מנשה,11,ערבה,גני ילדים גבעת טל,
3750,אלפי מנשה,12,"כרכום,3 ",מרכז פיס קהילתי- אולם ספורט,
3560,אלקנה,1,"בנות ירושלים,2 ",אולפנת אורט השומרון אלקנה,
3560,אלקנה,2,"בנות ירושלים,2 ",אולפנת אורט השומרון אלקנה,
3560,אלקנה,3,"בנות ירושלים,2 ",אולפנת אורט השומרון אלקנה,
3560,אלקנה,4,"בנות ירושלים,2 ",אולפנת אורט השומרון אלקנה,
3560,אלקנה,5,"בנות ירושלים,2 ",אולפנת אורט השומרון אלקנה,
3570,אריאל,1,"ברק,11 ",גן ארזים,
3570,אריאל,2,"העצמאות,5 ",מועדון הלב החם,"(33.0175253, 35.1035362)"
3570,אריאל,3,"השומרון,10 ","בי""ס נחשונים",
3570,אריאל,4,"השומרון,10 ","בי""ס נחשונים",
3570,אריאל,5,"הפסגה,12 ","בי""ס עליזה בגין",
3570,אריאל,6,"ברק,11 ",גן הלל,
3570,אריאל,7,"בקעת הירדן,11 ",א. ספורט מילקן - אגף מזרחי,
3570,אריאל,8,"דרך אפרתה,25 ","בי""ס ממ""ד אור זבולון",
3570,אריאל,9,"נוה שאנן,59 ",גן לבונה,
3570,אריאל,10,"אבנר,20 ",גן נרקיס,
3570,אריאל,11,"העצמאות,5 ",מועדון הלב החם,"(33.0175253, 35.1035362)"
3570,אריאל,12,"העצמאות,5 ",גוונים-אולם דקל,"(33.0175253, 35.1035362)"
3570,אריאל,13,"השומרון,10 ","בי""ס נחשונים",
3570,אריאל,14,"דרך אפרתה,28 ",אשכול פיס,
3570,אריאל,15,"צה""ל,7 ",גן גפן,
3570,אריאל,16,"הנגב,61 ",מועדון פייס לנוער,
3570,אריאל,17,"הפסגה,12 ","בי""ס עליזה בגין",
3570,אריאל,18,"צה""ל,20 ",א. ספורט מילקן - אגף צפוני,
3570,אריאל,20,"דרך אפרתה,25 ","בי""ס ממ""ד אור זבולון",
3570,אריאל,21,"דרך אפרתה,28 ","בי""ס היובל חט' חדשה",
3570,אריאל,22,"דרך אפרתה,28 ","בי""ס היובל חט' חדשה",
3570,אריאל,23,"עיר היונה,8 ",ניצני מוריה,
3570,אריאל,24,"דרך אפרתה,28 ","בי""ס היובל חט' חדשה",
3570,אריאל,25,"דרך אפרתה,28 ",אשכול פיס,
3570,אריאל,26,"צה""ל,20 ",א. ספורט מילקן - אגף צפוני,
3652,בית אריה,1,"בית אריה,1 ",מועדון הגימלאים,
3652,בית אריה,2,"לבונה,1 ","חט""ב לבונה- מבנה כיתות ט'",
3652,בית אריה,3,"לבונה,1 ","חט""ב לבונה- מבנה כיתות ט'",
3652,בית אריה,4,"לבונה,1 ","חט""ב לבונה- מבנה כיתות ט'",
3652,בית אריה,5,"לבונה,1 ","חט""ב לבונה- מבנה כיתות ט'",
3652,בית אריה,101,"הברוש,25 ",מועדון התושב - עופרים,
1076,בית ברל,1,בית ברל,מזכירות,"(32.203527, 34.919689)"
3744,ברוכין,1,ברוכין,מועדון הישוב,
3744,ברוכין,2,ברוכין,מועדון הישוב,
3710,ברכה,1,ברכה,"בי""ס ממ""ד בנים","(32.076216, 34.798903)"
3710,ברכה,2,ברכה,"בי""ס ממ""ד בנים","(32.076216, 34.798903)"
3654,ברקן,1,ברקן,אולם תרבות,"(32.094237, 34.976028)"
3654,ברקן,2,ברקן,אולם תרבות,"(32.094237, 34.976028)"
627,ג'לג'וליה,1,ג'לג'וליה,"בי""ס יסודי א","(32.1534976, 34.9530841)"
627,ג'לג'וליה,2,ג'לג'וליה,בית הקשיש - מרכז פיס לגיל הזהב,"(32.1534976, 34.9530841)"
627,ג'לג'וליה,3,ג'לג'וליה,חטיבת ביניים ג'לג'וליה,"(32.1534976, 34.9530841)"
627,ג'לג'וליה,4,ג'לג'וליה,"בי""ס יסודי ב - ליד המועצה","(32.1534976, 34.9530841)"
627,ג'לג'וליה,5,ג'לג'וליה,"בי""ס יסודי ב - ליד המועצה","(32.1534976, 34.9530841)"
627,ג'לג'וליה,6,ג'לג'וליה,חטיבה עליונה בית חינוך מדעים,"(32.1534976, 34.9530841)"
627,ג'לג'וליה,7,ג'לג'וליה,"בי""ס יסודי ג' - אג'יאל","(32.1534976, 34.9530841)"
627,ג'לג'וליה,8,ג'לג'וליה,"בי""ס יסודי ג' - אג'יאל","(32.1534976, 34.9530841)"
627,ג'לג'וליה,9,ג'לג'וליה,חטיבת ביניים ג'לג'וליה,"(32.1534976, 34.9530841)"
207,"גבעת ח""ן",1,"גבעת ח""ן",מועדון בית העם,
239,גן חיים,1,"התמר,7 ",מועדון תרבות,"(32.1961877, 34.9077298)"
218,גני עם,1,בית העם,בית העם,"(32.1519955, 34.9024258)"
9700,הוד השרון,1,"משאבים,46 ",ביס אלון,"(32.1608345, 34.8900345)"
9700,הוד השרון,2,"הדרים,12 ","בי""ס ממלכתי רעות","(32.1576988, 34.8988231)"
9700,הוד השרון,3,"סאלד הנריאטה,2 ","בי""ס ממלכתי א",
9700,הוד השרון,4,"סאלד הנריאטה,2 ","בי""ס ממלכתי א",
9700,הוד השרון,5,"יורדי הים,36 ",מועדון גני צבי,"(32.1479125, 34.8786608)"
9700,הוד השרון,6,"אלכסנדר הגדול,15 ","בי""ס נוה נאמן","(32.1381999, 34.9000148)"
9700,הוד השרון,7,"אלכסנדר הגדול,15 ","בי""ס נוה נאמן","(32.1381999, 34.9000148)"
9700,הוד השרון,8,"אלכסנדר הגדול,15 ","בי""ס נוה נאמן","(32.1381999, 34.9000148)"
9700,הוד השרון,9,"המוסדות,2 ",מועדון גיורא,"(32.1533931, 34.8754636)"
9700,הוד השרון,10,"פדויים,16 ","בי""ס חט""ב ראשונים","(32.1561334, 34.9023583)"
9700,הוד השרון,11,"זקיף,10 ",המועצה הדתית,"(32.1594255, 34.9027872)"
9700,הוד השרון,12,"נחשון,6 ","בי""ס הירוק","(32.1661895, 34.9059266)"
9700,הוד השרון,13,"המגן,32 ","בי""ס חט""צ המגן","(32.1557923, 34.9075659)"
9700,הוד השרון,14,"גולומב,4 ","בי""ס תל""י","(32.1559246, 34.9147213)"
9700,הוד השרון,15,"קבוץ גלויות,8 ","בי""ס נוה משה",
9700,הוד השרון,16,"משאבים,46 ",ביס אלון,"(32.1608345, 34.8900345)"
9700,הוד השרון,17,"גולומב,4 ","בי""ס תל""י","(32.1559246, 34.9147213)"
9700,הוד השרון,18,"פדויים,16 ","בי""ס חט""ב ראשונים","(32.1561334, 34.9023583)"
9700,הוד השרון,19,"פדויים,16 ","בי""ס חט""ב ראשונים","(32.1561334, 34.9023583)"
9700,הוד השרון,20,"הדרים,12 ","בי""ס ממלכתי רעות","(32.1576988, 34.8988231)"
9700,הוד השרון,21,"דרך כפר הדר,33 ",מרכז תרבות ואומנויות,
9700,הוד השרון,22,"קורצ'אק יאנוש,1 ","בי""ס חטיבת עתידים",
9700,הוד השרון,23,"קבוץ גלויות,8 ","בי""ס נוה משה",
9700,הוד השרון,24,"משאבים,46 ",ביס אלון,"(32.1608345, 34.8900345)"
9700,הוד השרון,25,"בן גמלא יהושע,24 ","מופ""ת","(32.1596062, 34.8957718)"
9700,הוד השרון,26,"דרך כפר הדר,33 ",מרכז תרבות ואומנויות,
9700,הוד השרון,27,"השחר,36 ","חט""ב השחר","(32.1540453, 34.8929932)"
9700,הוד השרון,28,"הדרים,12 ","בי""ס ממלכתי רעות","(32.1576988, 34.8988231)"
9700,הוד השרון,29,"השחר,36 ","חט""ב השחר","(32.1540453, 34.8929932)"
9700,הוד השרון,30,"משאבים,46 ",ביס אלון,"(32.1608345, 34.8900345)"
9700,הוד השרון,31,"השחר,34 ","בי""ס ממלכתי לפיד","(32.1540453, 34.8929932)"
9700,הוד השרון,32,"השחר,36 ","חט""ב השחר","(32.1540453, 34.8929932)"
9700,הוד השרון,33,"פשוש,4 ","ביה""ס ממלכתי רבין קומה א'","(32.1409883, 34.8895202)"
9700,הוד השרון,34,"דרך כפר הדר,33 ",מרכז תרבות ואומנויות,
9700,הוד השרון,35,"השומר,20 ",מועדון הנוער,"(32.1372091, 34.8741067)"
9700,הוד השרון,36,"ז'בוטינסקי,4 ",תיכון הדרים,"(32.1443873, 34.8922307)"
9700,הוד השרון,37,"ז'בוטינסקי,4 ",תיכון הדרים,"(32.1443873, 34.8922307)"
9700,הוד השרון,38,"השחר,36 ","חט""ב השחר","(32.1540453, 34.8929932)"
9700,הוד השרון,39,"פשוש,4 ","ביה""ס ממלכתי רבין קומה א'","(32.1409883, 34.8895202)"
9700,הוד השרון,40,"גולדה מאיר,9 ","בי""ס ע""ש מנחם בגין","(32.1681178, 34.9004146)"
9700,הוד השרון,41,"הדרים,12 ","בי""ס ממלכתי רעות","(32.1576988, 34.8988231)"
9700,הוד השרון,42,"המגן,32 ","בי""ס חט""צ המגן","(32.1557923, 34.9075659)"
9700,הוד השרון,43,"אסירי ציון,1 ","בי""ס ממד שיל""ה","(32.1665654, 34.9073272)"
9700,הוד השרון,44,"קורצ'אק יאנוש,1 ","בי""ס חטיבת עתידים",
9700,הוד השרון,45,"משאבים,46 ",ביס אלון,"(32.1608345, 34.8900345)"
9700,הוד השרון,46,"השקמים,29 ",חטיבת השקמים,"(32.1608227, 34.886204)"
9700,הוד השרון,47,"ז'בוטינסקי,4 ",תיכון הדרים,"(32.1443873, 34.8922307)"
9700,הוד השרון,49,"גולומב,4 ","בי""ס תל""י","(32.1559246, 34.9147213)"
9700,הוד השרון,50,"פשוש,4 ","ביה""ס ממלכתי רבין קומה א'","(32.1409883, 34.8895202)"
9700,הוד השרון,51,"קבוץ גלויות,8 ","בי""ס נוה משה",
9700,הוד השרון,52,"השחר,34 ","בי""ס ממלכתי לפיד","(32.1540453, 34.8929932)"
9700,הוד השרון,53,"דרך כפר הדר,33 ",מרכז תרבות ואומנויות,
9700,הוד השרון,54,"פשוש,4 ","ביה""ס ממלכתי רבין קומה א'","(32.1409883, 34.8895202)"
9700,הוד השרון,55,"קורצ'אק יאנוש,1 ","בי""ס חטיבת עתידים",
9700,הוד השרון,56,"גולומב,4 ","בי""ס תל""י","(32.1559246, 34.9147213)"
9700,הוד השרון,57,"הדרים,12 ","בי""ס ממלכתי רעות","(32.1576988, 34.8988231)"
9700,הוד השרון,58,"אסירי ציון,1 ","בי""ס ממד שיל""ה","(32.1665654, 34.9073272)"
9700,הוד השרון,59,"המגן,32 ","בי""ס חט""צ המגן","(32.1557923, 34.9075659)"
9700,הוד השרון,60,"סאלד הנריאטה,2 ","בי""ס ממלכתי א",
9700,הוד השרון,61,"סאלד הנריאטה,2 ","בי""ס ממלכתי א",
9700,הוד השרון,62,"קורצ'אק יאנוש,1 ","בי""ס חטיבת עתידים",
9700,הוד השרון,63,"המוסדות,2 ",מועדון גיורא,"(32.1533931, 34.8754636)"
9700,הוד השרון,64,"גולדה מאיר,9 ","בי""ס ע""ש מנחם בגין","(32.1681178, 34.9004146)"
9700,הוד השרון,65,"גולדה מאיר,9 ","בי""ס ע""ש מנחם בגין","(32.1681178, 34.9004146)"
9700,הוד השרון,66,"משאבים,46 ",ביס אלון,"(32.1608345, 34.8900345)"
9700,הוד השרון,67,"נחשון,6 ","בי""ס הירוק","(32.1661895, 34.9059266)"
9700,הוד השרון,68,"יורדי הים,36 ",מועדון גני צבי,"(32.1479125, 34.8786608)"
9700,הוד השרון,69,"גולדה מאיר,9 ","בי""ס ע""ש מנחם בגין","(32.1681178, 34.9004146)"
9700,הוד השרון,70,"נחשון,6 ","בי""ס הירוק","(32.1661895, 34.9059266)"
9700,הוד השרון,71,"אסירי ציון,1 ","בי""ס ממד שיל""ה","(32.1665654, 34.9073272)"
9700,הוד השרון,72,"גולדה מאיר,9 ","בי""ס ע""ש מנחם בגין","(32.1681178, 34.9004146)"
9700,הוד השרון,73,"פשוש,4 ","ביה""ס ממלכתי רבין קומה א'","(32.1409883, 34.8895202)"
9700,הוד השרון,74,"נחשון,6 ","בי""ס הירוק","(32.1661895, 34.9059266)"
9700,הוד השרון,950,"אלכסנדר הגדול,15 ","בי""ס נוה נאמן","(32.1381999, 34.9000148)"
9700,הוד השרון,990,"השחר,36 ","חט""ב השחר","(32.1540453, 34.8929932)"
717,חגור,1,"חגור,1 ",מועדון נוער חדש מול מזכירות,
355,חורשים,1,חורשים,אולם כינוס - חורשים,"(32.1341123, 34.9823936)"
1405,"חצרות כ""ח",1,"חצרות כ""ח",מזכירות - מועדון,
3749,יצהר,1,יצהר,גני ילדים,
3749,יצהר,2,יצהר,גני ילדים,
3647,יקיר,1,נחל שילה,"בית ספר ממ""ד יקיר",
3647,יקיר,2,נחל שילה,"בית ספר ממ""ד יקיר",
718,ירחיב,1,ירחיב,מועדון הותיקים,"(32.151137, 34.968135)"
718,ירחיב,2,ירחיב,מועדון הותיקים,"(32.151137, 34.968135)"
183,ירקונה,1,הפרדס,בית העם,"(32.1433997, 34.8970546)"
1224,כוכב יאיר,1,"לב הישוב,6 ","בי""ס ממלכתי קשת - רכוז קשת",
1224,כוכב יאיר,2,"לב הישוב,6 ","בי""ס ממלכתי קשת - רכוז קשת",
1224,כוכב יאיר,3,"לב הישוב,6 ","בי""ס ממלכתי קשת - רכוז קשת",
1224,כוכב יאיר,4,"לב הישוב,6 ","בי""ס ממלכתי קשת - רכוז קשת",
1224,כוכב יאיר,5,"לב הישוב,6 ","בי""ס ממלכתי קשת - רכוז ענן",
1224,כוכב יאיר,6,"לב הישוב,6 ","בי""ס ממלכתי קשת - רכוז ענן",
1224,כוכב יאיר,7,"לב הישוב,6 ","בי""ס ממלכתי קשת - רכוז ענן",
1224,כוכב יאיר,101,"שד הדקלים צור יגאל,2 ",בית ספר נוף צורים-מתחם ג-ד,
1224,כוכב יאיר,102,"שד הדקלים צור יגאל,2 ",בית ספר נוף צורים-מתחם א-ב,
1224,כוכב יאיר,103,"שד הדקלים צור יגאל,2 ",בית ספר נוף צורים-מתחם ג-ד,
1224,כוכב יאיר,104,"שד הדקלים צור יגאל,2 ",בית ספר נוף צורים-מתחם ג-ד,
1224,כוכב יאיר,105,"שד הדקלים צור יגאל,2 ",בית ספר נוף צורים-מתחם א-ב,
1224,כוכב יאיר,106,"שד הדקלים צור יגאל,2 ",בית ספר נוף צורים-מתחם ג-ד,
1224,כוכב יאיר,107,"שד הדקלים צור יגאל,2 ",בית ספר נוף צורים-מתחם א-ב,
633,כפר ברא,1,כפר ברא,מועדון פיס לנוער,"(32.130588, 34.970812)"
633,כפר ברא,2,כפר ברא,מועדון קשישים (על יד המסגד),"(32.130588, 34.970812)"
633,כפר ברא,3,"צלאח אלדין,20 ",ביס יסודי עומר בן אלחטאב,
633,כפר ברא,4,כפר ברא,מועדון פיס לנוער,"(32.130588, 34.970812)"
98,"כפר מל""ל",1,הזית,מועדון נוער,
6900,כפר סבא,1,"פשוש,6 ",גן ילדים אלמוגן/תמר,"(32.1852441, 34.9298926)"
6900,כפר סבא,2,"עובדיה הנביא,2 ","בי""ס ע""ש אופירה נבון","(32.1882863, 34.9369449)"
6900,כפר סבא,3,"אלקלעי,1 ",מרכז חינוך תיכון אורט,"(32.1686048, 34.9236848)"
6900,כפר סבא,4,"מור,31 ","מרכז קהילתי ע""ש גלר","(32.1825064, 34.936569)"
6900,כפר סבא,5,"אשכול לוי,24 ",מועדון בית האבן,"(32.1826996, 34.9393843)"
6900,כפר סבא,6,"שאול המלך,5 ",מועדון קשישים יוספטל,"(32.1840683, 34.9404347)"
6900,כפר סבא,7,"ויצמן,189 ",מרכז קהילתי אלי כהן,"(32.1755487, 34.9071512)"
6900,כפר סבא,8,"תל חי,68 ",בית ספר לחינוך מיוחד,"(32.1740328, 34.9139797)"
6900,כפר סבא,9,"תל חי,70 ","חטיבת בינים ממ""ד הראל","(32.1740328, 34.9139797)"
6900,כפר סבא,10,"השלום,11 ","בי""ס ע""ש גולדה מאיר","(32.1802733, 34.9113105)"
6900,כפר סבא,11,"אז""ר,41 ","בית ספר ""גלילי""","(32.1840437, 34.9090709)"
6900,כפר סבא,12,"כהן,4 ",גן ההגנה,"(32.1854269, 34.9042827)"
6900,כפר סבא,13,גולומב,גן דליה,"(32.1787455, 34.9014615)"
6900,כפר סבא,14,"גולד זאב,14 ",מועדון עציון,
6900,כפר סבא,15,"לובטקין צביה,17 ","בי""ס בן גוריון","(32.1821549, 34.9031005)"
6900,כפר סבא,16,"תל חי,70 ","חטיבת בינים ממ""ד הראל","(32.1740328, 34.9139797)"
6900,כפר סבא,17,"השלום,11 ","בי""ס ע""ש גולדה מאיר","(32.1802733, 34.9113105)"
6900,כפר סבא,18,"ויתקין,24ב","בי""ס בן-צבי (הישן)","(32.189512, 34.8991041)"
6900,כפר סבא,19,"רמז דוד,45 ","בית הנוער ע""ש לזרוס","(32.1882281, 34.904118)"
6900,כפר סבא,20,"ספיר,20 ","ב""ס ע""ש לאה גולדברג","(32.1972995, 34.8902785)"
6900,כפר סבא,21,"רמז דוד,45 ","בית הנוער ע""ש לזרוס","(32.1882281, 34.904118)"
6900,כפר סבא,22,"גלר זאב,2 ","בי""ס ברנר","(32.1740155, 34.8964355)"
6900,כפר סבא,23,"יערה,13 ","בי""ס חב""ד","(32.1863953, 34.9002517)"
6900,כפר סבא,24,"גלר זאב,27 ",חטיבת ביניים שזר,"(32.1740155, 34.8964355)"
6900,כפר סבא,25,"נחשון,14 ",השירות הפסיכולוגי (ערן לשעבר),"(32.1747242, 34.9061936)"
6900,כפר סבא,26,"גלר זאב,2 ","בי""ס ברנר","(32.1740155, 34.8964355)"
6900,כפר סבא,27,"גלר זאב,6 ","חט""ב אלון","(32.1740155, 34.8964355)"
6900,כפר סבא,28,"ביאליק,1 ","בי""ס אוסישקין","(32.1703855, 34.9079102)"
6900,כפר סבא,29,"המיסדים,31 ",מועדון ברידג',"(32.1758357, 34.9105928)"
6900,כפר סבא,30,"שרת משה,6 ",בית הסטודנט,"(32.1737324, 34.9094991)"
6900,כפר סבא,31,"בר אילן,2 ","בי""ס ממ""ד בר-אילן","(32.1802589, 34.9128134)"
6900,כפר סבא,32,"תל חי,70 ","חטיבת בינים ממ""ד הראל","(32.1740328, 34.9139797)"
6900,כפר סבא,33,"הראשונים,9 ",מועדון נוער ראשונים,"(32.1709051, 34.9213211)"
6900,כפר סבא,34,"השקמה,24 ","בי""ס רמז","(32.1746166, 34.9329303)"
6900,כפר סבא,35,"הארזים,6 ",גן גולן,
6900,כפר סבא,36,"גלר זאב,29 ",חטיבת ביניים שרת,"(32.1740155, 34.8964355)"
6900,כפר סבא,37,"גלר זאב,27 ",חטיבת ביניים שזר,"(32.1740155, 34.8964355)"
6900,כפר סבא,38,"גאולה,12 ","בית תרבות ע""ש רייזל","(32.175909, 34.8998381)"
6900,כפר סבא,39,"ביאליק,1 ","בי""ס אוסישקין","(32.1703855, 34.9079102)"
6900,כפר סבא,40,"נחשון,14 ",השירות הפסיכולוגי (ערן לשעבר),"(32.1747242, 34.9061936)"
6900,כפר סבא,41,"ביאליק,1 ","בי""ס אוסישקין","(32.1703855, 34.9079102)"
6900,כפר סבא,42,"שרת משה,6 ",בית הסטודנט,"(32.1737324, 34.9094991)"
6900,כפר סבא,43,"הגדוד העברי,3 ","בי""ס יסודי ע""ש יצחק שדה",
6900,כפר סבא,44,"ויצמן,189 ",מרכז קהילתי אלי כהן,"(32.1755487, 34.9071512)"
6900,כפר סבא,45,"בר אילן,37 ",בית ספר מפתן,"(32.1802589, 34.9128134)"
6900,כפר סבא,46,"בר אילן,2 ","בי""ס ממ""ד בר-אילן","(32.1802589, 34.9128134)"
6900,כפר סבא,47,"תל חי,6 ","בי""ס אמנה","(32.1740328, 34.9139797)"
6900,כפר סבא,48,"הגליל,48 ","בי""ס גורדון","(32.1734106, 34.9167947)"
6900,כפר סבא,49,"המיסדים,27 ",גן נרקיס,"(32.1758357, 34.9105928)"
6900,כפר סבא,50,"תל חי,68 ",בית ספר לחינוך מיוחד,"(32.1740328, 34.9139797)"
6900,כפר סבא,51,"לובטקין צביה,17 ","בי""ס בן גוריון","(32.1821549, 34.9031005)"
6900,כפר סבא,52,"גלר זאב,2 ","בי""ס ברנר","(32.1740155, 34.8964355)"
6900,כפר סבא,53,"לובטקין צביה,17 ","בי""ס בן גוריון","(32.1821549, 34.9031005)"
6900,כפר סבא,54,"השלום,11 ","בי""ס ע""ש גולדה מאיר","(32.1802733, 34.9113105)"
6900,כפר סבא,55,"הגדוד העברי,3 ","בי""ס יסודי ע""ש יצחק שדה",
6900,כפר סבא,56,"ביאליק,1 ","בי""ס אוסישקין","(32.1703855, 34.9079102)"
6900,כפר סבא,57,"נחשון,9 ",מועדון בית תרבות גימלאים,"(32.1748345, 34.9065466)"
6900,כפר סבא,58,"בר אילן,2 ","בי""ס ממ""ד בר-אילן","(32.1802589, 34.9128134)"
6900,כפר סבא,59,"לובטקין צביה,17 ","בי""ס בן גוריון","(32.1821549, 34.9031005)"
6900,כפר סבא,60,"גלר זאב,29 ",חטיבת ביניים שרת,"(32.1740155, 34.8964355)"
6900,כפר סבא,61,"גלר זאב,29 ",חטיבת ביניים שרת,"(32.1740155, 34.8964355)"
6900,כפר סבא,62,"נחשון,9 ",מועדון בית תרבות גימלאים,"(32.1748345, 34.9065466)"
6900,כפר סבא,63,"גאולה,12 ","בית תרבות ע""ש רייזל","(32.175909, 34.8998381)"
6900,כפר סבא,64,"הבנים,10 ",גן התבור,"(32.1733642, 34.912273)"
6900,כפר סבא,65,"הרצל,1 ",גן ברק,"(32.1746003, 34.911144)"
6900,כפר סבא,66,"בר אילן,2 ","בי""ס ממ""ד בר-אילן","(32.1802589, 34.9128134)"
6900,כפר סבא,67,"הגליל,48 ","בי""ס גורדון","(32.1734106, 34.9167947)"
6900,כפר סבא,68,מוהר עלי,"בי""ס ע""ש רחל המשוררת","(32.1879897, 34.8917329)"
6900,כפר סבא,69,"גלר זאב,6 ","חט""ב אלון","(32.1740155, 34.8964355)"
6900,כפר סבא,70,"גלר זאב,6 ","חט""ב אלון","(32.1740155, 34.8964355)"
6900,כפר סבא,71,"מור,31 ","מרכז קהילתי ע""ש גלר","(32.1825064, 34.936569)"
6900,כפר סבא,72,"עובדיה הנביא,2 ","בי""ס ע""ש אופירה נבון","(32.1882863, 34.9369449)"
6900,כפר סבא,73,"תל חי,102 ","חט""ב ע""ש בר-לב","(32.1740328, 34.9139797)"
6900,כפר סבא,74,"הגדוד העברי,3 ","בי""ס יסודי ע""ש יצחק שדה",
6900,כפר סבא,75,"פשוש,6 ",גן ילדים אלמוגן/תמר,"(32.1852441, 34.9298926)"
6900,כפר סבא,76,"עובדיה הנביא,2 ","בי""ס ע""ש אופירה נבון","(32.1882863, 34.9369449)"
6900,כפר סבא,77,"מור,31 ","מרכז קהילתי ע""ש גלר","(32.1825064, 34.936569)"
6900,כפר סבא,78,"תל חי,68 ",בית ספר לחינוך מיוחד,"(32.1740328, 34.9139797)"
6900,כפר סבא,79,"מור,31 ","מרכז קהילתי ע""ש גלר","(32.1825064, 34.936569)"
6900,כפר סבא,80,"ביאליק,1 ","בי""ס אוסישקין","(32.1703855, 34.9079102)"
6900,כפר סבא,81,"נחשון,14 ",השירות הפסיכולוגי (ערן לשעבר),"(32.1747242, 34.9061936)"
6900,כפר סבא,82,גולומב,גן לילך,"(32.1787455, 34.9014615)"
6900,כפר סבא,83,"תל חי,102 ","חט""ב ע""ש בר-לב","(32.1740328, 34.9139797)"
6900,כפר סבא,84,"השלום,11 ","בי""ס ע""ש גולדה מאיר","(32.1802733, 34.9113105)"
6900,כפר סבא,85,"אז""ר,41 ","בית ספר ""גלילי""","(32.1840437, 34.9090709)"
6900,כפר סבא,86,"אז""ר,41 ","בית ספר ""גלילי""","(32.1840437, 34.9090709)"
6900,כפר סבא,87,"הוז דב,25 ",גן נורית,"(32.1794855, 34.9017196)"
6900,כפר סבא,88,"גאולה,12 ","בית תרבות ע""ש רייזל","(32.175909, 34.8998381)"
6900,כפר סבא,89,"גלר זאב,6 ","חט""ב אלון","(32.1740155, 34.8964355)"
6900,כפר סבא,90,"המיסדים,31 ",מועדון ברידג',"(32.1758357, 34.9105928)"
6900,כפר סבא,91,"תל חי,6 ","בי""ס אמנה","(32.1740328, 34.9139797)"
6900,כפר סבא,92,"הגדוד העברי,3 ","בי""ס יסודי ע""ש יצחק שדה",
6900,כפר סבא,93,"הראשונים,29 ",גן רעות,"(32.1709051, 34.9213211)"
6900,כפר סבא,94,"אלקלעי,1 ",מרכז חינוך תיכון אורט,"(32.1686048, 34.9236848)"
6900,כפר סבא,95,"סנה משה,4 ",מדרשת נועם-אורט כפר סבא,"(32.1830958, 34.8982073)"
6900,כפר סבא,96,"אלקלעי,1 ",מרכז חינוך תיכון אורט,"(32.1686048, 34.9236848)"
6900,כפר סבא,97,"לובטקין צביה,17 ","בי""ס בן גוריון","(32.1821549, 34.9031005)"
6900,כפר סבא,98,"תל חי,68 ",בית ספר לחינוך מיוחד,"(32.1740328, 34.9139797)"
6900,כפר סבא,99,"רוזנבלום יאיר,29 ","ביה""ס הירוק ע""ש שמעון פרס","(32.1883694, 34.8926321)"
6900,כפר סבא,100,"הגליל,48 ","בי""ס גורדון","(32.1734106, 34.9167947)"
6900,כפר סבא,101,"תל חי,6 ","בי""ס אמנה","(32.1740328, 34.9139797)"
6900,כפר סבא,102,"גלר זאב,27 ",חטיבת ביניים שזר,"(32.1740155, 34.8964355)"
6900,כפר סבא,103,"ביאליק,1 ","בי""ס אוסישקין","(32.1703855, 34.9079102)"
6900,כפר סבא,104,"תל חי,102 ","חט""ב ע""ש בר-לב","(32.1740328, 34.9139797)"
6900,כפר סבא,105,"גאולה,12 ","בית תרבות ע""ש רייזל","(32.175909, 34.8998381)"
6900,כפר סבא,106,"מור,31 ","מרכז קהילתי ע""ש גלר","(32.1825064, 34.936569)"
6900,כפר סבא,107,"תל חי,68 ",בית ספר לחינוך מיוחד,"(32.1740328, 34.9139797)"
6900,כפר סבא,108,"הראשונים,9 ",מועדון נוער ראשונים,"(32.1709051, 34.9213211)"
6900,כפר סבא,109,"תל חי,70 ","חטיבת בינים ממ""ד הראל","(32.1740328, 34.9139797)"
6900,כפר סבא,110,"השקמה,24 ","בי""ס רמז","(32.1746166, 34.9329303)"
6900,כפר סבא,111,"עובדיה הנביא,2 ","בי""ס ע""ש אופירה נבון","(32.1882863, 34.9369449)"
6900,כפר סבא,112,"השקמה,24 ","בי""ס רמז","(32.1746166, 34.9329303)"
6900,כפר סבא,113,"השקמה,24 ","בי""ס רמז","(32.1746166, 34.9329303)"
6900,כפר סבא,114,"סמ שחף,3 ",גן חופית,
6900,כפר סבא,115,"גלר זאב,2 ","בי""ס ברנר","(32.1740155, 34.8964355)"
6900,כפר סבא,116,"השקמה,24 ","בי""ס רמז","(32.1746166, 34.9329303)"
6900,כפר סבא,117,"סנה משה,4 ",מדרשת נועם-אורט כפר סבא,"(32.1830958, 34.8982073)"
6900,כפר סבא,118,"לוינסקי,4 ","בית ספר ע""ש סורקיס","(32.1851095, 34.9005887)"
6900,כפר סבא,119,"רוזנבלום יאיר,29 ","ביה""ס הירוק ע""ש שמעון פרס","(32.1883694, 34.8926321)"
6900,כפר סבא,120,"תל חי,102 ","חט""ב ע""ש בר-לב","(32.1740328, 34.9139797)"
6900,כפר סבא,121,"רמז דוד,45 ","בית הנוער ע""ש לזרוס","(32.1882281, 34.904118)"
6900,כפר סבא,122,"ספיר,6 ","בי""ס ע""ש שי עגנון","(32.1931505, 34.8911408)"
6900,כפר סבא,123,"זמיר,3 ","בית חינוך ע""ש דבורה עומר","(32.1861426, 34.9283568)"
6900,כפר סבא,124,"ספיר,20 ","ב""ס ע""ש לאה גולדברג","(32.1972995, 34.8902785)"
6900,כפר סבא,125,"רוזנבלום יאיר,29 ","ביה""ס הירוק ע""ש שמעון פרס","(32.1883694, 34.8926321)"
6900,כפר סבא,126,"ספיר,20 ","ב""ס ע""ש לאה גולדברג","(32.1972995, 34.8902785)"
6900,כפר סבא,127,"רוזנבלום יאיר,29 ","ביה""ס הירוק ע""ש שמעון פרס","(32.1883694, 34.8926321)"
6900,כפר סבא,128,"ספיר,6 ","בי""ס ע""ש שי עגנון","(32.1931505, 34.8911408)"
6900,כפר סבא,129,"רוזנבלום יאיר,29 ","ביה""ס הירוק ע""ש שמעון פרס","(32.1883694, 34.8926321)"
6900,כפר סבא,130,"הגליל,48 ","בי""ס גורדון","(32.1734106, 34.9167947)"
6900,כפר סבא,131,"ספיר,20 ","ב""ס ע""ש לאה גולדברג","(32.1972995, 34.8902785)"
6900,כפר סבא,132,"הגדוד העברי,3 ","בי""ס יסודי ע""ש יצחק שדה",
6900,כפר סבא,133,מוהר עלי,"בי""ס ע""ש רחל המשוררת","(32.1879897, 34.8917329)"
6900,כפר סבא,134,מוהר עלי,"בי""ס ע""ש רחל המשוררת","(32.1879897, 34.8917329)"
6900,כפר סבא,135,"אלקלעי,1 ",מרכז חינוך תיכון אורט,"(32.1686048, 34.9236848)"
6900,כפר סבא,136,"ספיר,20 ","ב""ס ע""ש לאה גולדברג","(32.1972995, 34.8902785)"
6900,כפר סבא,137,"ספיר,6 ","בי""ס ע""ש שי עגנון","(32.1931505, 34.8911408)"
6900,כפר סבא,950,"אלקלעי,1 ",מרכז חינוך תיכון אורט,"(32.1686048, 34.9236848)"
6900,כפר סבא,951,"זמיר,3 ","בית חינוך ע""ש דבורה עומר","(32.1861426, 34.9283568)"
6900,כפר סבא,990,"נחשון,9 ",מועדון בית תרבות גימלאים,"(32.1748345, 34.9065466)"
634,כפר קאסם,1,שכ הבדואים הדרומית,"בי""ס חט""ב אל-חייאת",
634,כפר קאסם,2,כפר קאסם,"בי""ס ממלכתי אל עומריה","(32.1288719, 34.9488633)"
634,כפר קאסם,3,כפר קאסם,"ביה""ס זן","(32.1288719, 34.9488633)"
634,כפר קאסם,4,כפר קאסם,"בי""ס ממלכתי אל עומריה","(32.1288719, 34.9488633)"
634,כפר קאסם,5,שכ הבדואים המזרחית,"ביה""ס אבן סיינה",
634,כפר קאסם,6,שכ הבדואים המזרחית,"ביה""ס אבן סיינה",
634,כפר קאסם,7,א שוהדא,"בי""ס ממלכתי אלע'זאלי","(32.1161839, 34.9684724)"
634,כפר קאסם,8,"כפר קאסם,1 ","בי""ס איבן חלדון",
634,כפר קאסם,9,א שוהדא,"בי""ס ממלכתי אלע'זאלי","(32.1161839, 34.9684724)"
634,כפר קאסם,10,שכ הבדואים הדרומית,"בי""ס חט""ב אל-חייאת",
634,כפר קאסם,11,אל קודס,"בי""ס יסודי אבן - רשד",
634,כפר קאסם,12,כפר קאסם,"בי""ס אל-זארה","(32.1288719, 34.9488633)"
634,כפר קאסם,13,א שוהדא,"בי""ס ממלכתי אלע'זאלי","(32.1161839, 34.9684724)"
634,כפר קאסם,14,"כפר קאסם,1 ","בי""ס איבן חלדון",
634,כפר קאסם,15,שכ הבדואים הדרומית,"בי""ס חט""ב אל-חייאת",
634,כפר קאסם,16,כפר קאסם,"בי""ס אבן סינא - חטיבה עליונה","(32.1288719, 34.9488633)"
634,כפר קאסם,17,כפר קאסם,"בי""ס אבן סינא - חטיבה עליונה","(32.1288719, 34.9488633)"
634,כפר קאסם,18,כפר קאסם,"בי""ס ממלכתי אל עומריה","(32.1288719, 34.9488633)"
634,כפר קאסם,19,כפר קאסם,"ביה""ס זן","(32.1288719, 34.9488633)"
634,כפר קאסם,20,שכ הבדואים הדרומית,"בי""ס חט""ב אל-חייאת",
634,כפר קאסם,21,"כפר קאסם,1 ","בי""ס איבן חלדון",
634,כפר קאסם,22,כפר קאסם,"בי""ס אל-זארה","(32.1288719, 34.9488633)"
634,כפר קאסם,23,כפר קאסם,"בי""ס אל-זארה","(32.1288719, 34.9488633)"
3572,כפר תפוח,1,כפר תפוח,"בי""ס קדם שומרון",
3751,מגדלים,1,מגדלים,ספריה חדשה ליד המזכירות,
1315,מתן,1,"נוף השרון,1 ","בי""ס ממלכתי","(32.1561273, 34.9742472)"
1315,מתן,2,"נוף השרון,1 ","בי""ס ממלכתי","(32.1561273, 34.9742472)"
1315,מתן,3,"נוף השרון,1 ","בי""ס ממלכתי","(32.1561273, 34.9742472)"
1315,מתן,4,"נוף השרון,1 ","בי""ס ממלכתי","(32.1561273, 34.9742472)"
686,נווה ימין,1,נווה ימין,מועדון פיס לנוער,"(32.172244, 34.940816)"
686,נווה ימין,2,נווה ימין,מועדון פיס לנוער,"(32.172244, 34.940816)"
858,נווה ירק,1,נווה ירק,מועדון גדול (החדש),"(32.135016, 34.924337)"
858,נווה ירק,2,נווה ירק,מועדון גדול (החדש),"(32.135016, 34.924337)"
3790,נופים,1,נופים,מרכז פיס קהילתי,"(31.8962772, 34.9797921)"
808,ניר אליהו,1,ניר אליהו,מזכירות,"(32.196413, 34.949316)"
1236,נירית,1,גולן,נירית - בספריה ליד המזכירות,"(32.1459023, 34.9857335)"
1236,נירית,2,גולן,נירית - בספריה ליד המזכירות,"(32.1459023, 34.9857335)"
3567,סלעית,1,סלעית,מועדון,"(31.267444, 35.212661)"
3567,סלעית,2,סלעית,מועדון,"(31.267444, 35.212661)"
2035,עדנים,1,הרקון,מזכירות,
3727,עלי זהב,1,עלי זהב,"בי""ס אורים",
3727,עלי זהב,2,עלי זהב,"בי""ס אורים",
3727,עלי זהב,3,עלי זהב,"בי""ס אורים",
3660,עמנואל,1,הגאון מוילנה,"בי""ס תפארת חיה מושקא חב""ד",
3660,עמנואל,2,הגאון מוילנה,"בי""ס תפארת חיה מושקא חב""ד",
3660,עמנואל,3,הבעל שם טוב,מועדון פיס לקשיש,
3660,עמנואל,4,הגאון מוילנה,"בי""ס תפארת חיה מושקא חב""ד",
3768,פדואל,1,פדואל,"בי""ס שיל""ת",
3768,פדואל,2,פדואל,"בי""ס שיל""ת",
3791,צופים,1,החרוב,מבנה רב תכליתי - צופים,
3791,צופים,2,החרוב,מבנה רב תכליתי - צופים,
3791,צופים,3,החרוב,מבנה רב תכליתי - צופים,
198,צופית,1,"הקשת,1 ",מועדון פיס לנוער,"(32.189539, 34.9212057)"
198,צופית,2,"הקשת,1 ",מועדון פיס לנוער,"(32.189539, 34.9212057)"
1345,צור יצחק,1,"נחל שילה,3 ",בית ספר בית חינוך,"(32.241917, 34.9974359)"
1345,צור יצחק,2,"נחל ברק,3 ","בי""ס יצחק נבון",
1345,צור יצחק,3,"נחל ברק,3 ","בי""ס יצחק נבון",
1345,צור יצחק,4,"נחל שילה,3 ",בית ספר בית חינוך,"(32.241917, 34.9974359)"
1345,צור יצחק,5,"נחל ברק,3 ","בי""ס יצחק נבון",
1345,צור יצחק,6,"נחל שילה,3 ",בית ספר בית חינוך,"(32.241917, 34.9974359)"
1148,צור נתן,1,צור נתן,אולם הצרכניה,"(32.2225691, 34.9852091)"
3557,קדומים,1,קדומים,ספרייה ציבורית,"(32.1824463, 34.9317326)"
3557,קדומים,2,המייסדים,מועדון יחדיו מועדון קשישים,
3557,קדומים,3,קדומים,"בי""ס ממ""ד נחשון - בנות","(32.1824463, 34.9317326)"
3557,קדומים,4,קדומים,"בי""ס ממ""ד נחשון - בנות","(32.1824463, 34.9317326)"
3746,קרית נטפים,1,קרית נטפים,מועדון תרבות החדש,
3640,קרני שומרון,1,הניצנים,בית ספר רימון- גינות שומרון,
3640,קרני שומרון,2,"האצ""ל,1 ","בי""ס יסודי משואה קרני שומרון",
3640,קרני שומרון,3,הניצנים,בית ספר רימון- גינות שומרון,
3640,קרני שומרון,4,"כלי שיר,9 ","בי""ס ""ברקאי""",
3640,קרני שומרון,5,הניצנים,בית ספר רימון- גינות שומרון,
3640,קרני שומרון,6,"האצ""ל,1 ","בי""ס יסודי משואה קרני שומרון",
3640,קרני שומרון,7,הניצנים,בית ספר רימון- גינות שומרון,
3640,קרני שומרון,8,"כלי שיר,9 ","בי""ס ""ברקאי""",
3640,קרני שומרון,9,מעלה שומרון,מועדון חברים(ליד המזכירות),
3640,קרני שומרון,10,הניצנים,בית ספר רימון- גינות שומרון,
3640,קרני שומרון,11,"כלי שיר,9 ","בי""ס ""ברקאי""",
3640,קרני שומרון,990,"האצ""ל,1 ","בי""ס יסודי משואה קרני שומרון",
3795,רבבה,1,רבבה,המועדון הגדול,
3795,רבבה,2,רבבה,המועדון הגדול,
3822,רחלים,1,רחלים,מזכירות הישוב,
206,רמות השבים,1,בית העם,בית העם,"(32.1650562, 34.886623)"
206,רמות השבים,2,בית העם,בית העם,"(32.1650562, 34.886623)"
184,רמת הכובש,1,רמת הכובש,מועדון לחבר,
8700,רעננה,1,"החי""ל,46 ","ביה""ס ע""ש יגאל אלון","(32.1861141, 34.8637568)"
8700,רעננה,2,"רמח""ל,13 ","בי""ס עצמאי","(32.1864964, 34.8706886)"
8700,רעננה,3,"הפלמ""ח,2א",משכן עירוני למוזיקה ואומנויות,"(32.1888981, 34.8771713)"
8700,רעננה,4,"חזון איש,9 ",מועדון השחר,
8700,רעננה,5,"קרן היסוד,75 ",המועדון הכחול,"(32.1858789, 34.8717652)"
8700,רעננה,6,"קרן היסוד,75 ",המועדון הכחול,"(32.1858789, 34.8717652)"
8700,רעננה,7,"יפה אליעזר,14 ",בית ספר ממלכתי ברטוב,"(32.1827895, 34.8755105)"
8700,רעננה,8,"ששת הימים,25 ","בי""ס ממד אריאל","(32.1812019, 34.8868529)"
8700,רעננה,9,"שברץ,24 ","בי""ס דקל","(32.1805469, 34.8816766)"
8700,רעננה,10,"התקוה,2 ",מרכז קהילתי קשת,"(32.1960173, 34.8550672)"
8700,רעננה,11,"יאיר,3 ",מרכז קהילתי לב הפארק,"(32.1976241, 34.8479135)"
8700,רעננה,12,"רמח""ל,13 ","בי""ס עצמאי","(32.1864964, 34.8706886)"
8700,רעננה,13,"קרן היסוד,20 ","בי""ס היובל","(32.1879093, 34.8723412)"
8700,רעננה,14,"דובנוב,13 ","חט""ב השרון","(32.1767214, 34.873073)"
8700,רעננה,15,"רש""י,19 ","בי""ס יהונתן","(32.1754786, 34.8835302)"
8700,רעננה,16,"רש""י,19 ","בי""ס יהונתן","(32.1754786, 34.8835302)"
8700,רעננה,17,"דובנוב,13 ","חט""ב השרון","(32.1767214, 34.873073)"
8700,רעננה,18,"הפרחים,1 ",תיכון עירוני אביב,"(32.1801013, 34.8545597)"
8700,רעננה,19,"יפה אליעזר,14 ",בית ספר ממלכתי ברטוב,"(32.1827895, 34.8755105)"
8700,רעננה,20,"חפץ חיים,3 ","ממ""ד יבנה","(32.183631, 34.8675701)"
8700,רעננה,21,"שברץ,24 ","בי""ס דקל","(32.1805469, 34.8816766)"
8700,רעננה,22,"יפה אליעזר,14 ",בית ספר ממלכתי ברטוב,"(32.1827895, 34.8755105)"
8700,רעננה,23,"קרן היסוד,20 ","בי""ס היובל","(32.1879093, 34.8723412)"
8700,רעננה,24,"ששת הימים,25 ","בי""ס ממד אריאל","(32.1812019, 34.8868529)"
8700,רעננה,25,"אחוזה,105 ","בי""ס מגד","(32.1825932, 34.8655222)"
8700,רעננה,26,"יפה אליעזר,14 ",בית ספר ממלכתי ברטוב,"(32.1827895, 34.8755105)"
8700,רעננה,27,"אופסטרלנד,4 ",מרכז תרבות ופנאי,"(32.1807321, 34.8702768)"
8700,רעננה,28,"הפלמ""ח,2א",משכן עירוני למוזיקה ואומנויות,"(32.1888981, 34.8771713)"
8700,רעננה,29,"ששת הימים,25 ","בי""ס ממד אריאל","(32.1812019, 34.8868529)"
8700,רעננה,30,"קרן היסוד,20 ","בי""ס היובל","(32.1879093, 34.8723412)"
8700,רעננה,31,"חפץ חיים,3 ","ממ""ד יבנה","(32.183631, 34.8675701)"
8700,רעננה,32,"חפץ חיים,3 ","ממ""ד יבנה","(32.183631, 34.8675701)"
8700,רעננה,33,"הגדוד העברי,19 ","בי""ס הדר","(32.1840293, 34.8656101)"
8700,רעננה,34,"אופסטרלנד,4 ",מרכז תרבות ופנאי,"(32.1807321, 34.8702768)"
8700,רעננה,35,"החי""ל,46 ","ביה""ס ע""ש יגאל אלון","(32.1861141, 34.8637568)"
8700,רעננה,36,"התקוה,2 ",מרכז קהילתי קשת,"(32.1960173, 34.8550672)"
8700,רעננה,37,"הגדוד העברי,19 ","בי""ס הדר","(32.1840293, 34.8656101)"
8700,רעננה,38,"שברץ,24 ","בי""ס דקל","(32.1805469, 34.8816766)"
8700,רעננה,39,"התקוה,2 ",מרכז קהילתי קשת,"(32.1960173, 34.8550672)"
8700,רעננה,40,"שברץ,24 ","בי""ס דקל","(32.1805469, 34.8816766)"
8700,רעננה,41,"שברץ,24 ","בי""ס דקל","(32.1805469, 34.8816766)"
8700,רעננה,42,"הפלמ""ח,4 ","תיכון אמי""ת רננים","(32.1905668, 34.8760488)"
8700,רעננה,43,"חזון איש,9 ",מועדון השחר,
8700,רעננה,44,"ששת הימים,25 ","בי""ס ממד אריאל","(32.1812019, 34.8868529)"
8700,רעננה,45,"אחוזה,105 ","בי""ס מגד","(32.1825932, 34.8655222)"
8700,רעננה,46,"הפלמ""ח,4 ","תיכון אמי""ת רננים","(32.1905668, 34.8760488)"
8700,רעננה,47,"יפה אליעזר,14 ",בית ספר ממלכתי ברטוב,"(32.1827895, 34.8755105)"
8700,רעננה,48,"אוסטרובסקי,26 ","בי""ס אוסטרובסקי","(32.1779021, 34.8738483)"
8700,רעננה,49,"קלאוזנר,27 ","בי""ס זיו","(32.1782733, 34.8751648)"
8700,רעננה,50,"אוסטרובסקי,26 ","בי""ס אוסטרובסקי","(32.1779021, 34.8738483)"
8700,רעננה,51,"אחוזה,105 ","בי""ס מגד","(32.1825932, 34.8655222)"
8700,רעננה,52,"אחוזה,105 ","בי""ס מגד","(32.1825932, 34.8655222)"
8700,רעננה,53,"אוסטרובסקי,26 ","בי""ס אוסטרובסקי","(32.1779021, 34.8738483)"
8700,רעננה,54,"אוסטרובסקי,26 ","בי""ס אוסטרובסקי","(32.1779021, 34.8738483)"
8700,רעננה,55,"ביל""ו,15 ","ממ""ד בילו","(32.1792193, 34.8675929)"
8700,רעננה,56,"דיין משה,5 ","בי""ס רימון","(32.181425, 34.8634378)"
8700,רעננה,57,"קלאוזנר,27 ","בי""ס זיו","(32.1782733, 34.8751648)"
8700,רעננה,58,"דיין משה,5 ","בי""ס רימון","(32.181425, 34.8634378)"
8700,רעננה,59,"אחוזה,105 ","בי""ס מגד","(32.1825932, 34.8655222)"
8700,רעננה,60,"רש""י,19 ","בי""ס יהונתן","(32.1754786, 34.8835302)"
8700,רעננה,61,"הגדוד העברי,19 ","בי""ס הדר","(32.1840293, 34.8656101)"
8700,רעננה,62,"החי""ל,46 ","ביה""ס ע""ש יגאל אלון","(32.1861141, 34.8637568)"
8700,רעננה,63,"ביל""ו,15 ","ממ""ד בילו","(32.1792193, 34.8675929)"
8700,רעננה,64,"ביל""ו,15 ","ממ""ד בילו","(32.1792193, 34.8675929)"
8700,רעננה,65,"הפרחים,1 ",תיכון עירוני אביב,"(32.1801013, 34.8545597)"
8700,רעננה,66,"דיין משה,5 ","בי""ס רימון","(32.181425, 34.8634378)"
8700,רעננה,67,"הגדוד העברי,19 ","בי""ס הדר","(32.1840293, 34.8656101)"
8700,רעננה,68,"הגדוד העברי,19 ","בי""ס הדר","(32.1840293, 34.8656101)"
8700,רעננה,69,"החי""ל,46 ","ביה""ס ע""ש יגאל אלון","(32.1861141, 34.8637568)"
8700,רעננה,70,"סנה משה,21 ","בי""ס יסודי שקד","(32.194677, 34.8504712)"
8700,רעננה,71,"יאיר,3 ",מרכז קהילתי לב הפארק,"(32.1976241, 34.8479135)"
8700,רעננה,72,"יאיר,3 ",מרכז קהילתי לב הפארק,"(32.1976241, 34.8479135)"
8700,רעננה,73,"סנה משה,21 ","בי""ס יסודי שקד","(32.194677, 34.8504712)"
8700,רעננה,74,"התקוה,2 ",מרכז קהילתי קשת,"(32.1960173, 34.8550672)"
8700,רעננה,75,"הפלמ""ח,2א",משכן עירוני למוזיקה ואומנויות,"(32.1888981, 34.8771713)"
8700,רעננה,76,"הפלמ""ח,2א",משכן עירוני למוזיקה ואומנויות,"(32.1888981, 34.8771713)"
8700,רעננה,77,"הפלמ""ח,2א",משכן עירוני למוזיקה ואומנויות,"(32.1888981, 34.8771713)"
8700,רעננה,78,"סנה משה,21 ","בי""ס יסודי שקד","(32.194677, 34.8504712)"
8700,רעננה,79,"יאיר,3 ",מרכז קהילתי לב הפארק,"(32.1976241, 34.8479135)"
8700,רעננה,80,"רמח""ל,13 ","בי""ס עצמאי","(32.1864964, 34.8706886)"
8700,רעננה,81,"קרן היסוד,20 ","בי""ס היובל","(32.1879093, 34.8723412)"
8700,רעננה,82,"אוסטרובסקי,26 ","בי""ס אוסטרובסקי","(32.1779021, 34.8738483)"
8700,רעננה,83,"הגדוד העברי,19 ","בי""ס הדר","(32.1840293, 34.8656101)"
8700,רעננה,84,"הפלמ""ח,4 ","תיכון אמי""ת רננים","(32.1905668, 34.8760488)"
8700,רעננה,85,"החי""ל,46 ","ביה""ס ע""ש יגאל אלון","(32.1861141, 34.8637568)"
8700,רעננה,86,"סנה משה,21 ","בי""ס יסודי שקד","(32.194677, 34.8504712)"
8700,רעננה,87,"ששת הימים,25 ","בי""ס ממד אריאל","(32.1812019, 34.8868529)"
8700,רעננה,88,"דובנוב,13 ","חט""ב השרון","(32.1767214, 34.873073)"
8700,רעננה,89,"חפץ חיים,3 ","ממ""ד יבנה","(32.183631, 34.8675701)"
8700,רעננה,90,"הפלמ""ח,2א",משכן עירוני למוזיקה ואומנויות,"(32.1888981, 34.8771713)"
8700,רעננה,91,"ביל""ו,15 ","ממ""ד בילו","(32.1792193, 34.8675929)"
8700,רעננה,92,"דובנוב,13 ","חט""ב השרון","(32.1767214, 34.873073)"
8700,רעננה,93,"רש""י,19 ","בי""ס יהונתן","(32.1754786, 34.8835302)"
8700,רעננה,94,"שברץ,24 ","בי""ס דקל","(32.1805469, 34.8816766)"
8700,רעננה,95,"הפרחים,1 ",תיכון עירוני אביב,"(32.1801013, 34.8545597)"
8700,רעננה,96,"הפעמונים,11 ","ביה""ס פעמונים","(32.1811622, 34.8589534)"
8700,רעננה,97,"הפעמונים,11 ","ביה""ס פעמונים","(32.1811622, 34.8589534)"
8700,רעננה,98,"הפעמונים,11 ","ביה""ס פעמונים","(32.1811622, 34.8589534)"
8700,רעננה,99,"יעקב אורלנד,7 ",אשכול גנים,"(32.1940867, 34.8661244)"
8700,רעננה,100,"קלאוזנר,27 ","בי""ס זיו","(32.1782733, 34.8751648)"
8700,רעננה,101,"הפלמ""ח,4 ","תיכון אמי""ת רננים","(32.1905668, 34.8760488)"
8700,רעננה,102,"משה וילנסקי,64 ",אשכול גנים,"(32.1947993, 34.86406)"
8700,רעננה,103,"סשה ארגוב,12 ","בי""ס נווה זמר","(32.1934883, 34.8637452)"
8700,רעננה,104,"סשה ארגוב,12 ","בי""ס נווה זמר","(32.1934883, 34.8637452)"
8700,רעננה,105,"סשה ארגוב,12 ","בי""ס נווה זמר","(32.1934883, 34.8637452)"
8700,רעננה,106,"סשה ארגוב,12 ","בי""ס נווה זמר","(32.1934883, 34.8637452)"
8700,רעננה,107,"הפרחים,1 ",תיכון עירוני אביב,"(32.1801013, 34.8545597)"
8700,רעננה,108,"רמח""ל,13 ","בי""ס עצמאי","(32.1864964, 34.8706886)"
8700,רעננה,109,"הפלמ""ח,2א",משכן עירוני למוזיקה ואומנויות,"(32.1888981, 34.8771713)"
8700,רעננה,950,"קרן היסוד,75 ",המועדון הכחול,"(32.1858789, 34.8717652)"
8700,רעננה,990,"קלאוזנר,27 ","בי""ס זיו","(32.1782733, 34.8751648)"
284,שדה ורבורג,1,"דרך ההדרים,22 ",בית העם,
284,שדה ורבורג,2,"דרך ההדרים,22 ",בית העם,
2015,שדי חמד,1,סמטת שיטה,"מועדון חברים שע""י המזכירות",
3826,שער שומרון,1,בזלת,"בי""ס יסודי על שם רמון",
3826,שער שומרון,2,בזלת,"בי""ס יסודי על שם רמון",
3826,שער שומרון,3,בזלת,"בי""ס יסודי על שם רמון",
3826,שער שומרון,4,בזלת,"בי""ס יסודי על שם רמון",
3826,שער שומרון,5,בזלת,"בי""ס יסודי על שם רמון",
3826,שער שומרון,6,בזלת,"בי""ס יסודי על שם רמון",
3826,שער שומרון,101,"הערבה,2 ",מועדון פיס חדש,
3826,שער שומרון,102,"הברוש,13 ",ספריה במזכירות הישוב,
1275,אבטליון,1,אבטליון,מועדון,"(32.046688, 34.949773)"
785,אחיהוד,1,אחיהוד,בית העם,"(32.9165375, 35.1855203)"
529,אעבלין,1,אעבלין,"בי""ס ממלכתי א - מרכז הכפר","(32.8221688, 35.1907006)"
529,אעבלין,2,אעבלין,"בי""ס ממלכתי ג - שכונה צפונית","(32.8221688, 35.1907006)"
529,אעבלין,3,אעבלין,"בי""ס יסודי ב החדש","(32.8221688, 35.1907006)"
529,אעבלין,4,אעבלין,"בי""ס ממלכתי א - מרכז הכפר","(32.8221688, 35.1907006)"
529,אעבלין,5,"אעבלין,1 ","בי""ס אל אמל לחינוך מיוחד","(32.8234402, 35.1926705)"
529,אעבלין,6,אעבלין,"בי""ס חט""ב - שכונה דרומית","(32.8221688, 35.1907006)"
529,אעבלין,7,אעבלין,"מתנ""ס צפוני","(32.8221688, 35.1907006)"
529,אעבלין,8,אעבלין,מעון פייס לקשיש,"(32.8221688, 35.1907006)"
529,אעבלין,9,אעבלין,מעון פייס לקשיש,"(32.8221688, 35.1907006)"
529,אעבלין,10,"אעבלין,1 ","בי""ס אל אמל לחינוך מיוחד","(32.8234402, 35.1926705)"
529,אעבלין,11,אעבלין,"בי""ס חט""ב - שכונה דרומית","(32.8221688, 35.1907006)"
529,אעבלין,12,"אעבלין,1 ","בי""ס יסודי ד'","(32.8234402, 35.1926705)"
529,אעבלין,13,אעבלין,"בי""ס יסודי ב החדש","(32.8221688, 35.1907006)"
1276,אשבל,1,אשבל,חדר אוכל,
1188,אשחר,1,אשחר,מועדון,"(32.883966, 35.300338)"
1298,אתגר,1,אתגר,מזכירות,"(31.699111, 34.583865)"
998,ביר אל-מכסור,1,ביר אל-מכסור,"מתנ""ס ליד בנין המועצה","(32.7779335, 35.2221609)"
998,ביר אל-מכסור,2,ביר אל-מכסור,"מתנ""ס ליד בנין המועצה","(32.7779335, 35.2221609)"
998,ביר אל-מכסור,3,ביר אל-מכסור,"חט""ב","(32.7779335, 35.2221609)"
998,ביר אל-מכסור,4,"א-רוויכאת,26 ","בי""ס ממלכתי א",
998,ביר אל-מכסור,5,"א-רוויכאת,26 ","בי""ס ממלכתי א",
998,ביר אל-מכסור,6,ביר אל-מכסור,"חט""ב","(32.7779335, 35.2221609)"
998,ביר אל-מכסור,7,ביר אל-מכסור,"חט""ב","(32.7779335, 35.2221609)"
998,ביר אל-מכסור,8,ביר אל-מכסור,"חט""ב","(32.7779335, 35.2221609)"
998,ביר אל-מכסור,9,"א-רוויכאת,26 ","בי""ס ממלכתי א",
998,ביר אל-מכסור,10,"א-רוויכאת,26 ","בי""ס ממלכתי א",
480,בית ג'ן,1,"שניר,2 ",חט' ביניים שכ' חיילים משוחררים,
480,בית ג'ן,2,"שניר,2 ","בי""ס תיכון חיילים משוחררים",
480,בית ג'ן,3,בית ג'ן,בית ספר א' שכונה מזרחית,"(32.9608799, 35.3720132)"
480,בית ג'ן,4,בית ג'ן,בית ספר ב' שכונה מערבית,"(32.9608799, 35.3720132)"
480,בית ג'ן,5,בית ג'ן,בית ספר א' שכונה מזרחית,"(32.9608799, 35.3720132)"
480,בית ג'ן,6,בית ג'ן,בית ספר ב' שכונה מערבית,"(32.9608799, 35.3720132)"
480,בית ג'ן,7,"ברכת חאמד,10 ",בית ספר ג' שכונה צפונית,
480,בית ג'ן,8,"ברכת חאמד,10 ",בית ספר ג' שכונה צפונית,
480,בית ג'ן,9,"שניר,2 ","בי""ס תיכון חיילים משוחררים",
480,בית ג'ן,10,"שניר,2 ",חט' ביניים שכ' חיילים משוחררים,
480,בית ג'ן,11,בית ג'ן,מתנס (חדש) - ספריה,"(32.9608799, 35.3720132)"
480,בית ג'ן,12,בית ג'ן,מתנס (חדש) - ספריה,"(32.9608799, 35.3720132)"
480,בית ג'ן,13,בית ג'ן,מתנס (חדש) - ספריה,"(32.9608799, 35.3720132)"
483,בענה,1,בענה,"גן ילדים על יד בי""ס ממלכתי ב","(32.932866, 35.27061)"
483,בענה,2,בענה,"בי""ס ממלכתי ב'- רחוב הבריכה","(32.932866, 35.27061)"
483,בענה,3,בענה,"בי""ס ממלכתי א'","(32.932866, 35.27061)"
483,בענה,4,בענה,"בי""ס חטיבת ביניים שכ סוואעד","(32.932866, 35.27061)"
483,בענה,5,בענה,"בי""ס ממלכתי יסודי ג'","(32.932866, 35.27061)"
483,בענה,6,בענה,"מתנ""ס בענה","(32.932866, 35.27061)"
483,בענה,7,בענה,"בי""ס תיכון שכ' סוואד","(32.932866, 35.27061)"
483,בענה,8,בענה,"בי""ס ממלכתי יסודי ג'","(32.932866, 35.27061)"
1204,גילון,1,גילון,מועדון חברים,
1204,גילון,2,גילון,מועדון נוער,
490,דייר אל-אסד,1,דייר אל-אסד,"בי""ס ממלכתי א' אלעין",
490,דייר אל-אסד,2,דייר אל-אסד,"בי""ס ממלכתי ב' ע""ש אבן חלדון",
490,דייר אל-אסד,3,דייר אל-אסד,"בי""ס תיכון",
490,דייר אל-אסד,4,דייר אל-אסד,"בי""ס ממלכתי ב' ע""ש אבן חלדון",
490,דייר אל-אסד,5,דייר אל-אסד,"בי""ס יסודי ממלכתי ג ע""ש אלאפק",
490,דייר אל-אסד,6,דייר אל-אסד,"בי""ס ממלכתי א' אלעין",
490,דייר אל-אסד,7,דייר אל-אסד,"בי""ס יסודי ממלכתי ג ע""ש אלאפק",
490,דייר אל-אסד,8,דייר אל-אסד,"בי""ס יסודי ממלכתי ג ע""ש אלאפק",
490,דייר אל-אסד,9,דייר אל-אסד,מרכז קהילתי דייר אל - אסד,
490,דייר אל-אסד,10,דייר אל-אסד,מרכז קהילתי דייר אל - אסד,
490,דייר אל-אסד,11,דייר אל-אסד,"בי""ס ממלכתי א' אלעין",
490,דייר אל-אסד,12,דייר אל-אסד,"בי""ס תיכון",
490,דייר אל-אסד,13,דייר אל-אסד,"בי""ס ממלכתי ב' ע""ש אבן חלדון",
492,דייר חנא,1,דייר חנא,"בי""ס ממלכתי ב",
492,דייר חנא,2,דייר חנא,תיכון מקיף,
492,דייר חנא,3,דייר חנא,"בי""ס חט""ב אלמידאן",
492,דייר חנא,4,דייר חנא,"בי""ס ממלכתי א",
492,דייר חנא,5,דייר חנא,תיכון מקיף,
492,דייר חנא,6,דייר חנא,"בי""ס ממלכתי ב",
492,דייר חנא,7,דייר חנא,"בי""ס חט""ב אלקלעה שכ מערבית",
492,דייר חנא,8,דייר חנא,"בי""ס חט""ב אלקלעה שכ מערבית",
492,דייר חנא,9,דייר חנא,"בי""ס חט""ב אלמידאן",
492,דייר חנא,10,דייר חנא,"בי""ס חט""ב אלמידאן",
492,דייר חנא,11,דייר חנא,תיכון מקיף,
1317,דמיידה,1,דמיידה,מזכירות,
1249,הרדוף,1,הרדוף,"בי""ס הרדוף","(32.770223, 34.972987)"
1203,הררית,1,הררית,מועדון,"(32.84558, 35.365339)"
948,חוג'ייראת (ד'הרה),1,חוג'ייראת (ד'הרה),ביס חטיבת הבינים,
1332,חוסנייה,1,חוסנייה,מועדון רב-תכליתי,
8900,טמרה,1,טמרה,"בי""ס אלבירוני","(32.633028, 35.401886)"
8900,טמרה,2,טמרה,"בי""ס אלבירוני","(32.633028, 35.401886)"
8900,טמרה,3,טמרה,"בי""ס ממלכתי ד אלשריף","(32.633028, 35.401886)"
8900,טמרה,4,טמרה,חטיבת ביניים בן חלדון,"(32.633028, 35.401886)"
8900,טמרה,5,טמרה,"בי""ס מקיף אלביאן","(32.633028, 35.401886)"
8900,טמרה,6,טמרה,"בי""ס מקיף אלביאן","(32.633028, 35.401886)"
8900,טמרה,7,טמרה,"בי""ס מקיף אלביאן","(32.633028, 35.401886)"
8900,טמרה,8,טמרה,מרכז חינוך טכנולוגי- אבן רושד,"(32.633028, 35.401886)"
8900,טמרה,9,טמרה,"בי""ס יסודי ז' אלבוכארי","(32.633028, 35.401886)"
8900,טמרה,10,טמרה,חטיבת ביניים אגף ראשי אלפראבי,"(32.633028, 35.401886)"
8900,טמרה,11,טמרה,"בי""ס ממלכתי ד אלשריף","(32.633028, 35.401886)"
8900,טמרה,12,טמרה,"בי""ס תיכון אלבוארזמי","(32.633028, 35.401886)"
8900,טמרה,13,טמרה,"בי""ס תיכון אלבוארזמי","(32.633028, 35.401886)"
8900,טמרה,14,טמרה,מרכז חינוך טכנולוגי- אבן רושד,"(32.633028, 35.401886)"
8900,טמרה,15,טמרה,מרכז חינוך טכנולוגי- אבן רושד,"(32.633028, 35.401886)"
8900,טמרה,16,טמרה,"בי""ס אל נור","(32.633028, 35.401886)"
8900,טמרה,17,טמרה,"בי""ס אל נור","(32.633028, 35.401886)"
8900,טמרה,18,טמרה,חטיבת ביניים אגף ראשי אלפראבי,"(32.633028, 35.401886)"
8900,טמרה,19,"טמרה,1 ","בי""ס יסודי 9 אבן סינא",
8900,טמרה,20,"טמרה,1 ","בי""ס יסודי 9 אבן סינא",
8900,טמרה,21,טמרה,"בי""ס מקיף אלביאן","(32.633028, 35.401886)"
8900,טמרה,22,טמרה,"בי""ס ממלכתי ד אלשריף","(32.633028, 35.401886)"
8900,טמרה,23,טמרה,"בי""ס תיכון אלבוארזמי","(32.633028, 35.401886)"
8900,טמרה,24,טמרה,"בי""ס יסודי ב אבו אלרמאן","(32.633028, 35.401886)"
8900,טמרה,25,טמרה,חטיבת ביניים בן חלדון,"(32.633028, 35.401886)"
8900,טמרה,26,טמרה,"בי""ס ממלכתי ד אלשריף","(32.633028, 35.401886)"
8900,טמרה,27,טמרה,חטיבת ביניים אגף ראשי אלפראבי,"(32.633028, 35.401886)"
8900,טמרה,28,טמרה,חטיבת ביניים אגף ראשי אלפראבי,"(32.633028, 35.401886)"
8900,טמרה,29,טמרה,"בי""ס יסודי ב אבו אלרמאן","(32.633028, 35.401886)"
8900,טמרה,30,טמרה,"בי""ס אל נור","(32.633028, 35.401886)"
8900,טמרה,31,טמרה,"בי""ס אלבירוני","(32.633028, 35.401886)"
8900,טמרה,32,טמרה,"בי""ס ממלכתי ד אלשריף","(32.633028, 35.401886)"
1226,יובלים,1,יובלים,"מועדון נוער ע""ש פיליפ קרמר","(32.8797683, 35.273354)"
1226,יובלים,2,יובלים,"מועדון נוער ע""ש פיליפ קרמר","(32.8797683, 35.273354)"
1112,יודפת,1,יודפת,מזכירות-מועדון,"(32.8323135, 35.2777328)"
575,יסעור,1,יסעור,מועדון,"(32.9002755, 35.166082)"
1138,יעד,1,יעד,מועדון,"(32.878934, 35.243079)"
504,כאבול,1,כאבול,בית הספר תיכון כאבול,"(32.8685838, 35.2111948)"
504,כאבול,2,כאבול,"בי""ס יסודי ג' - אבן סינא","(32.8685838, 35.2111948)"
504,כאבול,3,כאבול,"בי""ס יסודי ב' אלחדיקה","(32.8685838, 35.2111948)"
504,כאבול,4,כאבול,"בי""ס יסודי ב' אלחדיקה","(32.8685838, 35.2111948)"
504,כאבול,5,כאבול,בית הספר תיכון כאבול,"(32.8685838, 35.2111948)"
504,כאבול,6,כאבול,בית הספר תיכון כאבול,"(32.8685838, 35.2111948)"
504,כאבול,7,כאבול,"בי""ס יסודי ג' - אבן סינא","(32.8685838, 35.2111948)"
504,כאבול,8,כאבול,"בי""ס יסודי ג' - אבן סינא","(32.8685838, 35.2111948)"
504,כאבול,9,כאבול,"בי""ס יסודי א' - אל נור","(32.8685838, 35.2111948)"
504,כאבול,10,כאבול,"בי""ס יסודי א' - אל נור","(32.8685838, 35.2111948)"
504,כאבול,11,כאבול,"בי""ס יסודי א' - אל נור","(32.8685838, 35.2111948)"
504,כאבול,12,כאבול,בית הספר תיכון כאבול,"(32.8685838, 35.2111948)"
504,כאבול,13,כאבול,בית הספר תיכון כאבול,"(32.8685838, 35.2111948)"
505,כאוכב אבו אל-היג'א,1,כאוכב אבו אל-היג'א,"בי""ס ממלכתי","(32.8309931, 35.248974)"
505,כאוכב אבו אל-היג'א,2,כאוכב אבו אל-היג'א,"בי""ס תיכון","(32.8309931, 35.248974)"
505,כאוכב אבו אל-היג'א,3,כאוכב אבו אל-היג'א,"בי""ס תיכון","(32.8309931, 35.248974)"
505,כאוכב אבו אל-היג'א,4,כאוכב אבו אל-היג'א,"בי""ס ממלכתי","(32.8309931, 35.248974)"
1331,כמאנה,1,כמאנה,מרכז קהילתי רב-תכליתי,"(32.9106372, 35.3453115)"
1331,כמאנה,2,כמאנה,מרכז קהילתי רב-תכליתי,"(32.9106372, 35.3453115)"
1201,כמון,1,כמון,מרכז קהילתי,"(32.9089197, 35.3617229)"
510,כפר מנדא,1,"כפר מנדא,1 ",בית ספר תיכון מדיין כפר מנדא,
510,כפר מנדא,2,כפר מנדא,אולם ספורט - אסעד עבדללה מורד,"(32.8050579, 35.2542488)"
510,כפר מנדא,3,כפר מנדא,"בי""ס אפאק","(32.8050579, 35.2542488)"
510,כפר מנדא,4,כפר מנדא,ביס אלסלאם,"(32.8050579, 35.2542488)"
510,כפר מנדא,5,"כפר מנדא,1 ",מועדון קשישים,
510,כפר מנדא,6,כפר מנדא,"בי""ס אבן סינא","(32.8050579, 35.2542488)"
510,כפר מנדא,7,כפר מנדא,"בי""ס אל-מותנבי","(32.8050579, 35.2542488)"
510,כפר מנדא,8,כפר מנדא,"בי""ס אל ראזי","(32.8050579, 35.2542488)"
510,כפר מנדא,9,כפר מנדא,טיפת חלב ג',"(32.8050579, 35.2542488)"
510,כפר מנדא,10,כפר מנדא,מרכז נוער,"(32.8050579, 35.2542488)"
510,כפר מנדא,11,כפר מנדא,ביס אלסלאם,"(32.8050579, 35.2542488)"
510,כפר מנדא,12,כפר מנדא,"בי""ס אלזייתון","(32.8050579, 35.2542488)"
510,כפר מנדא,13,"כפר מנדא,1 ",בית ספר תיכון מדיין כפר מנדא,
510,כפר מנדא,14,כפר מנדא,"בי""ס אל-מותנבי","(32.8050579, 35.2542488)"
510,כפר מנדא,15,כפר מנדא,"בי""ס אלזייתון","(32.8050579, 35.2542488)"
510,כפר מנדא,16,כפר מנדא,"בי""ס אבן סינא","(32.8050579, 35.2542488)"
510,כפר מנדא,17,כפר מנדא,ביס אלסלאם,"(32.8050579, 35.2542488)"
510,כפר מנדא,18,כפר מנדא,"בי""ס אלזייתון","(32.8050579, 35.2542488)"
510,כפר מנדא,19,"כפר מנדא,1 ",בית ספר תיכון מדיין כפר מנדא,
510,כפר מנדא,20,כפר מנדא,ביס אלסלאם,"(32.8050579, 35.2542488)"
510,כפר מנדא,21,כפר מנדא,"בי""ס אל-מותנבי","(32.8050579, 35.2542488)"
510,כפר מנדא,22,כפר מנדא,"בי""ס אחווה לחינוך מיוחד","(32.8050579, 35.2542488)"
510,כפר מנדא,23,כפר מנדא,"בי""ס אחווה לחינוך מיוחד","(32.8050579, 35.2542488)"
1139,כרמיאל,1,"הברושים,33 ","בי""ס הדקל","(32.915391, 35.2979851)"
1139,כרמיאל,2,"צה""ל,103 ","בי""ס תיכון לבנות נווה חווה","(32.9144738, 35.3026595)"
1139,כרמיאל,3,"צה""ל,103 ",מועדון קשישים,"(32.9144738, 35.3026595)"
1139,כרמיאל,4,"הגפן,8 ","בי""ס מוריה","(32.9151619, 35.3052604)"
1139,כרמיאל,5,"הפסגה,71 ","מתנ""ס מגדים","(32.9180256, 35.2981504)"
1139,כרמיאל,6,"הפסגה,71 ","בי""ס פסגות (אלון לשעבר)","(32.9180256, 35.2981504)"
1139,כרמיאל,7,"הגפן,8 ","בי""ס מוריה","(32.9151619, 35.3052604)"
1139,כרמיאל,8,"הברושים,33 ","בי""ס הדקל","(32.915391, 35.2979851)"
1139,כרמיאל,9,"הפסגה,71 ","בי""ס פסגות (אלון לשעבר)","(32.9180256, 35.2981504)"
1139,כרמיאל,10,"משעול נורית,10 ","בי""ס ניצנים (לשעבר בי""ס אשכול)",
1139,כרמיאל,11,"צה""ל,105 ","מתנ""ס - עירוני למחול-מרכז","(32.9135981, 35.3056005)"
1139,כרמיאל,12,"חוחית,71 ","בי""ס עמיחי","(32.9063925, 35.2847178)"
1139,כרמיאל,13,"אסיף,4 ","מתנ""ס גבעת רם","(32.9101009, 35.2747489)"
1139,כרמיאל,14,"בז,11 ","מתנ""ס מכוש","(32.9001999, 35.2931633)"
1139,כרמיאל,15,"צה""ל,103א","מרכז בילוי לנוער ע""ש ריימן","(32.9141146, 35.306166)"
1139,כרמיאל,16,"הברושים,33 ","בי""ס הדקל","(32.915391, 35.2979851)"
1139,כרמיאל,17,"הפסגה,71 ","בי""ס פסגות (אלון לשעבר)","(32.9180256, 35.2981504)"
1139,כרמיאל,18,"משעול נורית,10 ","בי""ס ניצנים (לשעבר בי""ס אשכול)",
1139,כרמיאל,19,"משעול נורית,10 ","בי""ס ניצנים (לשעבר בי""ס אשכול)",
1139,כרמיאל,20,"משעול נורית,2 ","מתנ""ס אשכול-מ.קהילתי לעדה האתי",
1139,כרמיאל,21,"הברושים,33 ","בי""ס הדקל","(32.915391, 35.2979851)"
1139,כרמיאל,22,"הברושים,33 ","בי""ס הדקל","(32.915391, 35.2979851)"
1139,כרמיאל,23,"צה""ל,103 ","בי""ס תיכון לבנות נווה חווה","(32.9144738, 35.3026595)"
1139,כרמיאל,24,"משעול הרקפות,8 ",מועדון התאחדות העולים,
1139,כרמיאל,25,"צה""ל,105 ","מתנ""ס - עירוני למחול-מרכז","(32.9135981, 35.3056005)"
1139,כרמיאל,26,"משעול נורית,10 ","בי""ס ניצנים (לשעבר בי""ס אשכול)",
1139,כרמיאל,27,"משעול נורית,10 ","בי""ס ניצנים (לשעבר בי""ס אשכול)",
1139,כרמיאל,28,"משעול נורית,2 ","מתנ""ס אשכול-מ.קהילתי לעדה האתי",
1139,כרמיאל,29,"משעול דולב,15 ","בי""ס האיריסים",
1139,כרמיאל,30,"משעול דולב,15 ","בי""ס האיריסים",
1139,כרמיאל,31,"חוחית,71 ","בי""ס עמיחי","(32.9063925, 35.2847178)"
1139,כרמיאל,32,"משעול דולב,15 ","בי""ס האיריסים",
1139,כרמיאל,33,"חוחית,71 ","בי""ס עמיחי","(32.9063925, 35.2847178)"
1139,כרמיאל,34,"שד קק""ל,100 ",עיריית כרמיאל לשכת רווחה,
1139,כרמיאל,35,"הפסגה,71 ","מתנ""ס מגדים","(32.9180256, 35.2981504)"
1139,כרמיאל,36,"הפסגה,71 ","מתנ""ס מגדים","(32.9180256, 35.2981504)"
1139,כרמיאל,37,"הפסגה,71 ","מתנ""ס מגדים","(32.9180256, 35.2981504)"
1139,כרמיאל,38,"עינב,21 ","בי""ס  ממלכתי כלנית","(32.9123994, 35.2883159)"
1139,כרמיאל,39,"עינב,21 ","בי""ס  ממלכתי כלנית","(32.9123994, 35.2883159)"
1139,כרמיאל,40,"קציר,71 ",מועדון עולים,"(32.917385, 35.272028)"
1139,כרמיאל,41,"מעלה אורט,15 ","בי""ס כרמים","(32.9106245, 35.2834562)"
1139,כרמיאל,42,"אסיף,4 ","מתנ""ס גבעת רם","(32.9101009, 35.2747489)"
1139,כרמיאל,43,"חטיבת יפתח,48 ","בי""ס אופק רמת רבין","(32.903957, 35.2772712)"
1139,כרמיאל,44,"מעלה אורט,15 ","בי""ס כרמים","(32.9106245, 35.2834562)"
1139,כרמיאל,45,"אסיף,4 ","מתנ""ס גבעת רם","(32.9101009, 35.2747489)"
1139,כרמיאל,46,"אסיף,4 ","מתנ""ס גבעת רם","(32.9101009, 35.2747489)"
1139,כרמיאל,47,"מעלה אורט,15 ","בי""ס כרמים","(32.9106245, 35.2834562)"
1139,כרמיאל,48,"אסיף,4 ","מתנ""ס גבעת רם","(32.9101009, 35.2747489)"
1139,כרמיאל,49,"קציר,71 ",מועדון עולים,"(32.917385, 35.272028)"
1139,כרמיאל,50,"בז,11 ","מתנ""ס מכוש","(32.9001999, 35.2931633)"
1139,כרמיאל,51,"בז,11 ","מתנ""ס מכוש","(32.9001999, 35.2931633)"
1139,כרמיאל,52,"מבצע אסף,3 ","בי""ס הרעות-רמת רבין","(32.9091958, 35.2805592)"
1139,כרמיאל,53,"חטיבת יפתח,48 ","בי""ס אופק רמת רבין","(32.903957, 35.2772712)"
1139,כרמיאל,54,"חטיבת יפתח,200 ","מתנ""ס רבין","(32.9067415, 35.2796739)"
1139,כרמיאל,55,"מבצע אסף,3 ","בי""ס הרעות-רמת רבין","(32.9091958, 35.2805592)"
1139,כרמיאל,56,"חטיבת יפתח,48 ","בי""ס אופק רמת רבין","(32.903957, 35.2772712)"
1139,כרמיאל,57,"מבצע אסף,3 ","בי""ס הרעות-רמת רבין","(32.9091958, 35.2805592)"
1139,כרמיאל,58,"חטיבת יפתח,200 ","מתנ""ס רבין","(32.9067415, 35.2796739)"
1139,כרמיאל,59,"מבצע אסף,3 ","בי""ס הרעות-רמת רבין","(32.9091958, 35.2805592)"
1139,כרמיאל,60,"חטיבת יפתח,48 ","בי""ס אופק רמת רבין","(32.903957, 35.2772712)"
1139,כרמיאל,61,"הפסגה,71 ","בי""ס פסגות (אלון לשעבר)","(32.9180256, 35.2981504)"
1139,כרמיאל,62,"שד קק""ל,100 ",עיריית כרמיאל לשכת רווחה,
1139,כרמיאל,63,"עינב,21 ","בי""ס  ממלכתי כלנית","(32.9123994, 35.2883159)"
1139,כרמיאל,64,"הפסגה,71 ","מתנ""ס מגדים","(32.9180256, 35.2981504)"
1139,כרמיאל,65,"איה,48 ",גן שקמה,"(32.9002401, 35.291777)"
1139,כרמיאל,66,"חוחית,71 ","בי""ס עמיחי","(32.9063925, 35.2847178)"
1139,כרמיאל,67,"חטיבת יפתח,48 ","בי""ס אופק רמת רבין","(32.903957, 35.2772712)"
1139,כרמיאל,68,"חטיבת יפתח,48 ","בי""ס אופק רמת רבין","(32.903957, 35.2772712)"
1139,כרמיאל,69,"איה,48 ",גן ערבה,"(32.9002401, 35.291777)"
1139,כרמיאל,950,"צה""ל,103 ","בי""ס תיכון לבנות נווה חווה","(32.9144738, 35.3026595)"
1139,כרמיאל,990,"צה""ל,105 ","מתנ""ס - עירוני למחול-מרכז","(32.9135981, 35.3056005)"
1171,לוטם,1,לוטם,מועדון,"(32.453291, 35.049699)"
516,מג'ד אל-כרום,1,מג'ד אל-כרום,"בי""ס ממלכתי א (אלסלאם)","(32.918247, 35.266429)"
516,מג'ד אל-כרום,2,מג'ד אל-כרום,"בי""ס ממלכתי א (אלסלאם)","(32.918247, 35.266429)"
516,מג'ד אל-כרום,3,מג'ד אל-כרום,"בי""ס יסודי אלמותנבי","(32.918247, 35.266429)"
516,מג'ד אל-כרום,4,מג'ד אל-כרום,"בי""ס ממלכתי א (אלסלאם)","(32.918247, 35.266429)"
516,מג'ד אל-כרום,5,מג'ד אל-כרום,"בי""ס יסודי אלמותנבי","(32.918247, 35.266429)"
516,מג'ד אל-כרום,6,מג'ד אל-כרום,"בי""ס יסודי אלמותנבי","(32.918247, 35.266429)"
516,מג'ד אל-כרום,7,"סינא,101 ","בי""ס ממלכתי ב (עומר בן אלחטאב)",
516,מג'ד אל-כרום,8,"סינא,101 ","בי""ס ממלכתי ב (עומר בן אלחטאב)",
516,מג'ד אל-כרום,9,"סינא,101 ","בי""ס ממלכתי ב (עומר בן אלחטאב)",
516,מג'ד אל-כרום,10,"סינא,101 ","בי""ס ממלכתי ב (עומר בן אלחטאב)",
516,מג'ד אל-כרום,11,מג'ד אל-כרום,מתנס מג'ד אל-כרום,"(32.918247, 35.266429)"
516,מג'ד אל-כרום,12,מג'ד אל-כרום,מתנס מג'ד אל-כרום,"(32.918247, 35.266429)"
516,מג'ד אל-כרום,13,מג'ד אל-כרום,מתנס מג'ד אל-כרום,"(32.918247, 35.266429)"
516,מג'ד אל-כרום,14,מג'ד אל-כרום,"בי""ס ממלכתי א (אלסלאם)","(32.918247, 35.266429)"
516,מג'ד אל-כרום,15,מג'ד אל-כרום,"בי""ס ממלכתי א (אלסלאם)","(32.918247, 35.266429)"
516,מג'ד אל-כרום,16,מג'ד אל-כרום,"בי""ס יסודי אלמותנבי","(32.918247, 35.266429)"
1163,מורן,1,מורן,מזכירות - חדר ישיבות,"(32.922786, 35.39111)"
1178,מורשת,1,מורשת,אולם חנה,"(32.8273908, 35.2337697)"
1178,מורשת,2,מורשת,אולם חנה,"(32.8273908, 35.2337697)"
1202,מכמנים,1,מכמנים,מועדון קהילתי,"(32.907546, 35.331349)"
1174,מנוף,1,מנוף,מועדון,"(32.854233, 35.237302)"
1222,"מצפה אבי""ב",1,"מצפה אבי""ב",מזכירות הישוב,
522,נחף,1,נחף,"בי""ס יסודי אלעין-נחף","(32.9346509, 35.3170091)"
522,נחף,2,נחף,"ביה""ס מקיף אבן סינא","(32.9346509, 35.3170091)"
522,נחף,3,נחף,"בי""ס מקיף אלרסאללה","(32.9346509, 35.3170091)"
522,נחף,4,נחף,"בי""ס מקיף אלרסאללה","(32.9346509, 35.3170091)"
522,נחף,5,נחף,"בי""ס יסודי ג'","(32.9346509, 35.3170091)"
522,נחף,6,נחף,מועדון פיס לקשיש,"(32.9346509, 35.3170091)"
522,נחף,7,נחף,"בי""ס יסודי אלעין-נחף","(32.9346509, 35.3170091)"
522,נחף,8,נחף,מועדון פיס לנוער,"(32.9346509, 35.3170091)"
522,נחף,9,נחף,"בי""ס יסודי ג'","(32.9346509, 35.3170091)"
522,נחף,10,נחף,"בי""ס סאמי עבד-אלסלאם","(32.9346509, 35.3170091)"
522,נחף,11,נחף,"בי""ס סאמי עבד-אלסלאם","(32.9346509, 35.3170091)"
522,נחף,12,נחף,"בי""ס סאמי עבד-אלסלאם","(32.9346509, 35.3170091)"
522,נחף,13,נחף,"בי""ס מקיף אלרסאללה","(32.9346509, 35.3170091)"
522,נחף,14,נחף,"בי""ס סאמי עבד-אלסלאם","(32.9346509, 35.3170091)"
525,סאג'ור,1,סאג'ור,"בי""ס חטיבת ביניים","(32.9420108, 35.3447234)"
525,סאג'ור,2,סאג'ור,"מתנ""ס סאג'ור","(32.9420108, 35.3447234)"
525,סאג'ור,3,סאג'ור,"בי""ס ממלכתי יסודי","(32.9420108, 35.3447234)"
525,סאג'ור,4,סאג'ור,"בי""ס ממלכתי יסודי","(32.9420108, 35.3447234)"
525,סאג'ור,5,סאג'ור,"בי""ס חטיבת ביניים","(32.9420108, 35.3447234)"
942,סואעד (חמרייה),1,סואעד (חמרייה),"מתנ""ס",
989,סואעד (כמאנה) (שבט),1,סואעד (כמאנה) (שבט),מועדון קהילתי,
7500,סח'נין,1,אלבלאנה,"בי""ס אבן חלדון",
7500,סח'נין,2,אלבלאנה,"בי""ס אבן חלדון",
7500,סח'נין,3,סח'נין,"בי""ס ממלכתי ה ואדי אלספא","(32.8618, 35.300478)"
7500,סח'נין,4,סח'נין,"ביה""ס ממ' א' אל-גדיר","(32.8618, 35.300478)"
7500,סח'נין,5,סח'נין,"בי""ס ממלכתי ב אלסלאם","(32.8618, 35.300478)"
7500,סח'נין,6,סח'נין,"בי""ס ממלכתי ב אלסלאם","(32.8618, 35.300478)"
7500,סח'נין,7,סח'נין,"בי""ס ממלכתי ג","(32.8618, 35.300478)"
7500,סח'נין,8,סח'נין,"בי""ס ממלכתי ג","(32.8618, 35.300478)"
7500,סח'נין,9,אל ג'אבה,"בי""ס אום כולתום",
7500,סח'נין,10,סח'נין,"ביה""ס ממ' א' אל-גדיר","(32.8618, 35.300478)"
7500,סח'נין,11,סח'נין,"בי""ס ממלכתי ד אלנגאח","(32.8618, 35.300478)"
7500,סח'נין,12,סח'נין,"בי""ס ממלכתי ה ואדי אלספא","(32.8618, 35.300478)"
7500,סח'נין,13,סח'נין,"בי""ס ממלכתי ב אלסלאם","(32.8618, 35.300478)"
7500,סח'נין,14,אל ג'אבה,"בי""ס אום כולתום",
7500,סח'נין,15,אלבלאנה,"בי""ס אבן חלדון",
7500,סח'נין,16,אלבלאנה,"בי""ס אבן חלדון",
7500,סח'נין,17,אלבלאנה,"בי""ס אבן חלדון",
7500,סח'נין,18,סח'נין,"בי""ס ממלכתי ה ואדי אלספא","(32.8618, 35.300478)"
7500,סח'נין,19,"אל חלאן,1 ","חט""ב ב'",
7500,סח'נין,20,סח'נין,"בי""ס ממלכתי ב אלסלאם","(32.8618, 35.300478)"
7500,סח'נין,21,"אל חלאן,1 ","חט""ב ב'",
7500,סח'נין,22,סח'נין,"חט""ב א' טהה חוסיין","(32.8618, 35.300478)"
7500,סח'נין,23,סח'נין,"חט""ב א' טהה חוסיין","(32.8618, 35.300478)"
7500,סח'נין,24,סח'נין,"חט""ב א' טהה חוסיין","(32.8618, 35.300478)"
7500,סח'נין,25,סח'נין,"ביה""ס ממ' א' אל-גדיר","(32.8618, 35.300478)"
7500,סח'נין,26,סח'נין,"בי""ס ממלכתי ד אלנגאח","(32.8618, 35.300478)"
7500,סח'נין,27,"אל חלאן,1 ","חט""ב ב'",
7500,סח'נין,28,אל ג'אבה,"בי""ס אום כולתום",
7500,סח'נין,29,אל ג'אבה,"בי""ס אום כולתום",
7500,סח'נין,30,אל ג'אבה,"בי""ס אום כולתום",
7500,סח'נין,31,אל ג'אבה,"בי""ס אום כולתום",
7500,סח'נין,32,סח'נין,"חט""ב א' טהה חוסיין","(32.8618, 35.300478)"
7500,סח'נין,33,סח'נין,"בי""ס ממלכתי ג","(32.8618, 35.300478)"
1245,סלמה,1,סלמה,ביס יסודי ואדי סלאמה,"(32.0547312, 34.7640401)"
1245,סלמה,2,סלמה,ביס יסודי ואדי סלאמה,"(32.0547312, 34.7640401)"
1245,סלמה,3,סלמה,ביס יסודי ואדי סלאמה,"(32.0547312, 34.7640401)"
1245,סלמה,4,סלמה,ביס יסודי ואדי סלאמה,"(32.0547312, 34.7640401)"
1199,עדי,1,עדי,מועדון/ אולם חבר,"(32.7818505, 35.1724921)"
1199,עדי,2,עדי,מועדון/ אולם חבר,"(32.7818505, 35.1724921)"
546,עין אל-אסד,1,עין אל-אסד,"בי""ס ממלכתי","(32.939488, 35.401134)"
917,עצמון שגב,1,עצמון שגב,מועדון ישוב עצמון,"(32.866649, 35.250703)"
917,עצמון שגב,2,עצמון שגב,מועדון ישוב עצמון,"(32.866649, 35.250703)"
531,עראבה,1,עראבה,"בי""ס ממלכתי ד","(32.8486259, 35.3358268)"
531,עראבה,2,עראבה,"בי""ס ממלכתי ד","(32.8486259, 35.3358268)"
531,עראבה,3,עראבה,"בי""ס ממלכתי א","(32.8486259, 35.3358268)"
531,עראבה,4,עראבה,"בי""ס ממלכתי א","(32.8486259, 35.3358268)"
531,עראבה,5,עראבה,"בי""ס ממלכתי ב","(32.8486259, 35.3358268)"
531,עראבה,6,"עראבה,1 ","בי""ס חטיבה ג'","(32.8486259, 35.3358268)"
531,עראבה,7,עראבה,"בי""ס ממלכתי ב","(32.8486259, 35.3358268)"
531,עראבה,8,עראבה,"בי""ס ממלכתי א","(32.8486259, 35.3358268)"
531,עראבה,9,עראבה,"בי""ס ממלכתי ד","(32.8486259, 35.3358268)"
531,עראבה,10,עראבה,ביס יסודי ראס אל עין,"(32.8486259, 35.3358268)"
531,עראבה,11,"עראבה,1 ","בי""ס חטיבה ג'","(32.8486259, 35.3358268)"
531,עראבה,12,עראבה,"בי""ס ממלכתי ב","(32.8486259, 35.3358268)"
531,עראבה,13,עראבה,מקיף אלבטוף,"(32.8486259, 35.3358268)"
531,עראבה,14,"עראבה,1 ","ביה""ס מ""מ אל בירוני","(32.8486259, 35.3358268)"
531,עראבה,15,עראבה,מקיף אלבטוף,"(32.8486259, 35.3358268)"
531,עראבה,16,"עראבה,1 ","ביה""ס מ""מ אל בירוני","(32.8486259, 35.3358268)"
531,עראבה,17,"עראבה,1 ","ביה""ס מ""מ אל בירוני","(32.8486259, 35.3358268)"
531,עראבה,18,עראבה,מקיף אלבטוף,"(32.8486259, 35.3358268)"
531,עראבה,19,עראבה,מקיף אלבטוף,"(32.8486259, 35.3358268)"
531,עראבה,20,"עראבה,1 ","ביה""ס מ""מ אל בירוני","(32.8486259, 35.3358268)"
531,עראבה,21,"עראבה,1 ","בי""ס חטיבה ג'","(32.8486259, 35.3358268)"
531,עראבה,22,עראבה,ביס יסודי ראס אל עין,"(32.8486259, 35.3358268)"
531,עראבה,23,עראבה,ביס יסודי ראס אל עין,"(32.8486259, 35.3358268)"
531,עראבה,24,עראבה,ביס יסודי ראס אל עין,"(32.8486259, 35.3358268)"
531,עראבה,25,"עראבה,1 ","בי""ס חטיבה ג'","(32.8486259, 35.3358268)"
531,עראבה,26,"עראבה,1 ","בי""ס חטיבה ג'","(32.8486259, 35.3358268)"
1335,ערב אל נעים,1,ערב אל נעים,בניין גני הילדים,
1180,צביה,1,צביה,כיתת לימוד,"(32.890923, 35.3312)"
1221,צורית,1,צורית,מועדון חברים,"(32.903012, 35.2499371)"
1179,קורנית,1,קורנית,מועדון,"(32.844825, 35.250796)"
543,ראמה,1,"עין אלאסראר,19 ","מע""ש הגליל",
543,ראמה,2,ראמה,"בי""ס תיכון ע""ש חנא מוויס","(32.9380204, 35.3669285)"
543,ראמה,3,"עין אלאסראר,19 ","מע""ש הגליל",
543,ראמה,4,ראמה,"בי""ס ממלכתי בנין ב - גני ילדים","(32.9380204, 35.3669285)"
543,ראמה,5,ראמה,"בי""ס תיכון ע""ש חנא מוויס","(32.9380204, 35.3669285)"
543,ראמה,6,ראמה,"בי""ס ממלכתי בנין ב - גני ילדים","(32.9380204, 35.3669285)"
543,ראמה,7,ראמה,"בי""ס תיכון ע""ש חנא מוויס","(32.9380204, 35.3669285)"
543,ראמה,8,ראמה,"בי""ס ממלכתי בנין א","(32.9380204, 35.3669285)"
543,ראמה,9,ראמה,"בי""ס ממלכתי בנין א","(32.9380204, 35.3669285)"
543,ראמה,10,ראמה,"בי""ס תיכון ע""ש חנא מוויס","(32.9380204, 35.3669285)"
1334,ראס אל-עין,1,ראס אל-עין,מזכירות,"(32.915005, 35.372386)"
1228,רקפת,1,רקפת,מזכירות,"(32.8567278, 35.2609315)"
1228,רקפת,2,רקפת,מזכירות,"(32.8567278, 35.2609315)"
1235,שורשים,1,שורשים,מועדון חברים,"(32.892005, 35.257223)"
527,שזור,1,שזור,מזכירות,"(32.9311191, 35.3535032)"
1160,שכניה,1,שכניה,מועדון,"(32.848033, 35.247297)"
538,שעב,1,שעב,"בי""ס תיכון ע""ש עפו פאעור","(32.8892085, 35.2380168)"
538,שעב,2,שעב,"מועדון פיס לקשיש-ע""י המועצה","(32.8892085, 35.2380168)"
538,שעב,3,שעב,"בי""ס תיכון ע""ש עפו פאעור","(32.8892085, 35.2380168)"
538,שעב,4,שעב,"בי""ס יסודי ב' שכונה מערבית","(32.8892085, 35.2380168)"
538,שעב,5,שעב,"בי""ס יסודי ב' שכונה מערבית","(32.8892085, 35.2380168)"
538,שעב,6,שעב,מועדון נוער,"(32.8892085, 35.2380168)"
538,שעב,7,שעב,מועדון נוער,"(32.8892085, 35.2380168)"
538,שעב,8,שעב,"בי""ס תיכון ע""ש עפו פאעור","(32.8892085, 35.2380168)"
8800,שפרעם,1,שפרעם,"בי""ס ממלכתי ד' - עג'רוש","(32.8033274, 35.1959994)"
8800,שפרעם,2,שפרעם,"בי""ס ממלכתי ד' - עג'רוש","(32.8033274, 35.1959994)"
8800,שפרעם,3,שפרעם,"בי""ס אלבורג'","(32.8033274, 35.1959994)"
8800,שפרעם,4,"מרכז מסחר-ע עתיקה,1 ","בי""ס קתולי חדש",
8800,שפרעם,5,"מרכז מסחר-ע עתיקה,1 ","בי""ס קתולי חדש",
8800,שפרעם,6,שפרעם,"בי""ס ממלכתי ה' - עין עאפיה","(32.8033274, 35.1959994)"
8800,שפרעם,7,שפרעם,"בי""ס ממלכתי א' - אלעין","(32.8033274, 35.1959994)"
8800,שפרעם,8,שפרעם,"בי""ס ממלכתי א' - אלעין","(32.8033274, 35.1959994)"
8800,שפרעם,9,שפרעם,"בי""ס טכנולוגי עמל - אלעין","(32.8033274, 35.1959994)"
8800,שפרעם,10,שפרעם,"בי""ס יסודי מרשאן","(32.8033274, 35.1959994)"
8800,שפרעם,11,שפרעם,"בי""ס אלבורג'","(32.8033274, 35.1959994)"
8800,שפרעם,12,שפרעם,"בי""ס ממלכתי ב' ע""ש ג'בור ג'בור","(32.8033274, 35.1959994)"
8800,שפרעם,13,שפרעם,"בי""ס ממלכתי ב' ע""ש ג'בור ג'בור","(32.8033274, 35.1959994)"
8800,שפרעם,14,שפרעם,"בי""ס ממלכתי ב' ע""ש ג'בור ג'בור","(32.8033274, 35.1959994)"
8800,שפרעם,15,תופיק זיאד,"בי""ס תיכון עירוני שפרעם","(32.7956913, 35.1877044)"
8800,שפרעם,16,תופיק זיאד,"בי""ס תיכון עירוני שפרעם","(32.7956913, 35.1877044)"
8800,שפרעם,17,תופיק זיאד,"בי""ס תיכון עירוני שפרעם","(32.7956913, 35.1877044)"
8800,שפרעם,18,תופיק זיאד,"בי""ס חט""ב ע""ש עאטף חטיב","(32.7956913, 35.1877044)"
8800,שפרעם,19,שפרעם,"בי""ס מקיף עירוני א'-סאלח חניפס","(32.8033274, 35.1959994)"
8800,שפרעם,20,שפרעם,מרכז תרבות - מזרחי,"(32.8033274, 35.1959994)"
8800,שפרעם,21,שפרעם,"בי""ס ממלכתי ה' - עין עאפיה","(32.8033274, 35.1959994)"
8800,שפרעם,22,שפרעם,"בי""ס יסודי ג'","(32.8033274, 35.1959994)"
8800,שפרעם,23,שפרעם,"בי""ס יסודי ג'","(32.8033274, 35.1959994)"
8800,שפרעם,24,ג'בור יוסף ג'בור,"בי""ס ממלכתי ו' (אל מכתב) ג'בור",
8800,שפרעם,25,שפרעם,"בי""ס טכנולוגי עמל - אלעין","(32.8033274, 35.1959994)"
8800,שפרעם,26,ג'בור יוסף ג'בור,"בי""ס ממלכתי ו' (אל מכתב) ג'בור",
8800,שפרעם,27,שפרעם,מרכז תרבות - מזרחי,"(32.8033274, 35.1959994)"
8800,שפרעם,28,תופיק זיאד,"בי""ס חט""ב ע""ש עאטף חטיב","(32.7956913, 35.1877044)"
8800,שפרעם,29,ג'בור יוסף ג'בור,"בי""ס ממלכתי ו' (אל מכתב) ג'בור",
8800,שפרעם,30,שפרעם,"בי""ס מקיף עירוני א'-סאלח חניפס","(32.8033274, 35.1959994)"
8800,שפרעם,31,שפרעם,מרכז תרבות - מזרחי,"(32.8033274, 35.1959994)"
8800,שפרעם,32,"מרכז מסחר-ע עתיקה,1 ","בי""ס קתולי חדש",
8800,שפרעם,33,שפרעם,"בי""ס מקיף עירוני א'-סאלח חניפס","(32.8033274, 35.1959994)"
8800,שפרעם,34,שפרעם,"בי""ס יסודי ג'","(32.8033274, 35.1959994)"
8800,שפרעם,35,שפרעם,"בי""ס ממלכתי א' - אלעין","(32.8033274, 35.1959994)"
8800,שפרעם,36,"מרכז מסחר-ע עתיקה,1 ","בי""ס קתולי חדש",
8800,שפרעם,37,שפרעם,"בי""ס אלבורג'","(32.8033274, 35.1959994)"
8800,שפרעם,38,אבו שהאב,"בי""ס מקיף ד - אבו שהאב","(32.807138, 35.189912)"
8800,שפרעם,39,אבו שהאב,"בי""ס מקיף ד - אבו שהאב","(32.807138, 35.189912)"
8800,שפרעם,40,שפרעם,מרכז תרבות - מזרחי,"(32.8033274, 35.1959994)"
8800,שפרעם,41,"מרכז מסחר-ע עתיקה,1 ","בי""ס קתולי חדש",
8800,שפרעם,42,שפרעם,"בי""ס יסודי מרשאן","(32.8033274, 35.1959994)"
8800,שפרעם,43,שפרעם,"בי""ס יסודי מרשאן","(32.8033274, 35.1959994)"